[15mai.2026 20:39:05.006] [main/INFO] [net.neoforged.fml.startup.Entrypoint/]: JVM Uptime at startup: 175ms
[15mai.2026 20:39:05.020] [main/INFO] [net.neoforged.fml.loading.FMLLoader/]: Starting FancyModLoader version 11.0.13 (CLIENT in DEV)
[15mai.2026 20:39:05.022] [main/INFO] [net.neoforged.fml.loading.FMLLoader/]: Game directory: C:\Users\arthu\Downloads\Cursed Energy\ce-26.x\run
[15mai.2026 20:39:05.023] [main/DEBUG] [net.neoforged.fml.loading.FMLPaths/CORE]: Path GAMEDIR is C:\Users\arthu\Downloads\Cursed Energy\ce-26.x\run
[15mai.2026 20:39:05.023] [main/DEBUG] [net.neoforged.fml.loading.FMLPaths/CORE]: Path JIJ_CACHEDIR is C:\Users\arthu\Downloads\Cursed Energy\ce-26.x\run\.cache\jij
[15mai.2026 20:39:05.024] [main/DEBUG] [net.neoforged.fml.loading.FMLPaths/CORE]: Path MODSDIR is C:\Users\arthu\Downloads\Cursed Energy\ce-26.x\run\mods
[15mai.2026 20:39:05.024] [main/DEBUG] [net.neoforged.fml.loading.FMLPaths/CORE]: Path CONFIGDIR is C:\Users\arthu\Downloads\Cursed Energy\ce-26.x\run\config
[15mai.2026 20:39:05.024] [main/DEBUG] [net.neoforged.fml.loading.FMLPaths/CORE]: Path FMLCONFIG is C:\Users\arthu\Downloads\Cursed Energy\ce-26.x\run\config\fml.toml
[15mai.2026 20:39:05.075] [main/DEBUG] [net.neoforged.fml.loading.EarlyServiceDiscovery/]: C:\Users\arthu\.gradle\caches\modules-2\files-2.1\net.neoforged.fancymodloader\loader\11.0.13\c9c89eaf35535990110088224d188748d81eaecf\loader-11.0.13.jar contains early service net.neoforged.neoforgespi.locating.IModFileReader
[15mai.2026 20:39:05.075] [ForkJoinPool.commonPool-worker-5/DEBUG] [net.neoforged.fml.loading.EarlyServiceDiscovery/]: C:\Users\arthu\.gradle\caches\modules-2\files-2.1\net.neoforged.fancymodloader\earlydisplay\11.0.13\491a1bedecb33802fa118cae384b60f91f6f0241\earlydisplay-11.0.13.jar contains early service net.neoforged.neoforgespi.earlywindow.ImmediateWindowProvider
[15mai.2026 20:39:05.087] [main/DEBUG] [net.neoforged.fml.loading.moddiscovery.ModFile/LOADING]: Loading mod file C:\Users\arthu\.gradle\caches\modules-2\files-2.1\net.neoforged.fancymodloader\loader\11.0.13\c9c89eaf35535990110088224d188748d81eaecf\loader-11.0.13.jar with languages []
[15mai.2026 20:39:05.087] [ForkJoinPool.commonPool-worker-5/DEBUG] [net.neoforged.fml.loading.moddiscovery.ModFile/LOADING]: Loading mod file C:\Users\arthu\.gradle\caches\modules-2\files-2.1\net.neoforged.fancymodloader\earlydisplay\11.0.13\491a1bedecb33802fa118cae384b60f91f6f0241\earlydisplay-11.0.13.jar with languages []
[15mai.2026 20:39:05.089] [main/INFO] [net.neoforged.fml.loading.EarlyServiceDiscovery/]: Found 2 early service jars (out of 121) in 32ms
[15mai.2026 20:39:05.090] [main/INFO] [net.neoforged.fml.loading.FMLLoader/]: Loading FML Early Services:
[15mai.2026 20:39:05.090] [main/INFO] [net.neoforged.fml.loading.FMLLoader/]:  - C:/Users/arthu/.gradle/caches/modules-2/files-2.1/net.neoforged.fancymodloader/loader/11.0.13/c9c89eaf35535990110088224d188748d81eaecf/loader-11.0.13.jar
[15mai.2026 20:39:05.092] [main/INFO] [net.neoforged.fml.loading.FMLLoader/]:  - C:/Users/arthu/.gradle/caches/modules-2/files-2.1/net.neoforged.fancymodloader/earlydisplay/11.0.13/491a1bedecb33802fa118cae384b60f91f6f0241/earlydisplay-11.0.13.jar
[15mai.2026 20:39:05.098] [main/DEBUG] [net.neoforged.fml.util.ServiceLoaderUtil/CORE]: Found 0 implementations of GraphicsBootstrapper:
[15mai.2026 20:39:05.098] [main/INFO] [net.neoforged.fml.loading.ImmediateWindowHandler/]: Loading ImmediateWindowProvider fmlearlywindow
[15mai.2026 20:39:05.104] [main/DEBUG] [net.neoforged.fml.util.ServiceLoaderUtil/CORE]: Found 1 implementations of ImmediateWindowProvider:
[15mai.2026 20:39:05.104] [main/DEBUG] [net.neoforged.fml.util.ServiceLoaderUtil/CORE]: 	net.neoforged.fml.earlydisplay.DisplayWindow from C:/Users/arthu/.gradle/caches/modules-2/files-2.1/net.neoforged.fancymodloader/earlydisplay/11.0.13/491a1bedecb33802fa118cae384b60f91f6f0241/earlydisplay-11.0.13.jar
[15mai.2026 20:39:05.146] [main/DEBUG] [net.neoforged.fml.earlydisplay.theme.ThemeLoader/]: Loading built-in theme default
[15mai.2026 20:39:05.571] [ForkJoinPool.commonPool-worker-4/DEBUG] [net.neoforged.fml.util.ServiceLoaderUtil/CORE]: Found 4 implementations of IModFileCandidateLocator:
[15mai.2026 20:39:05.572] [ForkJoinPool.commonPool-worker-4/DEBUG] [net.neoforged.fml.util.ServiceLoaderUtil/CORE]: 	    1000 - [built-in] net.neoforged.fml.loading.moddiscovery.locators.GameLocator from C:/Users/arthu/.gradle/caches/modules-2/files-2.1/net.neoforged.fancymodloader/loader/11.0.13/c9c89eaf35535990110088224d188748d81eaecf/loader-11.0.13.jar
[15mai.2026 20:39:05.572] [ForkJoinPool.commonPool-worker-4/DEBUG] [net.neoforged.fml.util.ServiceLoaderUtil/CORE]: 	    1000 - [built-in] net.neoforged.fml.loading.moddiscovery.locators.InDevFolderLocator from C:/Users/arthu/.gradle/caches/modules-2/files-2.1/net.neoforged.fancymodloader/loader/11.0.13/c9c89eaf35535990110088224d188748d81eaecf/loader-11.0.13.jar
[15mai.2026 20:39:05.573] [ForkJoinPool.commonPool-worker-4/DEBUG] [net.neoforged.fml.util.ServiceLoaderUtil/CORE]: 	    1000 - [built-in] net.neoforged.fml.loading.moddiscovery.locators.InDevJarLocator from C:/Users/arthu/.gradle/caches/modules-2/files-2.1/net.neoforged.fancymodloader/loader/11.0.13/c9c89eaf35535990110088224d188748d81eaecf/loader-11.0.13.jar
[15mai.2026 20:39:05.573] [ForkJoinPool.commonPool-worker-4/DEBUG] [net.neoforged.fml.util.ServiceLoaderUtil/CORE]: 	       0 - [built-in] net.neoforged.fml.loading.moddiscovery.locators.ModsFolderLocator from C:/Users/arthu/.gradle/caches/modules-2/files-2.1/net.neoforged.fancymodloader/loader/11.0.13/c9c89eaf35535990110088224d188748d81eaecf/loader-11.0.13.jar
[15mai.2026 20:39:05.575] [ForkJoinPool.commonPool-worker-4/DEBUG] [net.neoforged.fml.util.ServiceLoaderUtil/CORE]: Found 2 implementations of IModFileReader:
[15mai.2026 20:39:05.575] [ForkJoinPool.commonPool-worker-4/DEBUG] [net.neoforged.fml.util.ServiceLoaderUtil/CORE]: 	       0 - net.neoforged.fml.loading.moddiscovery.readers.JarModsDotTomlModFileReader from C:/Users/arthu/.gradle/caches/modules-2/files-2.1/net.neoforged.fancymodloader/loader/11.0.13/c9c89eaf35535990110088224d188748d81eaecf/loader-11.0.13.jar
[15mai.2026 20:39:05.575] [ForkJoinPool.commonPool-worker-4/DEBUG] [net.neoforged.fml.util.ServiceLoaderUtil/CORE]: 	   -1000 - net.neoforged.fml.loading.moddiscovery.readers.NestedLibraryModReader from C:/Users/arthu/.gradle/caches/modules-2/files-2.1/net.neoforged.fancymodloader/loader/11.0.13/c9c89eaf35535990110088224d188748d81eaecf/loader-11.0.13.jar
[15mai.2026 20:39:05.578] [ForkJoinPool.commonPool-worker-4/DEBUG] [net.neoforged.fml.util.ServiceLoaderUtil/CORE]: Found 1 implementations of IDependencyLocator:
[15mai.2026 20:39:05.578] [ForkJoinPool.commonPool-worker-4/DEBUG] [net.neoforged.fml.util.ServiceLoaderUtil/CORE]: 	       0 - net.neoforged.fml.loading.moddiscovery.locators.JarInJarDependencyLocator from C:/Users/arthu/.gradle/caches/modules-2/files-2.1/net.neoforged.fancymodloader/loader/11.0.13/c9c89eaf35535990110088224d188748d81eaecf/loader-11.0.13.jar
[15mai.2026 20:39:05.612] [ForkJoinPool.commonPool-worker-4/DEBUG] [net.neoforged.fml.loading.moddiscovery.locators.RequiredSystemFiles/]: Found NeoForge MANIFEST.MF in jar(C:/Users/arthu/.gradle/caches/modules-2/files-2.1/net.neoforged/neoforge/26.1.2.55-beta/254d7a874527097de6dc8eed62ae4397697677e2/neoforge-26.1.2.55-beta-universal.jar)
[15mai.2026 20:39:05.613] [ForkJoinPool.commonPool-worker-4/INFO] [net.neoforged.fml.loading.moddiscovery.locators.GameLocator/]: Detected a joined NeoForge and Minecraft configuration. Applying filtering...
[15mai.2026 20:39:05.655] [fml-loadingscreen/INFO] [net.neoforged.fml.earlydisplay.render.LoadingScreenRenderer/]: GL info: AMD Radeon(TM) Graphics GL version 3.3.0 Core Profile Context 26.1.1.251211, ATI Technologies Inc.
[15mai.2026 20:39:05.676] [ForkJoinPool.commonPool-worker-4/DEBUG] [net.neoforged.fml.loading.moddiscovery.ModFileInfo/LOADING]: Found valid mod file minecraft-patched-26.1.2.55-beta.jar with {minecraft} mods - versions {26.1.2}
[15mai.2026 20:39:05.677] [ForkJoinPool.commonPool-worker-4/DEBUG] [net.neoforged.fml.loading.moddiscovery.ModFile/LOADING]: Loading mod file C:\Users\arthu\Downloads\Cursed Energy\ce-26.x\build\moddev\artifacts\minecraft-patched-26.1.2.55-beta.jar with languages [LanguageSpec[languageName=minecraft, acceptedVersions=1]]
[15mai.2026 20:39:05.679] [ForkJoinPool.commonPool-worker-4/DEBUG] [net.neoforged.fml.loading.moddiscovery.ModFileParser/LOADING]: Considering mod file candidate C:\Users\arthu\.gradle\caches\modules-2\files-2.1\net.neoforged\neoforge\26.1.2.55-beta\254d7a874527097de6dc8eed62ae4397697677e2\neoforge-26.1.2.55-beta-universal.jar
[15mai.2026 20:39:05.683] [ForkJoinPool.commonPool-worker-4/DEBUG] [net.neoforged.fml.loading.moddiscovery.ModFileInfo/LOADING]: Found valid mod file neoforge-26.1.2.55-beta-universal.jar with {neoforge} mods - versions {26.1.2.55-beta}
[15mai.2026 20:39:05.683] [ForkJoinPool.commonPool-worker-4/DEBUG] [net.neoforged.fml.loading.moddiscovery.ModFile/LOADING]: Loading mod file C:\Users\arthu\.gradle\caches\modules-2\files-2.1\net.neoforged\neoforge\26.1.2.55-beta\254d7a874527097de6dc8eed62ae4397697677e2\neoforge-26.1.2.55-beta-universal.jar with languages [LanguageSpec[languageName=javafml, acceptedVersions=[3,]]]
[15mai.2026 20:39:05.686] [ForkJoinPool.commonPool-worker-4/DEBUG] [net.neoforged.fml.loading.moddiscovery.ModFile/LOADING]: Found mixin config MixinConfig[config=neoforge.mixins.json, requiredMods=[], behaviorVersion=null]
[15mai.2026 20:39:05.687] [ForkJoinPool.commonPool-worker-4/INFO] [net.neoforged.fml.loading.moddiscovery.locators.InDevFolderLocator/CORE]: Got mod coordinates ce%%C:\Users\arthu\Downloads\Cursed Energy\ce-26.x\build\classes\java\main;ce%%C:\Users\arthu\Downloads\Cursed Energy\ce-26.x\build\resources\main from env
[15mai.2026 20:39:05.693] [ForkJoinPool.commonPool-worker-4/DEBUG] [net.neoforged.fml.loading.moddiscovery.ModFileParser/LOADING]: Considering mod file candidate C:\Users\arthu\Downloads\Cursed Energy\ce-26.x\build\classes\java\main
[15mai.2026 20:39:05.698] [ForkJoinPool.commonPool-worker-4/DEBUG] [net.neoforged.fml.loading.moddiscovery.ModFileInfo/LOADING]: Found valid mod file main with {ce} mods - versions {0.0.1-26.1.2}
[15mai.2026 20:39:05.699] [ForkJoinPool.commonPool-worker-4/DEBUG] [net.neoforged.fml.loading.moddiscovery.ModFile/LOADING]: Loading mod file C:\Users\arthu\Downloads\Cursed Energy\ce-26.x\build\classes\java\main with languages [LanguageSpec[languageName=null, acceptedVersions=null]]
[15mai.2026 20:39:05.699] [ForkJoinPool.commonPool-worker-4/DEBUG] [net.neoforged.fml.loading.moddiscovery.ModFile/LOADING]: Found mixin config MixinConfig[config=ce.mixins.json, requiredMods=[], behaviorVersion=null]
[15mai.2026 20:39:05.702] [ForkJoinPool.commonPool-worker-4/DEBUG] [net.neoforged.fml.loading.moddiscovery.ModFileParser/LOADING]: Considering mod file candidate C:\Users\arthu\Downloads\Cursed Energy\ce-26.x\libs\palladium-5.0.0+26.1.2.jar
[15mai.2026 20:39:05.704] [ForkJoinPool.commonPool-worker-4/DEBUG] [net.neoforged.fml.loading.moddiscovery.ModFileInfo/LOADING]: Found valid mod file palladium-5.0.0+26.1.2.jar with {palladium} mods - versions {5.0.0}
[15mai.2026 20:39:05.704] [ForkJoinPool.commonPool-worker-4/DEBUG] [net.neoforged.fml.loading.moddiscovery.ModFile/LOADING]: Loading mod file C:\Users\arthu\Downloads\Cursed Energy\ce-26.x\libs\palladium-5.0.0+26.1.2.jar with languages [LanguageSpec[languageName=null, acceptedVersions=null]]
[15mai.2026 20:39:05.704] [ForkJoinPool.commonPool-worker-4/DEBUG] [net.neoforged.fml.loading.moddiscovery.ModFile/LOADING]: Found mixin config MixinConfig[config=palladium.mixins.json, requiredMods=[], behaviorVersion=null]
[15mai.2026 20:39:05.705] [ForkJoinPool.commonPool-worker-4/DEBUG] [net.neoforged.fml.loading.moddiscovery.ModFileParser/LOADING]: Considering mod file candidate C:\Users\arthu\Downloads\Cursed Energy\ce-26.x\libs\PlayerAnimationLibMerged-1.2.3+mc.26.1.jar
[15mai.2026 20:39:05.706] [ForkJoinPool.commonPool-worker-4/DEBUG] [net.neoforged.fml.loading.moddiscovery.ModFileInfo/LOADING]: Found valid mod file PlayerAnimationLibMerged-1.2.3+mc.26.1.jar with {player_animation_library} mods - versions {1.2.3+mc.26.1}
[15mai.2026 20:39:05.707] [ForkJoinPool.commonPool-worker-4/DEBUG] [net.neoforged.fml.loading.moddiscovery.ModFile/LOADING]: Loading mod file C:\Users\arthu\Downloads\Cursed Energy\ce-26.x\libs\PlayerAnimationLibMerged-1.2.3+mc.26.1.jar with languages [LanguageSpec[languageName=javafml, acceptedVersions=*]]
[15mai.2026 20:39:05.707] [ForkJoinPool.commonPool-worker-4/DEBUG] [net.neoforged.fml.loading.moddiscovery.ModFile/LOADING]: Found mixin config MixinConfig[config=player_animation_library.mixins.json, requiredMods=[], behaviorVersion=null]
[15mai.2026 20:39:05.707] [ForkJoinPool.commonPool-worker-4/DEBUG] [net.neoforged.fml.loading.moddiscovery.ModDiscoverer/]: Skipping C:\Users\arthu\Downloads\Cursed Energy\ce-26.x\build\moddev\artifacts\minecraft-patched-26.1.2.55-beta.jar because it was already located earlier
[15mai.2026 20:39:05.708] [ForkJoinPool.commonPool-worker-4/DEBUG] [net.neoforged.fml.loading.moddiscovery.ModDiscoverer/]: Skipping C:\Users\arthu\.gradle\caches\modules-2\files-2.1\net.neoforged\neoforge\26.1.2.55-beta\254d7a874527097de6dc8eed62ae4397697677e2\neoforge-26.1.2.55-beta-universal.jar because it was already located earlier
[15mai.2026 20:39:05.747] [ForkJoinPool.commonPool-worker-4/DEBUG] [net.neoforged.fml.loading.moddiscovery.ModFileParser/LOADING]: Considering mod file candidate C:\Users\arthu\Downloads\Cursed Energy\ce-26.x\run\mods\BadOptimizations-2.4.1-26.1-forge.jar
[15mai.2026 20:39:05.748] [ForkJoinPool.commonPool-worker-4/DEBUG] [net.neoforged.fml.loading.moddiscovery.ModFileInfo/LOADING]: Found valid mod file BadOptimizations-2.4.1-26.1-forge.jar with {badoptimizations} mods - versions {2.4.1}
[15mai.2026 20:39:05.749] [ForkJoinPool.commonPool-worker-4/DEBUG] [net.neoforged.fml.loading.moddiscovery.ModFile/LOADING]: Loading mod file C:\Users\arthu\Downloads\Cursed Energy\ce-26.x\run\mods\BadOptimizations-2.4.1-26.1-forge.jar with languages [LanguageSpec[languageName=javafml, acceptedVersions=[1,)]]
[15mai.2026 20:39:05.749] [ForkJoinPool.commonPool-worker-4/DEBUG] [net.neoforged.fml.loading.moddiscovery.ModFile/LOADING]: Found mixin config MixinConfig[config=badoptimizations.mixins.json, requiredMods=[], behaviorVersion=null]
[15mai.2026 20:39:05.750] [ForkJoinPool.commonPool-worker-4/DEBUG] [net.neoforged.fml.loading.moddiscovery.ModFileParser/LOADING]: Considering mod file candidate C:\Users\arthu\Downloads\Cursed Energy\ce-26.x\run\mods\chat_heads-1.2.2-neoforge-26.1.jar
[15mai.2026 20:39:05.751] [ForkJoinPool.commonPool-worker-4/DEBUG] [net.neoforged.fml.loading.moddiscovery.ModFileInfo/LOADING]: Found valid mod file chat_heads-1.2.2-neoforge-26.1.jar with {chat_heads} mods - versions {1.2.2}
[15mai.2026 20:39:05.751] [ForkJoinPool.commonPool-worker-4/DEBUG] [net.neoforged.fml.loading.moddiscovery.ModFile/LOADING]: Loading mod file C:\Users\arthu\Downloads\Cursed Energy\ce-26.x\run\mods\chat_heads-1.2.2-neoforge-26.1.jar with languages [LanguageSpec[languageName=javafml, acceptedVersions=[1,)]]
[15mai.2026 20:39:05.751] [ForkJoinPool.commonPool-worker-4/DEBUG] [net.neoforged.fml.loading.moddiscovery.ModFile/LOADING]: Found mixin config MixinConfig[config=chat_heads.mixins.json, requiredMods=[], behaviorVersion=null]
[15mai.2026 20:39:05.752] [ForkJoinPool.commonPool-worker-4/DEBUG] [net.neoforged.fml.loading.moddiscovery.ModFileParser/LOADING]: Considering mod file candidate C:\Users\arthu\Downloads\Cursed Energy\ce-26.x\run\mods\Clumps-neoforge-26.1.2-26.1.2.1.jar
[15mai.2026 20:39:05.753] [ForkJoinPool.commonPool-worker-4/DEBUG] [net.neoforged.fml.loading.moddiscovery.ModFileInfo/LOADING]: Found valid mod file Clumps-neoforge-26.1.2-26.1.2.1.jar with {clumps} mods - versions {26.1.2.1}
[15mai.2026 20:39:05.753] [ForkJoinPool.commonPool-worker-4/DEBUG] [net.neoforged.fml.loading.moddiscovery.ModFile/LOADING]: Loading mod file C:\Users\arthu\Downloads\Cursed Energy\ce-26.x\run\mods\Clumps-neoforge-26.1.2-26.1.2.1.jar with languages [LanguageSpec[languageName=javafml, acceptedVersions=[4,)]]
[15mai.2026 20:39:05.754] [ForkJoinPool.commonPool-worker-4/DEBUG] [net.neoforged.fml.loading.moddiscovery.ModFile/LOADING]: Found mixin config MixinConfig[config=clumps.mixins.json, requiredMods=[], behaviorVersion=null]
[15mai.2026 20:39:05.754] [ForkJoinPool.commonPool-worker-4/DEBUG] [net.neoforged.fml.loading.moddiscovery.ModFileParser/LOADING]: Considering mod file candidate C:\Users\arthu\Downloads\Cursed Energy\ce-26.x\run\mods\dynamic-fps-3.11.6+minecraft-26.1.0-neoforge.jar
[15mai.2026 20:39:05.755] [ForkJoinPool.commonPool-worker-4/DEBUG] [net.neoforged.fml.loading.moddiscovery.ModFileInfo/LOADING]: Found valid mod file dynamic-fps-3.11.6+minecraft-26.1.0-neoforge.jar with {dynamic_fps} mods - versions {3.11.6}
[15mai.2026 20:39:05.756] [ForkJoinPool.commonPool-worker-4/DEBUG] [net.neoforged.fml.loading.moddiscovery.ModFile/LOADING]: Loading mod file C:\Users\arthu\Downloads\Cursed Energy\ce-26.x\run\mods\dynamic-fps-3.11.6+minecraft-26.1.0-neoforge.jar with languages [LanguageSpec[languageName=javafml, acceptedVersions=[1,)]]
[15mai.2026 20:39:05.756] [ForkJoinPool.commonPool-worker-4/DEBUG] [net.neoforged.fml.loading.moddiscovery.ModFile/LOADING]: Found mixin config MixinConfig[config=dynamic_fps.neoforge.mixins.json, requiredMods=[], behaviorVersion=null]
[15mai.2026 20:39:05.757] [ForkJoinPool.commonPool-worker-4/DEBUG] [net.neoforged.fml.loading.moddiscovery.ModFileParser/LOADING]: Considering mod file candidate C:\Users\arthu\Downloads\Cursed Energy\ce-26.x\run\mods\ferritecore-9.0.0-neoforge.jar
[15mai.2026 20:39:05.821] [ForkJoinPool.commonPool-worker-4/DEBUG] [net.neoforged.fml.loading.moddiscovery.ModFileInfo/LOADING]: Found valid mod file ferritecore-9.0.0-neoforge.jar with {ferritecore} mods - versions {9.0.0}
[15mai.2026 20:39:05.821] [ForkJoinPool.commonPool-worker-4/DEBUG] [net.neoforged.fml.loading.moddiscovery.ModFile/LOADING]: Loading mod file C:\Users\arthu\Downloads\Cursed Energy\ce-26.x\run\mods\ferritecore-9.0.0-neoforge.jar with languages [LanguageSpec[languageName=javafml, acceptedVersions=[1,)]]
[15mai.2026 20:39:05.821] [ForkJoinPool.commonPool-worker-4/DEBUG] [net.neoforged.fml.loading.moddiscovery.ModFile/LOADING]: Found mixin config MixinConfig[config=ferritecore.fastmap.mixin.json, requiredMods=[], behaviorVersion=null]
[15mai.2026 20:39:05.821] [ForkJoinPool.commonPool-worker-4/DEBUG] [net.neoforged.fml.loading.moddiscovery.ModFile/LOADING]: Found mixin config MixinConfig[config=ferritecore.blockstatecache.mixin.json, requiredMods=[], behaviorVersion=null]
[15mai.2026 20:39:05.821] [ForkJoinPool.commonPool-worker-4/DEBUG] [net.neoforged.fml.loading.moddiscovery.ModFile/LOADING]: Found mixin config MixinConfig[config=ferritecore.threaddetec.mixin.json, requiredMods=[], behaviorVersion=null]
[15mai.2026 20:39:05.821] [ForkJoinPool.commonPool-worker-4/DEBUG] [net.neoforged.fml.loading.moddiscovery.ModFile/LOADING]: Found mixin config MixinConfig[config=ferritecore.accessors.mixin.json, requiredMods=[], behaviorVersion=null]
[15mai.2026 20:39:05.821] [ForkJoinPool.commonPool-worker-4/DEBUG] [net.neoforged.fml.loading.moddiscovery.ModFile/LOADING]: Found mixin config MixinConfig[config=ferritecore.datacomponents.mixin.json, requiredMods=[], behaviorVersion=null]
[15mai.2026 20:39:05.822] [ForkJoinPool.commonPool-worker-4/DEBUG] [net.neoforged.fml.loading.moddiscovery.ModFileParser/LOADING]: Considering mod file candidate C:\Users\arthu\Downloads\Cursed Energy\ce-26.x\run\mods\ImmediatelyFast-NeoForge-1.15.2+26.1.2.jar
[15mai.2026 20:39:05.823] [ForkJoinPool.commonPool-worker-4/DEBUG] [net.neoforged.fml.loading.moddiscovery.ModFileInfo/LOADING]: Found valid mod file ImmediatelyFast-NeoForge-1.15.2+26.1.2.jar with {immediatelyfast} mods - versions {1.15.2+26.1.2}
[15mai.2026 20:39:05.823] [ForkJoinPool.commonPool-worker-4/DEBUG] [net.neoforged.fml.loading.moddiscovery.ModFile/LOADING]: Loading mod file C:\Users\arthu\Downloads\Cursed Energy\ce-26.x\run\mods\ImmediatelyFast-NeoForge-1.15.2+26.1.2.jar with languages [LanguageSpec[languageName=javafml, acceptedVersions=[1,)]]
[15mai.2026 20:39:05.823] [ForkJoinPool.commonPool-worker-4/DEBUG] [net.neoforged.fml.loading.moddiscovery.ModFile/LOADING]: Found mixin config MixinConfig[config=immediatelyfast-neoforge.mixins.json, requiredMods=[], behaviorVersion=null]
[15mai.2026 20:39:05.823] [ForkJoinPool.commonPool-worker-4/DEBUG] [net.neoforged.fml.loading.moddiscovery.ModFile/LOADING]: Found mixin config MixinConfig[config=immediatelyfast-common.mixins.json, requiredMods=[], behaviorVersion=null]
[15mai.2026 20:39:05.824] [ForkJoinPool.commonPool-worker-4/DEBUG] [net.neoforged.fml.loading.moddiscovery.ModFileParser/LOADING]: Considering mod file candidate C:\Users\arthu\Downloads\Cursed Energy\ce-26.x\run\mods\Jade-mc26.1-NeoForge-26.1.1.jar
[15mai.2026 20:39:05.831] [ForkJoinPool.commonPool-worker-4/DEBUG] [net.neoforged.fml.loading.moddiscovery.ModFileInfo/LOADING]: Found valid mod file Jade-mc26.1-NeoForge-26.1.1.jar with {jade} mods - versions {26.1.1+neoforge}
[15mai.2026 20:39:05.832] [ForkJoinPool.commonPool-worker-4/DEBUG] [net.neoforged.fml.loading.moddiscovery.ModFile/LOADING]: Loading mod file C:\Users\arthu\Downloads\Cursed Energy\ce-26.x\run\mods\Jade-mc26.1-NeoForge-26.1.1.jar with languages [LanguageSpec[languageName=javafml, acceptedVersions=*]]
[15mai.2026 20:39:05.832] [ForkJoinPool.commonPool-worker-4/DEBUG] [net.neoforged.fml.loading.moddiscovery.ModFile/LOADING]: Found mixin config MixinConfig[config=jade.mixins.json, requiredMods=[], behaviorVersion=null]
[15mai.2026 20:39:05.833] [ForkJoinPool.commonPool-worker-4/DEBUG] [net.neoforged.fml.loading.moddiscovery.ModFileParser/LOADING]: Considering mod file candidate C:\Users\arthu\Downloads\Cursed Energy\ce-26.x\run\mods\jei-26.1.2-neoforge-29.5.0.28.jar
[15mai.2026 20:39:05.834] [ForkJoinPool.commonPool-worker-4/DEBUG] [net.neoforged.fml.loading.moddiscovery.ModFileInfo/LOADING]: Found valid mod file jei-26.1.2-neoforge-29.5.0.28.jar with {jei} mods - versions {29.5.0.28}
[15mai.2026 20:39:05.834] [ForkJoinPool.commonPool-worker-4/DEBUG] [net.neoforged.fml.loading.moddiscovery.ModFile/LOADING]: Loading mod file C:\Users\arthu\Downloads\Cursed Energy\ce-26.x\run\mods\jei-26.1.2-neoforge-29.5.0.28.jar with languages [LanguageSpec[languageName=javafml, acceptedVersions=[4,)]]
[15mai.2026 20:39:05.836] [ForkJoinPool.commonPool-worker-4/DEBUG] [net.neoforged.fml.loading.moddiscovery.ModFileParser/LOADING]: Considering mod file candidate C:\Users\arthu\Downloads\Cursed Energy\ce-26.x\run\mods\lambdynamiclights-4.10.2+26.1.2.jar
[15mai.2026 20:39:05.836] [ForkJoinPool.commonPool-worker-4/DEBUG] [net.neoforged.fml.loading.moddiscovery.ModFileInfo/LOADING]: Found valid mod file lambdynamiclights-4.10.2+26.1.2.jar with {lambdynlights} mods - versions {4.10.2+26.1.2}
[15mai.2026 20:39:05.837] [ForkJoinPool.commonPool-worker-4/DEBUG] [net.neoforged.fml.loading.moddiscovery.ModFile/LOADING]: Loading mod file C:\Users\arthu\Downloads\Cursed Energy\ce-26.x\run\mods\lambdynamiclights-4.10.2+26.1.2.jar with languages [LanguageSpec[languageName=javafml, acceptedVersions=[2,)]]
[15mai.2026 20:39:05.837] [ForkJoinPool.commonPool-worker-4/DEBUG] [net.neoforged.fml.loading.moddiscovery.ModFile/LOADING]: Found mixin config MixinConfig[config=lambdynlights.mixins.json, requiredMods=[], behaviorVersion=null]
[15mai.2026 20:39:05.837] [ForkJoinPool.commonPool-worker-4/DEBUG] [net.neoforged.fml.loading.moddiscovery.ModFile/LOADING]: Found mixin config MixinConfig[config=lambdynlights.lightsource.mixins.json, requiredMods=[], behaviorVersion=null]
[15mai.2026 20:39:05.838] [ForkJoinPool.commonPool-worker-4/DEBUG] [net.neoforged.fml.loading.moddiscovery.ModFileParser/LOADING]: Considering mod file candidate C:\Users\arthu\Downloads\Cursed Energy\ce-26.x\run\mods\lithium-neoforge-0.24.2+mc26.1.2.jar
[15mai.2026 20:39:05.838] [ForkJoinPool.commonPool-worker-4/DEBUG] [net.neoforged.fml.loading.moddiscovery.ModFileInfo/LOADING]: Found valid mod file lithium-neoforge-0.24.2+mc26.1.2.jar with {lithium} mods - versions {0.24.2}
[15mai.2026 20:39:05.838] [ForkJoinPool.commonPool-worker-4/DEBUG] [net.neoforged.fml.loading.moddiscovery.ModFile/LOADING]: Loading mod file C:\Users\arthu\Downloads\Cursed Energy\ce-26.x\run\mods\lithium-neoforge-0.24.2+mc26.1.2.jar with languages [LanguageSpec[languageName=javafml, acceptedVersions=*]]
[15mai.2026 20:39:05.838] [ForkJoinPool.commonPool-worker-4/DEBUG] [net.neoforged.fml.loading.moddiscovery.ModFile/LOADING]: Found mixin config MixinConfig[config=lithium.mixins.json, requiredMods=[], behaviorVersion=null]
[15mai.2026 20:39:05.838] [ForkJoinPool.commonPool-worker-4/DEBUG] [net.neoforged.fml.loading.moddiscovery.ModFile/LOADING]: Found mixin config MixinConfig[config=lithium-neoforge.mixins.json, requiredMods=[], behaviorVersion=null]
[15mai.2026 20:39:05.839] [ForkJoinPool.commonPool-worker-4/DEBUG] [net.neoforged.fml.loading.moddiscovery.ModFileParser/LOADING]: Considering mod file candidate C:\Users\arthu\Downloads\Cursed Energy\ce-26.x\run\mods\modernfix-neoforge-5.27.11+mc26.1.2.jar
[15mai.2026 20:39:05.840] [ForkJoinPool.commonPool-worker-4/DEBUG] [net.neoforged.fml.loading.moddiscovery.ModFileInfo/LOADING]: Found valid mod file modernfix-neoforge-5.27.11+mc26.1.2.jar with {modernfix} mods - versions {5.27.11+mc26.1.2}
[15mai.2026 20:39:05.840] [ForkJoinPool.commonPool-worker-4/DEBUG] [net.neoforged.fml.loading.moddiscovery.ModFile/LOADING]: Loading mod file C:\Users\arthu\Downloads\Cursed Energy\ce-26.x\run\mods\modernfix-neoforge-5.27.11+mc26.1.2.jar with languages [LanguageSpec[languageName=javafml, acceptedVersions=[1,)]]
[15mai.2026 20:39:05.840] [ForkJoinPool.commonPool-worker-4/DEBUG] [net.neoforged.fml.loading.moddiscovery.ModFile/LOADING]: Found mixin config MixinConfig[config=modernfix-modernfix.mixins.json, requiredMods=[], behaviorVersion=null]
[15mai.2026 20:39:05.840] [ForkJoinPool.commonPool-worker-4/DEBUG] [net.neoforged.fml.loading.moddiscovery.ModFileParser/LOADING]: Considering mod file candidate C:\Users\arthu\Downloads\Cursed Energy\ce-26.x\run\mods\MouseTweaks-neoforge-mc26.1-2.31.jar
[15mai.2026 20:39:05.841] [ForkJoinPool.commonPool-worker-4/DEBUG] [net.neoforged.fml.loading.moddiscovery.ModFileInfo/LOADING]: Found valid mod file MouseTweaks-neoforge-mc26.1-2.31.jar with {mousetweaks} mods - versions {2.31}
[15mai.2026 20:39:05.850] [ForkJoinPool.commonPool-worker-4/DEBUG] [net.neoforged.fml.loading.moddiscovery.ModFile/LOADING]: Loading mod file C:\Users\arthu\Downloads\Cursed Energy\ce-26.x\run\mods\MouseTweaks-neoforge-mc26.1-2.31.jar with languages [LanguageSpec[languageName=javafml, acceptedVersions=[4,)]]
[15mai.2026 20:39:05.850] [ForkJoinPool.commonPool-worker-4/DEBUG] [net.neoforged.fml.loading.moddiscovery.ModFile/LOADING]: Found mixin config MixinConfig[config=mousetweaks.mixins.json, requiredMods=[], behaviorVersion=null]
[15mai.2026 20:39:05.893] [ForkJoinPool.commonPool-worker-4/DEBUG] [net.neoforged.fml.loading.moddiscovery.ModFile/LOADING]: Loading mod file C:\Users\arthu\Downloads\Cursed Energy\ce-26.x\run\.cache\jij\5f3817837f26bbff502a261a739075e81f77a07ff0f712b4438ce9ab9f8b6e20\battery-2.0.0.jar with languages []
[15mai.2026 20:39:05.898] [ForkJoinPool.commonPool-worker-4/DEBUG] [net.neoforged.fml.loading.moddiscovery.ModFileParser/LOADING]: Considering mod file candidate C:\Users\arthu\Downloads\Cursed Energy\ce-26.x\run\.cache\jij\b623a764d247ddb9680ae651e3bc62d798a6a69c64df61db2b37c86a37913c32\net.lostluma.dynamic-fps-3.11.6+minecraft-26.1.0-common.jar
[15mai.2026 20:39:05.899] [ForkJoinPool.commonPool-worker-4/DEBUG] [net.neoforged.fml.loading.moddiscovery.ModFileInfo/LOADING]: Found valid mod file net.lostluma.dynamic-fps-3.11.6+minecraft-26.1.0-common.jar with {dynamic_fps_common} mods - versions {3.11.6}
[15mai.2026 20:39:05.899] [ForkJoinPool.commonPool-worker-4/DEBUG] [net.neoforged.fml.loading.moddiscovery.ModFile/LOADING]: Loading mod file C:\Users\arthu\Downloads\Cursed Energy\ce-26.x\run\.cache\jij\b623a764d247ddb9680ae651e3bc62d798a6a69c64df61db2b37c86a37913c32\net.lostluma.dynamic-fps-3.11.6+minecraft-26.1.0-common.jar with languages [LanguageSpec[languageName=javafml, acceptedVersions=[1,)]]
[15mai.2026 20:39:05.899] [ForkJoinPool.commonPool-worker-4/DEBUG] [net.neoforged.fml.loading.moddiscovery.ModFile/LOADING]: Found mixin config MixinConfig[config=dynamic_fps.common.mixins.json, requiredMods=[], behaviorVersion=null]
[15mai.2026 20:39:05.905] [ForkJoinPool.commonPool-worker-4/DEBUG] [net.neoforged.fml.loading.moddiscovery.ModFile/LOADING]: Loading mod file C:\Users\arthu\Downloads\Cursed Energy\ce-26.x\run\.cache\jij\942f24dd685456b23adab6a977cbec09d697ece1caaf1939c66b0746b682163e\Reflect-1.6.2.jar with languages []
[15mai.2026 20:39:05.913] [ForkJoinPool.commonPool-worker-4/DEBUG] [net.neoforged.fml.loading.moddiscovery.ModFile/LOADING]: Loading mod file C:\Users\arthu\Downloads\Cursed Energy\ce-26.x\run\.cache\jij\6a464b1c603b716033f3561a0632a7cc7be17c9d75af1cab7f1db5fe98c3888a\mixinextras-neoforge-0.5.4.jar with languages []
[15mai.2026 20:39:05.914] [ForkJoinPool.commonPool-worker-4/DEBUG] [net.neoforged.fml.loading.moddiscovery.ModFile/LOADING]: Loading mod file C:\Users\arthu\Downloads\Cursed Energy\ce-26.x\run\.cache\jij\909b72f1d8225a13c4f00a23b3a5d04217543745de857d98694d4943708fc969\net.neoforged.neoforge-coremods-26.1.2.55-beta.jar with languages []
[15mai.2026 20:39:05.917] [ForkJoinPool.commonPool-worker-4/DEBUG] [net.neoforged.fml.loading.moddiscovery.ModFileParser/LOADING]: Considering mod file candidate C:\Users\arthu\Downloads\Cursed Energy\ce-26.x\run\.cache\jij\e5f1308efaa0e65f2f53a2597db58f81815a935f98f5eaf206e4e320b5494335\pridelib-1.6.0+26.1.jar
[15mai.2026 20:39:05.918] [ForkJoinPool.commonPool-worker-4/DEBUG] [net.neoforged.fml.loading.moddiscovery.ModFileInfo/LOADING]: Found valid mod file pridelib-1.6.0+26.1.jar with {pride} mods - versions {1.6.0+26.1}
[15mai.2026 20:39:05.918] [ForkJoinPool.commonPool-worker-4/DEBUG] [net.neoforged.fml.loading.moddiscovery.ModFile/LOADING]: Loading mod file C:\Users\arthu\Downloads\Cursed Energy\ce-26.x\run\.cache\jij\e5f1308efaa0e65f2f53a2597db58f81815a935f98f5eaf206e4e320b5494335\pridelib-1.6.0+26.1.jar with languages [LanguageSpec[languageName=javafml, acceptedVersions=[2,)]]
[15mai.2026 20:39:05.921] [ForkJoinPool.commonPool-worker-4/DEBUG] [net.neoforged.fml.loading.moddiscovery.ModFileParser/LOADING]: Considering mod file candidate C:\Users\arthu\Downloads\Cursed Energy\ce-26.x\run\.cache\jij\9b97d10226738afecedc8d1e619a9c83426b3a2d59aa23c36f71999f44f9d21c\spruceui-10.0.0+26.1.jar
[15mai.2026 20:39:05.923] [ForkJoinPool.commonPool-worker-4/DEBUG] [net.neoforged.fml.loading.moddiscovery.ModFileInfo/LOADING]: Found valid mod file spruceui-10.0.0+26.1.jar with {spruceui} mods - versions {10.0.0+26.1}
[15mai.2026 20:39:05.923] [ForkJoinPool.commonPool-worker-4/DEBUG] [net.neoforged.fml.loading.moddiscovery.ModFile/LOADING]: Loading mod file C:\Users\arthu\Downloads\Cursed Energy\ce-26.x\run\.cache\jij\9b97d10226738afecedc8d1e619a9c83426b3a2d59aa23c36f71999f44f9d21c\spruceui-10.0.0+26.1.jar with languages [LanguageSpec[languageName=javafml, acceptedVersions=[2,)]]
[15mai.2026 20:39:05.924] [ForkJoinPool.commonPool-worker-4/DEBUG] [net.neoforged.fml.loading.moddiscovery.ModFile/LOADING]: Found mixin config MixinConfig[config=spruceui.mixins.json, requiredMods=[], behaviorVersion=null]
[15mai.2026 20:39:05.927] [ForkJoinPool.commonPool-worker-4/DEBUG] [net.neoforged.fml.loading.moddiscovery.ModFileParser/LOADING]: Considering mod file candidate C:\Users\arthu\Downloads\Cursed Energy\ce-26.x\run\.cache\jij\2dbb45ab15b94b87f35104f18624f26cd68569d6b048cb2f7bf4e2a0d2220cd4\lambdynamiclights-api-4.10.2+26.1.2.jar
[15mai.2026 20:39:05.927] [ForkJoinPool.commonPool-worker-4/DEBUG] [net.neoforged.fml.loading.moddiscovery.ModFileInfo/LOADING]: Found valid mod file lambdynamiclights-api-4.10.2+26.1.2.jar with {lambdynlights_api} mods - versions {4.10.2+26.1.2}
[15mai.2026 20:39:05.927] [ForkJoinPool.commonPool-worker-4/DEBUG] [net.neoforged.fml.loading.moddiscovery.ModFile/LOADING]: Loading mod file C:\Users\arthu\Downloads\Cursed Energy\ce-26.x\run\.cache\jij\2dbb45ab15b94b87f35104f18624f26cd68569d6b048cb2f7bf4e2a0d2220cd4\lambdynamiclights-api-4.10.2+26.1.2.jar with languages [LanguageSpec[languageName=javafml, acceptedVersions=[2,)]]
[15mai.2026 20:39:05.930] [ForkJoinPool.commonPool-worker-4/DEBUG] [net.neoforged.fml.loading.moddiscovery.ModFileParser/LOADING]: Considering mod file candidate C:\Users\arthu\Downloads\Cursed Energy\ce-26.x\run\.cache\jij\72946d8ff6ac05e31b7f78694c8492e290f1259280e5364fcd97ed970bc39f25\yumi-mc-foundation-1.0.0+26.1.jar
[15mai.2026 20:39:05.931] [ForkJoinPool.commonPool-worker-4/DEBUG] [net.neoforged.fml.loading.moddiscovery.ModFileInfo/LOADING]: Found valid mod file yumi-mc-foundation-1.0.0+26.1.jar with {yumi_mc_core} mods - versions {1.0.0+26.1}
[15mai.2026 20:39:05.931] [ForkJoinPool.commonPool-worker-4/DEBUG] [net.neoforged.fml.loading.moddiscovery.ModFile/LOADING]: Loading mod file C:\Users\arthu\Downloads\Cursed Energy\ce-26.x\run\.cache\jij\72946d8ff6ac05e31b7f78694c8492e290f1259280e5364fcd97ed970bc39f25\yumi-mc-foundation-1.0.0+26.1.jar with languages [LanguageSpec[languageName=javafml, acceptedVersions=[2,)]]
[15mai.2026 20:39:05.931] [ForkJoinPool.commonPool-worker-4/DEBUG] [net.neoforged.fml.loading.moddiscovery.ModFile/LOADING]: Found mixin config MixinConfig[config=yumi_mc_core.mixins.json, requiredMods=[], behaviorVersion=null]
[15mai.2026 20:39:05.931] [ForkJoinPool.commonPool-worker-4/DEBUG] [net.neoforged.fml.loading.moddiscovery.ModFile/LOADING]: Found mixin config MixinConfig[config=yumi_mc_core.neoforge.mixins.json, requiredMods=[], behaviorVersion=null]
[15mai.2026 20:39:05.934] [ForkJoinPool.commonPool-worker-4/DEBUG] [net.neoforged.fml.loading.moddiscovery.ModFileParser/LOADING]: Considering mod file candidate C:\Users\arthu\Downloads\Cursed Energy\ce-26.x\run\.cache\jij\28b15b05b58427d808d0ac7a54498d718e8943d53ac30c582eb8ea34a865d8ab\TerraBlender-neoforge-26.1.2-26.1.2.0.1.jar
[15mai.2026 20:39:05.935] [ForkJoinPool.commonPool-worker-4/DEBUG] [net.neoforged.fml.loading.moddiscovery.ModFileInfo/LOADING]: Found valid mod file TerraBlender-neoforge-26.1.2-26.1.2.0.1.jar with {terrablender} mods - versions {26.1.2.0.1}
[15mai.2026 20:39:05.935] [ForkJoinPool.commonPool-worker-4/DEBUG] [net.neoforged.fml.loading.moddiscovery.ModFile/LOADING]: Loading mod file C:\Users\arthu\Downloads\Cursed Energy\ce-26.x\run\.cache\jij\28b15b05b58427d808d0ac7a54498d718e8943d53ac30c582eb8ea34a865d8ab\TerraBlender-neoforge-26.1.2-26.1.2.0.1.jar with languages [LanguageSpec[languageName=javafml, acceptedVersions=[1,)]]
[15mai.2026 20:39:05.935] [ForkJoinPool.commonPool-worker-4/DEBUG] [net.neoforged.fml.loading.moddiscovery.ModFile/LOADING]: Found mixin config MixinConfig[config=terrablender.mixins.json, requiredMods=[], behaviorVersion=null]
[15mai.2026 20:39:05.935] [ForkJoinPool.commonPool-worker-4/DEBUG] [net.neoforged.fml.loading.moddiscovery.ModFile/LOADING]: Found mixin config MixinConfig[config=terrablender.neoforge.mixins.json, requiredMods=[], behaviorVersion=null]
[15mai.2026 20:39:05.938] [ForkJoinPool.commonPool-worker-4/DEBUG] [net.neoforged.fml.loading.moddiscovery.ModFileParser/LOADING]: Considering mod file candidate C:\Users\arthu\Downloads\Cursed Energy\ce-26.x\run\.cache\jij\f38f474563cb7775fdd7afdaf0ab6e8b18f3ecc1c2733e81aaf30c94391818e8\PlayerAnimationLibNeo-1.2.3+mc.26.1.jar
[15mai.2026 20:39:05.938] [ForkJoinPool.commonPool-worker-4/DEBUG] [net.neoforged.fml.loading.moddiscovery.ModFileInfo/LOADING]: Found valid mod file PlayerAnimationLibNeo-1.2.3+mc.26.1.jar with {player_animation_library} mods - versions {1.2.3+mc.26.1}
[15mai.2026 20:39:05.938] [ForkJoinPool.commonPool-worker-4/DEBUG] [net.neoforged.fml.loading.moddiscovery.ModFile/LOADING]: Loading mod file C:\Users\arthu\Downloads\Cursed Energy\ce-26.x\run\.cache\jij\f38f474563cb7775fdd7afdaf0ab6e8b18f3ecc1c2733e81aaf30c94391818e8\PlayerAnimationLibNeo-1.2.3+mc.26.1.jar with languages [LanguageSpec[languageName=javafml, acceptedVersions=*]]
[15mai.2026 20:39:05.940] [ForkJoinPool.commonPool-worker-4/DEBUG] [net.neoforged.fml.loading.moddiscovery.ModFile/LOADING]: Found mixin config MixinConfig[config=player_animation_library.mixins.json, requiredMods=[], behaviorVersion=null]
[15mai.2026 20:39:05.941] [ForkJoinPool.commonPool-worker-4/DEBUG] [net.neoforged.fml.loading.moddiscovery.ModFile/LOADING]: Loading mod file C:\Users\arthu\Downloads\Cursed Energy\ce-26.x\run\.cache\jij\f7bbb1d275b36009f880de13b1aa4f456301ca9d37a9a96c6cb59a71a335abd5\services-1.2.6.jar with languages []
[15mai.2026 20:39:05.945] [ForkJoinPool.commonPool-worker-4/DEBUG] [net.neoforged.fml.loading.moddiscovery.ModFile/LOADING]: Loading mod file C:\Users\arthu\Downloads\Cursed Energy\ce-26.x\run\.cache\jij\99d7a57766b1d9638ed2eeaee894a2bc6900a673bb78deac9f66a1c1b2ae2ba0\mochafloats-5.0.0.jar with languages []
[15mai.2026 20:39:05.950] [ForkJoinPool.commonPool-worker-4/DEBUG] [net.neoforged.fml.loading.moddiscovery.ModFile/LOADING]: Loading mod file C:\Users\arthu\Downloads\Cursed Energy\ce-26.x\run\.cache\jij\6c5a9c00ad20982ba63183c7ddcc8b388f677b2397aadfa664ce03f37737cb93\yumi-commons-event-2.0.0.jar with languages []
[15mai.2026 20:39:05.953] [ForkJoinPool.commonPool-worker-4/DEBUG] [net.neoforged.fml.loading.moddiscovery.ModFile/LOADING]: Loading mod file C:\Users\arthu\Downloads\Cursed Energy\ce-26.x\run\.cache\jij\524294bab69b36dc029ded8470981bbd30fcfaffb8749954be905f8bfe07e182\yumi-commons-collections-2.0.0.jar with languages []
[15mai.2026 20:39:05.954] [ForkJoinPool.commonPool-worker-4/DEBUG] [net.neoforged.fml.loading.moddiscovery.ModFile/LOADING]: Loading mod file C:\Users\arthu\Downloads\Cursed Energy\ce-26.x\run\.cache\jij\0dfbfa7852dabd778bbf5cc8fc960ea13f2853b15d451fca45f1a84b6ed4bbe2\yumi-commons-core-2.0.0.jar with languages []
[15mai.2026 20:39:05.957] [ForkJoinPool.commonPool-worker-4/DEBUG] [net.neoforged.fml.loading.moddiscovery.ModFile/LOADING]: Loading mod file C:\Users\arthu\Downloads\Cursed Energy\ce-26.x\run\.cache\jij\6c5a9c00ad20982ba63183c7ddcc8b388f677b2397aadfa664ce03f37737cb93\yumi-commons-event-2.0.0.jar with languages []
[15mai.2026 20:39:05.959] [ForkJoinPool.commonPool-worker-4/DEBUG] [net.neoforged.fml.loading.moddiscovery.ModFile/LOADING]: Loading mod file C:\Users\arthu\Downloads\Cursed Energy\ce-26.x\run\.cache\jij\524294bab69b36dc029ded8470981bbd30fcfaffb8749954be905f8bfe07e182\yumi-commons-collections-2.0.0.jar with languages []
[15mai.2026 20:39:05.961] [ForkJoinPool.commonPool-worker-4/DEBUG] [net.neoforged.fml.loading.moddiscovery.ModFile/LOADING]: Loading mod file C:\Users\arthu\Downloads\Cursed Energy\ce-26.x\run\.cache\jij\0dfbfa7852dabd778bbf5cc8fc960ea13f2853b15d451fca45f1a84b6ed4bbe2\yumi-commons-core-2.0.0.jar with languages []
[15mai.2026 20:39:05.963] [ForkJoinPool.commonPool-worker-4/DEBUG] [net.neoforged.fml.loading.moddiscovery.ModFile/LOADING]: Loading mod file C:\Users\arthu\Downloads\Cursed Energy\ce-26.x\run\.cache\jij\130e5ed5117888bf7e50da292abab83b8318d0e02ffbc9eacac8e2b574de0733\services-1.2.6.jar with languages []
[15mai.2026 20:39:05.966] [ForkJoinPool.commonPool-worker-4/DEBUG] [net.neoforged.fml.loading.moddiscovery.ModFile/LOADING]: Loading mod file C:\Users\arthu\Downloads\Cursed Energy\ce-26.x\run\.cache\jij\dfe2c0e4bf29703d6499fc813cd42180aec8e44661d0281ff977068767770da5\mochafloats-5.0.0.jar with languages []
[15mai.2026 20:39:06.006] [ForkJoinPool.commonPool-worker-4/WARN] [net.neoforged.jarjar.selection.JarSelector/]: Attempted to select a dependency jar for JarJar which was passed in as source: player_animation_library. Using jar(C:/Users/arthu/Downloads/Cursed Energy/ce-26.x/libs/PlayerAnimationLibMerged-1.2.3+mc.26.1.jar)
[15mai.2026 20:39:06.006] [ForkJoinPool.commonPool-worker-4/INFO] [net.neoforged.fml.loading.moddiscovery.locators.JarInJarDependencyLocator/]: Found 15 dependencies adding them to mods collection
[15mai.2026 20:39:06.009] [ForkJoinPool.commonPool-worker-4/INFO] [net.neoforged.fml.loading.moddiscovery.ModDiscoverer/]: 
     Mod List:
		Name Version (Mod Id)

		BadOptimizations 2.4.1 (badoptimizations)
		Chat Heads 1.2.2 (chat_heads)
		Clumps 26.1.2.1 (clumps)
		Cursed Energy 0.0.1-26.1.2 (ce)
		Dynamic FPS 3.11.6 (dynamic_fps)
		Dynamic FPS Common 3.11.6 (dynamic_fps_common)
		Ferrite Core 9.0.0 (ferritecore)
		ImmediatelyFast 1.15.2+26.1.2 (immediatelyfast)
		Jade 26.1.1+neoforge (jade)
		Just Enough Items 29.5.0.28 (jei)
		LambDynamicLights 4.10.2+26.1.2 (lambdynlights)
		LambDynamicLights (API) 4.10.2+26.1.2 (lambdynlights_api)
		Lithium 0.24.2 (lithium)
		Minecraft 26.1.2 (minecraft)
		ModernFix 5.27.11+mc26.1.2 (modernfix)
		Mouse Tweaks 2.31 (mousetweaks)
		NeoForge 26.1.2.55-beta (neoforge)
		Palladium 5.0.0 (palladium)
		Player Animation Library 1.2.3+mc.26.1 (player_animation_library)
		Pride Lib 1.6.0+26.1 (pride)
		SpruceUI 10.0.0+26.1 (spruceui)
		TerraBlender 26.1.2.0.1 (terrablender)
		Yumi Minecraft Libraries: Foundation 1.0.0+26.1 (yumi_mc_core)
[15mai.2026 20:39:06.015] [ForkJoinPool.commonPool-worker-4/DEBUG] [net.neoforged.fml.loading.ModSorter/]: Configured system mods: [minecraft, neoforge]
[15mai.2026 20:39:06.015] [ForkJoinPool.commonPool-worker-4/DEBUG] [net.neoforged.fml.loading.ModSorter/]: Found system mod: minecraft
[15mai.2026 20:39:06.015] [ForkJoinPool.commonPool-worker-4/DEBUG] [net.neoforged.fml.loading.ModSorter/]: Found system mod: neoforge
[15mai.2026 20:39:06.017] [ForkJoinPool.commonPool-worker-4/DEBUG] [net.neoforged.fml.loading.ModSorter/LOADING]: Found 36 mod requirements (33 mandatory, 3 optional)
[15mai.2026 20:39:06.018] [ForkJoinPool.commonPool-worker-4/DEBUG] [net.neoforged.fml.loading.ModSorter/LOADING]: Found 0 mod requirements missing (0 mandatory, 0 optional)
[15mai.2026 20:39:06.254] [main/INFO] [mixin/]: SpongePowered MIXIN Subsystem Version=0.8.7 Source=file:/C:/Users/arthu/.gradle/caches/modules-2/files-2.1/net.fabricmc/sponge-mixin/0.17.3+mixin.0.8.7/41c4a3984a80f4679e759fb9f495587acc5cdac7/sponge-mixin-0.17.3+mixin.0.8.7.jar Service=FML Env=CLIENT
[15mai.2026 20:39:06.276] [main/DEBUG] [mixin/]: Initialising Mixin Platform Manager
[15mai.2026 20:39:06.277] [main/DEBUG] [mixin/]: Adding mixin platform agents for container ContainerHandleVirtual(fml:18c85)
[15mai.2026 20:39:06.278] [main/DEBUG] [mixin/]: Instancing new MixinPlatformAgentDefault for ContainerHandleVirtual(fml:18c85)
[15mai.2026 20:39:06.279] [main/DEBUG] [mixin/]: MixinPlatformAgentDefault accepted container ContainerHandleVirtual(fml:18c85)
[15mai.2026 20:39:06.279] [main/DEBUG] [mixin/]: Instancing new MixinPlatformAgentDefault for ContainerHandleVirtual(fml:18c85)
[15mai.2026 20:39:06.279] [main/DEBUG] [mixin/]: MixinPlatformAgentDefault accepted container ContainerHandleVirtual(fml:18c85)
[15mai.2026 20:39:06.280] [main/DEBUG] [mixin/]: Processing prepare() for PlatformAgent[MixinPlatformAgentDefault:ContainerHandleVirtual(fml:18c85)]
[15mai.2026 20:39:06.280] [main/DEBUG] [mixin/]: Processing prepare() for PlatformAgent[MixinPlatformAgentDefault:ContainerHandleVirtual(fml:18c85)]
[15mai.2026 20:39:06.281] [main/INFO] [net.neoforged.fml.loading.FMLLoader/]: Loading FML Plugins:
[15mai.2026 20:39:06.282] [main/INFO] [net.neoforged.fml.loading.FMLLoader/]:  - mods/dynamic-fps-3.11.6+minecraft-26.1.0-neoforge.jar > battery-2.0.0.jar
[15mai.2026 20:39:06.282] [main/INFO] [net.neoforged.fml.loading.FMLLoader/]:  - C:/Users/arthu/Downloads/Cursed Energy/ce-26.x/libs/palladium-5.0.0+26.1.2.jar > PlayerAnimationLibNeo-1.2.3+mc.26.1.jar > services-1.2.6.jar
[15mai.2026 20:39:06.282] [main/INFO] [net.neoforged.fml.loading.FMLLoader/]:  - mods/ImmediatelyFast-NeoForge-1.15.2+26.1.2.jar > Reflect-1.6.2.jar
[15mai.2026 20:39:06.283] [main/INFO] [net.neoforged.fml.loading.FMLLoader/]:  - C:/Users/arthu/.gradle/caches/modules-2/files-2.1/net.neoforged/neoforge/26.1.2.55-beta/254d7a874527097de6dc8eed62ae4397697677e2/neoforge-26.1.2.55-beta-universal.jar > net.neoforged.neoforge-coremods-26.1.2.55-beta.jar
[15mai.2026 20:39:06.288] [main/DEBUG] [net.neoforged.fml.util.ServiceLoaderUtil/CORE]: Found 2 implementations of IModLanguageLoader:
[15mai.2026 20:39:06.289] [main/DEBUG] [net.neoforged.fml.util.ServiceLoaderUtil/CORE]: 	net.neoforged.fml.javafmlmod.FMLJavaModLanguageProvider from C:/Users/arthu/.gradle/caches/modules-2/files-2.1/net.neoforged.fancymodloader/loader/11.0.13/c9c89eaf35535990110088224d188748d81eaecf/loader-11.0.13.jar
[15mai.2026 20:39:06.289] [main/DEBUG] [net.neoforged.fml.util.ServiceLoaderUtil/CORE]: 	net.neoforged.fml.mclanguageprovider.MinecraftModLanguageProvider from C:/Users/arthu/.gradle/caches/modules-2/files-2.1/net.neoforged.fancymodloader/loader/11.0.13/c9c89eaf35535990110088224d188748d81eaecf/loader-11.0.13.jar
[15mai.2026 20:39:06.290] [main/DEBUG] [net.neoforged.fml.loading.LanguageProviderLoader/CORE]: Found language provider javafml, version 11.0
[15mai.2026 20:39:06.291] [main/DEBUG] [net.neoforged.fml.loading.LanguageProviderLoader/CORE]: Found language provider minecraft, version 11.0
[15mai.2026 20:39:06.300] [main/DEBUG] [net.neoforged.fml.loading.FMLLoader/]: Adding Access Transformer META-INF/accesstransformer.cfg in jar(mods/lambdynamiclights-4.10.2+26.1.2.jar)
[15mai.2026 20:39:06.309] [main/DEBUG] [net.neoforged.fml.loading.FMLLoader/]: Adding Access Transformer META-INF/accesstransformer.cfg in jar(C:/Users/arthu/Downloads/Cursed Energy/ce-26.x/libs/palladium-5.0.0+26.1.2.jar) > jar(C:/Users/arthu/Downloads/Cursed Energy/ce-26.x/libs/palladium-5.0.0+26.1.2.jar > TerraBlender-neoforge-26.1.2-26.1.2.0.1.jar)
[15mai.2026 20:39:06.311] [main/DEBUG] [net.neoforged.fml.loading.FMLLoader/]: Adding Access Transformer META-INF/accesstransformer.cfg in jar(mods/ImmediatelyFast-NeoForge-1.15.2+26.1.2.jar)
[15mai.2026 20:39:06.312] [main/DEBUG] [net.neoforged.fml.loading.FMLLoader/]: Adding Access Transformer META-INF/accesstransformer.cfg in jar(mods/Jade-mc26.1-NeoForge-26.1.1.jar)
[15mai.2026 20:39:06.315] [main/DEBUG] [net.neoforged.fml.loading.FMLLoader/]: Adding Access Transformer META-INF/accesstransformer.cfg in jar(mods/jei-26.1.2-neoforge-29.5.0.28.jar)
[15mai.2026 20:39:06.316] [main/DEBUG] [net.neoforged.fml.loading.FMLLoader/]: Adding Access Transformer META-INF/accesstransformer.cfg in jar(mods/lithium-neoforge-0.24.2+mc26.1.2.jar)
[15mai.2026 20:39:06.318] [main/DEBUG] [net.neoforged.fml.loading.FMLLoader/]: Adding Access Transformer META-INF/accesstransformer.cfg in jar(C:/Users/arthu/Downloads/Cursed Energy/ce-26.x/libs/PlayerAnimationLibMerged-1.2.3+mc.26.1.jar)
[15mai.2026 20:39:06.318] [main/DEBUG] [net.neoforged.fml.loading.FMLLoader/]: Adding Access Transformer META-INF/accesstransformer.cfg in jar(mods/lambdynamiclights-4.10.2+26.1.2.jar) > jar(mods/lambdynamiclights-4.10.2+26.1.2.jar > pridelib-1.6.0+26.1.jar)
[15mai.2026 20:39:06.320] [main/DEBUG] [net.neoforged.fml.loading.FMLLoader/]: Adding Access Transformer META-INF/accesstransformer.cfg in jar(C:/Users/arthu/Downloads/Cursed Energy/ce-26.x/libs/palladium-5.0.0+26.1.2.jar)
[15mai.2026 20:39:06.323] [main/DEBUG] [net.neoforged.fml.loading.FMLLoader/]: Adding Access Transformer META-INF/accesstransformer.cfg in composite(filtered(jar(C:/Users/arthu/.gradle/caches/modules-2/files-2.1/net.neoforged/neoforge/26.1.2.55-beta/254d7a874527097de6dc8eed62ae4397697677e2/neoforge-26.1.2.55-beta-universal.jar)))
[15mai.2026 20:39:06.329] [main/DEBUG] [net.neoforged.fml.loading.FMLLoader/]: Adding Access Transformer META-INF/accesstransformergenerated.cfg in composite(filtered(jar(C:/Users/arthu/.gradle/caches/modules-2/files-2.1/net.neoforged/neoforge/26.1.2.55-beta/254d7a874527097de6dc8eed62ae4397697677e2/neoforge-26.1.2.55-beta-universal.jar)))
[15mai.2026 20:39:06.337] [main/DEBUG] [net.neoforged.fml.loading.FMLLoader/]: Adding Access Transformer META-INF/accesstransformer.cfg in jar(mods/modernfix-neoforge-5.27.11+mc26.1.2.jar)
[15mai.2026 20:39:06.340] [main/DEBUG] [net.neoforged.fml.loading.FMLLoader/]: Adding Access Transformer META-INF/accesstransformer.cfg in jar(mods/dynamic-fps-3.11.6+minecraft-26.1.0-neoforge.jar) > jar(mods/dynamic-fps-3.11.6+minecraft-26.1.0-neoforge.jar > net.lostluma.dynamic-fps-3.11.6+minecraft-26.1.0-common.jar)
[15mai.2026 20:39:06.347] [main/DEBUG] [net.neoforged.fml.util.ServiceLoaderUtil/CORE]: Found 5 implementations of ClassProcessor:
[15mai.2026 20:39:06.348] [main/DEBUG] [net.neoforged.fml.util.ServiceLoaderUtil/CORE]: 	[built-in] net.neoforged.fml.common.asm.AccessTransformerService from C:/Users/arthu/.gradle/caches/modules-2/files-2.1/net.neoforged.fancymodloader/loader/11.0.13/c9c89eaf35535990110088224d188748d81eaecf/loader-11.0.13.jar
[15mai.2026 20:39:06.348] [main/DEBUG] [net.neoforged.fml.util.ServiceLoaderUtil/CORE]: 	[built-in] net.neoforged.fml.common.asm.enumextension.RuntimeEnumExtender from C:/Users/arthu/.gradle/caches/modules-2/files-2.1/net.neoforged.fancymodloader/loader/11.0.13/c9c89eaf35535990110088224d188748d81eaecf/loader-11.0.13.jar
[15mai.2026 20:39:06.348] [main/DEBUG] [net.neoforged.fml.util.ServiceLoaderUtil/CORE]: 	[built-in] net.neoforged.fml.common.asm.SimpleProcessorsGroup from C:/Users/arthu/.gradle/caches/modules-2/files-2.1/net.neoforged.fancymodloader/loader/11.0.13/c9c89eaf35535990110088224d188748d81eaecf/loader-11.0.13.jar
[15mai.2026 20:39:06.348] [main/DEBUG] [net.neoforged.fml.util.ServiceLoaderUtil/CORE]: 	[built-in] net.neoforged.fml.loading.moddiscovery.locators.NeoForgeDevDistCleaner from C:/Users/arthu/.gradle/caches/modules-2/files-2.1/net.neoforged.fancymodloader/loader/11.0.13/c9c89eaf35535990110088224d188748d81eaecf/loader-11.0.13.jar
[15mai.2026 20:39:06.348] [main/DEBUG] [net.neoforged.fml.util.ServiceLoaderUtil/CORE]: 	[built-in] net.neoforged.fml.loading.mixin.FMLMixinClassProcessor from C:/Users/arthu/.gradle/caches/modules-2/files-2.1/net.neoforged.fancymodloader/loader/11.0.13/c9c89eaf35535990110088224d188748d81eaecf/loader-11.0.13.jar
[15mai.2026 20:39:06.350] [main/DEBUG] [net.neoforged.fml.util.ServiceLoaderUtil/CORE]: Found 1 implementations of ClassProcessorProvider:
[15mai.2026 20:39:06.351] [main/DEBUG] [net.neoforged.fml.util.ServiceLoaderUtil/CORE]: 	net.neoforged.neoforge.coremods.NeoForgeCoreMod from C:/Users/arthu/.gradle/caches/modules-2/files-2.1/net.neoforged/neoforge/26.1.2.55-beta/254d7a874527097de6dc8eed62ae4397697677e2/neoforge-26.1.2.55-beta-universal.jar > net.neoforged.neoforge-coremods-26.1.2.55-beta.jar
[15mai.2026 20:39:06.380] [main/DEBUG] [net.neoforged.fml.loading.FMLLoader/]: Masking classpath elements: [C:/Users/arthu/Downloads/Cursed Energy/ce-26.x/build/moddev/artifacts/minecraft-patched-26.1.2.55-beta.jar, C:/Users/arthu/Downloads/Cursed Energy/ce-26.x/build/resources/main, C:/Users/arthu/Downloads/Cursed Energy/ce-26.x/libs/palladium-5.0.0+26.1.2.jar, C:/Users/arthu/.gradle/caches/modules-2/files-2.1/net.neoforged/neoforge/26.1.2.55-beta/254d7a874527097de6dc8eed62ae4397697677e2/neoforge-26.1.2.55-beta-universal.jar, C:/Users/arthu/Downloads/Cursed Energy/ce-26.x/build/classes/java/main, C:/Users/arthu/Downloads/Cursed Energy/ce-26.x/libs/PlayerAnimationLibMerged-1.2.3+mc.26.1.jar]
[15mai.2026 20:39:06.401] [main/INFO] [net.neoforged.fml.loading.FMLLoader/]: Building game content classloader:
 - badoptimizations (jar(mods/BadOptimizations-2.4.1-26.1-forge.jar))
 - ce (composite(folder(C:/Users/arthu/Downloads/Cursed Energy/ce-26.x/build/classes/java/main), folder(C:/Users/arthu/Downloads/Cursed Energy/ce-26.x/build/resources/main)))
 - chat_heads (jar(mods/chat_heads-1.2.2-neoforge-26.1.jar))
 - clumps (jar(mods/Clumps-neoforge-26.1.2-26.1.2.1.jar))
 - dev.yumi.commons.collections (jar(mods/lambdynamiclights-4.10.2+26.1.2.jar > lambdynamiclights-api-4.10.2+26.1.2.jar > yumi-commons-collections-2.0.0.jar))
 - dev.yumi.commons.core (jar(mods/lambdynamiclights-4.10.2+26.1.2.jar > lambdynamiclights-api-4.10.2+26.1.2.jar > yumi-commons-core-2.0.0.jar))
 - dev.yumi.commons.event (jar(mods/lambdynamiclights-4.10.2+26.1.2.jar > lambdynamiclights-api-4.10.2+26.1.2.jar > yumi-commons-event-2.0.0.jar))
 - dynamic_fps (jar(mods/dynamic-fps-3.11.6+minecraft-26.1.0-neoforge.jar))
 - dynamic_fps_common (jar(mods/dynamic-fps-3.11.6+minecraft-26.1.0-neoforge.jar > net.lostluma.dynamic-fps-3.11.6+minecraft-26.1.0-common.jar))
 - ferritecore (jar(mods/ferritecore-9.0.0-neoforge.jar))
 - immediatelyfast (jar(mods/ImmediatelyFast-NeoForge-1.15.2+26.1.2.jar))
 - jade (jar(mods/Jade-mc26.1-NeoForge-26.1.1.jar))
 - jei (jar(mods/jei-26.1.2-neoforge-29.5.0.28.jar))
 - lambdynlights (jar(mods/lambdynamiclights-4.10.2+26.1.2.jar))
 - lambdynlights_api (jar(mods/lambdynamiclights-4.10.2+26.1.2.jar > lambdynamiclights-api-4.10.2+26.1.2.jar))
 - lithium (jar(mods/lithium-neoforge-0.24.2+mc26.1.2.jar))
 - minecraft (composite(filtered(jar(C:/Users/arthu/Downloads/Cursed Energy/ce-26.x/build/moddev/artifacts/minecraft-patched-26.1.2.55-beta.jar)), filtered(jar(C:/Users/arthu/Downloads/Cursed Energy/ce-26.x/build/moddev/artifacts/minecraft-patched-26.1.2.55-beta.jar))))
 - mixinextras.neoforge (jar(C:/Users/arthu/.gradle/caches/modules-2/files-2.1/net.neoforged/neoforge/26.1.2.55-beta/254d7a874527097de6dc8eed62ae4397697677e2/neoforge-26.1.2.55-beta-universal.jar > mixinextras-neoforge-0.5.4.jar))
 - mochafloats (jar(C:/Users/arthu/Downloads/Cursed Energy/ce-26.x/libs/palladium-5.0.0+26.1.2.jar > PlayerAnimationLibNeo-1.2.3+mc.26.1.jar > mochafloats-5.0.0.jar))
 - modernfix (jar(mods/modernfix-neoforge-5.27.11+mc26.1.2.jar))
 - mousetweaks (jar(mods/MouseTweaks-neoforge-mc26.1-2.31.jar))
 - neoforge (composite(filtered(jar(C:/Users/arthu/.gradle/caches/modules-2/files-2.1/net.neoforged/neoforge/26.1.2.55-beta/254d7a874527097de6dc8eed62ae4397697677e2/neoforge-26.1.2.55-beta-universal.jar))))
 - net.neoforged.fml.generated (empty(VirtualJar/net.neoforged.fml.generated))
 - palladium (jar(C:/Users/arthu/Downloads/Cursed Energy/ce-26.x/libs/palladium-5.0.0+26.1.2.jar))
 - player_animation_library (jar(C:/Users/arthu/Downloads/Cursed Energy/ce-26.x/libs/PlayerAnimationLibMerged-1.2.3+mc.26.1.jar))
 - pride (jar(mods/lambdynamiclights-4.10.2+26.1.2.jar > pridelib-1.6.0+26.1.jar))
 - spruceui (jar(mods/lambdynamiclights-4.10.2+26.1.2.jar > spruceui-10.0.0+26.1.jar))
 - terrablender (jar(C:/Users/arthu/Downloads/Cursed Energy/ce-26.x/libs/palladium-5.0.0+26.1.2.jar > TerraBlender-neoforge-26.1.2-26.1.2.0.1.jar))
 - yumi_mc_core (jar(mods/lambdynamiclights-4.10.2+26.1.2.jar > yumi-mc-foundation-1.0.0+26.1.jar))
[15mai.2026 20:39:06.430] [main/INFO] [net.neoforged.fml.loading.FMLLoader/]: Built game content classloader in 50ms
[15mai.2026 20:39:06.467] [main/DEBUG] [mixin/]: Compatibility level JAVA_25 specified by lambdynlights.mixins.json is higher than the maximum level supported by this version of mixin (JAVA_13).
[15mai.2026 20:39:06.470] [main/INFO] [mixin/]: Compatibility level set to JAVA_25
[15mai.2026 20:39:06.470] [main/DEBUG] [mixin/]: Mixin config lambdynlights.mixins.json does not specify "minVersion" or "requiredFeatures" property
[15mai.2026 20:39:06.471] [main/DEBUG] [mixin/]: Mixin config lambdynlights.lightsource.mixins.json does not specify "minVersion" or "requiredFeatures" property
[15mai.2026 20:39:06.473] [main/DEBUG] [mixin/]: Mixin config ce.mixins.json does not specify "minVersion" or "requiredFeatures" property
[15mai.2026 20:39:06.474] [main/DEBUG] [mixin/]: Mixin config yumi_mc_core.mixins.json does not specify "minVersion" or "requiredFeatures" property
[15mai.2026 20:39:06.474] [main/DEBUG] [mixin/]: Mixin config yumi_mc_core.neoforge.mixins.json does not specify "minVersion" or "requiredFeatures" property
[15mai.2026 20:39:06.475] [main/DEBUG] [mixin/]: Compatibility level JAVA_17 specified by terrablender.mixins.json is lower than the default level supported by the current mixin service (JAVA_21).
[15mai.2026 20:39:06.475] [main/DEBUG] [mixin/]: Compatibility level JAVA_17 specified by terrablender.mixins.json is higher than the maximum level supported by this version of mixin (JAVA_13).
[15mai.2026 20:39:06.476] [main/DEBUG] [mixin/]: Compatibility level JAVA_17 specified by terrablender.neoforge.mixins.json is lower than the default level supported by the current mixin service (JAVA_21).
[15mai.2026 20:39:06.476] [main/DEBUG] [mixin/]: Compatibility level JAVA_17 specified by terrablender.neoforge.mixins.json is higher than the maximum level supported by this version of mixin (JAVA_13).
[15mai.2026 20:39:06.477] [main/DEBUG] [mixin/]: Compatibility level JAVA_21 specified by mousetweaks.mixins.json is higher than the maximum level supported by this version of mixin (JAVA_13).
[15mai.2026 20:39:06.478] [main/DEBUG] [mixin/]: Compatibility level JAVA_21 specified by jade.mixins.json is higher than the maximum level supported by this version of mixin (JAVA_13).
[15mai.2026 20:39:06.479] [main/DEBUG] [mixin/]: Compatibility level JAVA_17 specified by ferritecore.fastmap.mixin.json is lower than the default level supported by the current mixin service (JAVA_21).
[15mai.2026 20:39:06.479] [main/DEBUG] [mixin/]: Compatibility level JAVA_17 specified by ferritecore.fastmap.mixin.json is higher than the maximum level supported by this version of mixin (JAVA_13).
[15mai.2026 20:39:06.480] [main/DEBUG] [mixin/]: Compatibility level JAVA_17 specified by ferritecore.blockstatecache.mixin.json is lower than the default level supported by the current mixin service (JAVA_21).
[15mai.2026 20:39:06.480] [main/DEBUG] [mixin/]: Compatibility level JAVA_17 specified by ferritecore.blockstatecache.mixin.json is higher than the maximum level supported by this version of mixin (JAVA_13).
[15mai.2026 20:39:06.480] [main/DEBUG] [mixin/]: Compatibility level JAVA_17 specified by ferritecore.threaddetec.mixin.json is lower than the default level supported by the current mixin service (JAVA_21).
[15mai.2026 20:39:06.481] [main/DEBUG] [mixin/]: Compatibility level JAVA_17 specified by ferritecore.threaddetec.mixin.json is higher than the maximum level supported by this version of mixin (JAVA_13).
[15mai.2026 20:39:06.481] [main/DEBUG] [mixin/]: Compatibility level JAVA_17 specified by ferritecore.accessors.mixin.json is lower than the default level supported by the current mixin service (JAVA_21).
[15mai.2026 20:39:06.481] [main/DEBUG] [mixin/]: Compatibility level JAVA_17 specified by ferritecore.accessors.mixin.json is higher than the maximum level supported by this version of mixin (JAVA_13).
[15mai.2026 20:39:06.482] [main/DEBUG] [mixin/]: Compatibility level JAVA_17 specified by ferritecore.datacomponents.mixin.json is lower than the default level supported by the current mixin service (JAVA_21).
[15mai.2026 20:39:06.482] [main/DEBUG] [mixin/]: Compatibility level JAVA_17 specified by ferritecore.datacomponents.mixin.json is higher than the maximum level supported by this version of mixin (JAVA_13).
[15mai.2026 20:39:06.484] [main/DEBUG] [mixin/]: Compatibility level JAVA_21 specified by lithium.mixins.json is higher than the maximum level supported by this version of mixin (JAVA_13).
[15mai.2026 20:39:06.484] [main/DEBUG] [mixin/]: Mixin config lithium.mixins.json does not specify "minVersion" or "requiredFeatures" property
[15mai.2026 20:39:06.485] [main/DEBUG] [mixin/]: Compatibility level JAVA_21 specified by lithium-neoforge.mixins.json is higher than the maximum level supported by this version of mixin (JAVA_13).
[15mai.2026 20:39:06.485] [main/DEBUG] [mixin/]: Mixin config lithium-neoforge.mixins.json does not specify "minVersion" or "requiredFeatures" property
[15mai.2026 20:39:06.486] [main/DEBUG] [mixin/]: Compatibility level JAVA_21 specified by player_animation_library.mixins.json is higher than the maximum level supported by this version of mixin (JAVA_13).
[15mai.2026 20:39:06.487] [main/DEBUG] [mixin/]: Compatibility level JAVA_17 specified by badoptimizations.mixins.json is lower than the default level supported by the current mixin service (JAVA_21).
[15mai.2026 20:39:06.487] [main/DEBUG] [mixin/]: Compatibility level JAVA_17 specified by badoptimizations.mixins.json is higher than the maximum level supported by this version of mixin (JAVA_13).
[15mai.2026 20:39:06.487] [main/DEBUG] [mixin/]: Mixin config palladium.mixins.json does not specify "minVersion" or "requiredFeatures" property
[15mai.2026 20:39:06.488] [main/DEBUG] [mixin/]: Compatibility level JAVA_18 specified by clumps.mixins.json is lower than the default level supported by the current mixin service (JAVA_21).
[15mai.2026 20:39:06.488] [main/DEBUG] [mixin/]: Compatibility level JAVA_18 specified by clumps.mixins.json is higher than the maximum level supported by this version of mixin (JAVA_13).
[15mai.2026 20:39:06.489] [main/DEBUG] [mixin/]: Compatibility level JAVA_21 specified by modernfix-modernfix.mixins.json is higher than the maximum level supported by this version of mixin (JAVA_13).
[15mai.2026 20:39:06.489] [main/DEBUG] [mixin/]: Mixin config spruceui.mixins.json does not specify "minVersion" or "requiredFeatures" property
[15mai.2026 20:39:06.491] [main/DEBUG] [mixin/]: Processing launch tasks for PlatformAgent[MixinPlatformAgentDefault:ContainerHandleVirtual(fml:18c85)]
[15mai.2026 20:39:06.491] [main/DEBUG] [mixin/]: Processing launch tasks for PlatformAgent[MixinPlatformAgentDefault:ContainerHandleVirtual(fml:18c85)]
[15mai.2026 20:39:06.491] [main/DEBUG] [mixin/]: Adding agents for Mixin Container jar(mods/dynamic-fps-3.11.6+minecraft-26.1.0-neoforge.jar) > jar(mods/dynamic-fps-3.11.6+minecraft-26.1.0-neoforge.jar > battery-2.0.0.jar)
[15mai.2026 20:39:06.492] [main/DEBUG] [mixin/]: Adding mixin platform agents for container jar(mods/dynamic-fps-3.11.6+minecraft-26.1.0-neoforge.jar) > jar(mods/dynamic-fps-3.11.6+minecraft-26.1.0-neoforge.jar > battery-2.0.0.jar)
[15mai.2026 20:39:06.492] [main/DEBUG] [mixin/]: Instancing new MixinPlatformAgentDefault for jar(mods/dynamic-fps-3.11.6+minecraft-26.1.0-neoforge.jar) > jar(mods/dynamic-fps-3.11.6+minecraft-26.1.0-neoforge.jar > battery-2.0.0.jar)
[15mai.2026 20:39:06.492] [main/DEBUG] [mixin/]: MixinPlatformAgentDefault accepted container jar(mods/dynamic-fps-3.11.6+minecraft-26.1.0-neoforge.jar) > jar(mods/dynamic-fps-3.11.6+minecraft-26.1.0-neoforge.jar > battery-2.0.0.jar)
[15mai.2026 20:39:06.492] [main/DEBUG] [mixin/]: Instancing new MixinPlatformAgentDefault for jar(mods/dynamic-fps-3.11.6+minecraft-26.1.0-neoforge.jar) > jar(mods/dynamic-fps-3.11.6+minecraft-26.1.0-neoforge.jar > battery-2.0.0.jar)
[15mai.2026 20:39:06.492] [main/DEBUG] [mixin/]: MixinPlatformAgentDefault accepted container jar(mods/dynamic-fps-3.11.6+minecraft-26.1.0-neoforge.jar) > jar(mods/dynamic-fps-3.11.6+minecraft-26.1.0-neoforge.jar > battery-2.0.0.jar)
[15mai.2026 20:39:06.492] [main/DEBUG] [mixin/]: Processing prepare() for PlatformAgent[MixinPlatformAgentDefault:jar(mods/dynamic-fps-3.11.6+minecraft-26.1.0-neoforge.jar) > jar(mods/dynamic-fps-3.11.6+minecraft-26.1.0-neoforge.jar > battery-2.0.0.jar)]
[15mai.2026 20:39:06.492] [main/DEBUG] [mixin/]: Processing prepare() for PlatformAgent[MixinPlatformAgentDefault:jar(mods/dynamic-fps-3.11.6+minecraft-26.1.0-neoforge.jar) > jar(mods/dynamic-fps-3.11.6+minecraft-26.1.0-neoforge.jar > battery-2.0.0.jar)]
[15mai.2026 20:39:06.492] [main/DEBUG] [mixin/]: Adding agents for Mixin Container jar(C:/Users/arthu/Downloads/Cursed Energy/ce-26.x/libs/palladium-5.0.0+26.1.2.jar) > jar(C:/Users/arthu/Downloads/Cursed Energy/ce-26.x/libs/palladium-5.0.0+26.1.2.jar > PlayerAnimationLibNeo-1.2.3+mc.26.1.jar) > jar(C:/Users/arthu/Downloads/Cursed Energy/ce-26.x/libs/palladium-5.0.0+26.1.2.jar > PlayerAnimationLibNeo-1.2.3+mc.26.1.jar > services-1.2.6.jar)
[15mai.2026 20:39:06.493] [main/DEBUG] [mixin/]: Adding mixin platform agents for container jar(C:/Users/arthu/Downloads/Cursed Energy/ce-26.x/libs/palladium-5.0.0+26.1.2.jar) > jar(C:/Users/arthu/Downloads/Cursed Energy/ce-26.x/libs/palladium-5.0.0+26.1.2.jar > PlayerAnimationLibNeo-1.2.3+mc.26.1.jar) > jar(C:/Users/arthu/Downloads/Cursed Energy/ce-26.x/libs/palladium-5.0.0+26.1.2.jar > PlayerAnimationLibNeo-1.2.3+mc.26.1.jar > services-1.2.6.jar)
[15mai.2026 20:39:06.493] [main/DEBUG] [mixin/]: Instancing new MixinPlatformAgentDefault for jar(C:/Users/arthu/Downloads/Cursed Energy/ce-26.x/libs/palladium-5.0.0+26.1.2.jar) > jar(C:/Users/arthu/Downloads/Cursed Energy/ce-26.x/libs/palladium-5.0.0+26.1.2.jar > PlayerAnimationLibNeo-1.2.3+mc.26.1.jar) > jar(C:/Users/arthu/Downloads/Cursed Energy/ce-26.x/libs/palladium-5.0.0+26.1.2.jar > PlayerAnimationLibNeo-1.2.3+mc.26.1.jar > services-1.2.6.jar)
[15mai.2026 20:39:06.493] [main/DEBUG] [mixin/]: MixinPlatformAgentDefault accepted container jar(C:/Users/arthu/Downloads/Cursed Energy/ce-26.x/libs/palladium-5.0.0+26.1.2.jar) > jar(C:/Users/arthu/Downloads/Cursed Energy/ce-26.x/libs/palladium-5.0.0+26.1.2.jar > PlayerAnimationLibNeo-1.2.3+mc.26.1.jar) > jar(C:/Users/arthu/Downloads/Cursed Energy/ce-26.x/libs/palladium-5.0.0+26.1.2.jar > PlayerAnimationLibNeo-1.2.3+mc.26.1.jar > services-1.2.6.jar)
[15mai.2026 20:39:06.493] [main/DEBUG] [mixin/]: Instancing new MixinPlatformAgentDefault for jar(C:/Users/arthu/Downloads/Cursed Energy/ce-26.x/libs/palladium-5.0.0+26.1.2.jar) > jar(C:/Users/arthu/Downloads/Cursed Energy/ce-26.x/libs/palladium-5.0.0+26.1.2.jar > PlayerAnimationLibNeo-1.2.3+mc.26.1.jar) > jar(C:/Users/arthu/Downloads/Cursed Energy/ce-26.x/libs/palladium-5.0.0+26.1.2.jar > PlayerAnimationLibNeo-1.2.3+mc.26.1.jar > services-1.2.6.jar)
[15mai.2026 20:39:06.493] [main/DEBUG] [mixin/]: MixinPlatformAgentDefault accepted container jar(C:/Users/arthu/Downloads/Cursed Energy/ce-26.x/libs/palladium-5.0.0+26.1.2.jar) > jar(C:/Users/arthu/Downloads/Cursed Energy/ce-26.x/libs/palladium-5.0.0+26.1.2.jar > PlayerAnimationLibNeo-1.2.3+mc.26.1.jar) > jar(C:/Users/arthu/Downloads/Cursed Energy/ce-26.x/libs/palladium-5.0.0+26.1.2.jar > PlayerAnimationLibNeo-1.2.3+mc.26.1.jar > services-1.2.6.jar)
[15mai.2026 20:39:06.493] [main/DEBUG] [mixin/]: Processing prepare() for PlatformAgent[MixinPlatformAgentDefault:jar(C:/Users/arthu/Downloads/Cursed Energy/ce-26.x/libs/palladium-5.0.0+26.1.2.jar) > jar(C:/Users/arthu/Downloads/Cursed Energy/ce-26.x/libs/palladium-5.0.0+26.1.2.jar > PlayerAnimationLibNeo-1.2.3+mc.26.1.jar) > jar(C:/Users/arthu/Downloads/Cursed Energy/ce-26.x/libs/palladium-5.0.0+26.1.2.jar > PlayerAnimationLibNeo-1.2.3+mc.26.1.jar > services-1.2.6.jar)]
[15mai.2026 20:39:06.494] [main/DEBUG] [mixin/]: Processing prepare() for PlatformAgent[MixinPlatformAgentDefault:jar(C:/Users/arthu/Downloads/Cursed Energy/ce-26.x/libs/palladium-5.0.0+26.1.2.jar) > jar(C:/Users/arthu/Downloads/Cursed Energy/ce-26.x/libs/palladium-5.0.0+26.1.2.jar > PlayerAnimationLibNeo-1.2.3+mc.26.1.jar) > jar(C:/Users/arthu/Downloads/Cursed Energy/ce-26.x/libs/palladium-5.0.0+26.1.2.jar > PlayerAnimationLibNeo-1.2.3+mc.26.1.jar > services-1.2.6.jar)]
[15mai.2026 20:39:06.494] [main/DEBUG] [mixin/]: Adding agents for Mixin Container jar(mods/ImmediatelyFast-NeoForge-1.15.2+26.1.2.jar) > jar(mods/ImmediatelyFast-NeoForge-1.15.2+26.1.2.jar > Reflect-1.6.2.jar)
[15mai.2026 20:39:06.494] [main/DEBUG] [mixin/]: Adding mixin platform agents for container jar(mods/ImmediatelyFast-NeoForge-1.15.2+26.1.2.jar) > jar(mods/ImmediatelyFast-NeoForge-1.15.2+26.1.2.jar > Reflect-1.6.2.jar)
[15mai.2026 20:39:06.495] [main/DEBUG] [mixin/]: Instancing new MixinPlatformAgentDefault for jar(mods/ImmediatelyFast-NeoForge-1.15.2+26.1.2.jar) > jar(mods/ImmediatelyFast-NeoForge-1.15.2+26.1.2.jar > Reflect-1.6.2.jar)
[15mai.2026 20:39:06.495] [main/DEBUG] [mixin/]: MixinPlatformAgentDefault accepted container jar(mods/ImmediatelyFast-NeoForge-1.15.2+26.1.2.jar) > jar(mods/ImmediatelyFast-NeoForge-1.15.2+26.1.2.jar > Reflect-1.6.2.jar)
[15mai.2026 20:39:06.495] [main/DEBUG] [mixin/]: Instancing new MixinPlatformAgentDefault for jar(mods/ImmediatelyFast-NeoForge-1.15.2+26.1.2.jar) > jar(mods/ImmediatelyFast-NeoForge-1.15.2+26.1.2.jar > Reflect-1.6.2.jar)
[15mai.2026 20:39:06.495] [main/DEBUG] [mixin/]: MixinPlatformAgentDefault accepted container jar(mods/ImmediatelyFast-NeoForge-1.15.2+26.1.2.jar) > jar(mods/ImmediatelyFast-NeoForge-1.15.2+26.1.2.jar > Reflect-1.6.2.jar)
[15mai.2026 20:39:06.495] [main/DEBUG] [mixin/]: Processing prepare() for PlatformAgent[MixinPlatformAgentDefault:jar(mods/ImmediatelyFast-NeoForge-1.15.2+26.1.2.jar) > jar(mods/ImmediatelyFast-NeoForge-1.15.2+26.1.2.jar > Reflect-1.6.2.jar)]
[15mai.2026 20:39:06.495] [main/DEBUG] [mixin/]: Processing prepare() for PlatformAgent[MixinPlatformAgentDefault:jar(mods/ImmediatelyFast-NeoForge-1.15.2+26.1.2.jar) > jar(mods/ImmediatelyFast-NeoForge-1.15.2+26.1.2.jar > Reflect-1.6.2.jar)]
[15mai.2026 20:39:06.496] [main/DEBUG] [mixin/]: Adding agents for Mixin Container composite(filtered(jar(C:/Users/arthu/.gradle/caches/modules-2/files-2.1/net.neoforged/neoforge/26.1.2.55-beta/254d7a874527097de6dc8eed62ae4397697677e2/neoforge-26.1.2.55-beta-universal.jar))) > jar(C:/Users/arthu/.gradle/caches/modules-2/files-2.1/net.neoforged/neoforge/26.1.2.55-beta/254d7a874527097de6dc8eed62ae4397697677e2/neoforge-26.1.2.55-beta-universal.jar > net.neoforged.neoforge-coremods-26.1.2.55-beta.jar)
[15mai.2026 20:39:06.496] [main/DEBUG] [mixin/]: Adding mixin platform agents for container composite(filtered(jar(C:/Users/arthu/.gradle/caches/modules-2/files-2.1/net.neoforged/neoforge/26.1.2.55-beta/254d7a874527097de6dc8eed62ae4397697677e2/neoforge-26.1.2.55-beta-universal.jar))) > jar(C:/Users/arthu/.gradle/caches/modules-2/files-2.1/net.neoforged/neoforge/26.1.2.55-beta/254d7a874527097de6dc8eed62ae4397697677e2/neoforge-26.1.2.55-beta-universal.jar > net.neoforged.neoforge-coremods-26.1.2.55-beta.jar)
[15mai.2026 20:39:06.496] [main/DEBUG] [mixin/]: Instancing new MixinPlatformAgentDefault for composite(filtered(jar(C:/Users/arthu/.gradle/caches/modules-2/files-2.1/net.neoforged/neoforge/26.1.2.55-beta/254d7a874527097de6dc8eed62ae4397697677e2/neoforge-26.1.2.55-beta-universal.jar))) > jar(C:/Users/arthu/.gradle/caches/modules-2/files-2.1/net.neoforged/neoforge/26.1.2.55-beta/254d7a874527097de6dc8eed62ae4397697677e2/neoforge-26.1.2.55-beta-universal.jar > net.neoforged.neoforge-coremods-26.1.2.55-beta.jar)
[15mai.2026 20:39:06.496] [main/DEBUG] [mixin/]: MixinPlatformAgentDefault accepted container composite(filtered(jar(C:/Users/arthu/.gradle/caches/modules-2/files-2.1/net.neoforged/neoforge/26.1.2.55-beta/254d7a874527097de6dc8eed62ae4397697677e2/neoforge-26.1.2.55-beta-universal.jar))) > jar(C:/Users/arthu/.gradle/caches/modules-2/files-2.1/net.neoforged/neoforge/26.1.2.55-beta/254d7a874527097de6dc8eed62ae4397697677e2/neoforge-26.1.2.55-beta-universal.jar > net.neoforged.neoforge-coremods-26.1.2.55-beta.jar)
[15mai.2026 20:39:06.497] [main/DEBUG] [mixin/]: Instancing new MixinPlatformAgentDefault for composite(filtered(jar(C:/Users/arthu/.gradle/caches/modules-2/files-2.1/net.neoforged/neoforge/26.1.2.55-beta/254d7a874527097de6dc8eed62ae4397697677e2/neoforge-26.1.2.55-beta-universal.jar))) > jar(C:/Users/arthu/.gradle/caches/modules-2/files-2.1/net.neoforged/neoforge/26.1.2.55-beta/254d7a874527097de6dc8eed62ae4397697677e2/neoforge-26.1.2.55-beta-universal.jar > net.neoforged.neoforge-coremods-26.1.2.55-beta.jar)
[15mai.2026 20:39:06.497] [main/DEBUG] [mixin/]: MixinPlatformAgentDefault accepted container composite(filtered(jar(C:/Users/arthu/.gradle/caches/modules-2/files-2.1/net.neoforged/neoforge/26.1.2.55-beta/254d7a874527097de6dc8eed62ae4397697677e2/neoforge-26.1.2.55-beta-universal.jar))) > jar(C:/Users/arthu/.gradle/caches/modules-2/files-2.1/net.neoforged/neoforge/26.1.2.55-beta/254d7a874527097de6dc8eed62ae4397697677e2/neoforge-26.1.2.55-beta-universal.jar > net.neoforged.neoforge-coremods-26.1.2.55-beta.jar)
[15mai.2026 20:39:06.497] [main/DEBUG] [mixin/]: Processing prepare() for PlatformAgent[MixinPlatformAgentDefault:composite(filtered(jar(C:/Users/arthu/.gradle/caches/modules-2/files-2.1/net.neoforged/neoforge/26.1.2.55-beta/254d7a874527097de6dc8eed62ae4397697677e2/neoforge-26.1.2.55-beta-universal.jar))) > jar(C:/Users/arthu/.gradle/caches/modules-2/files-2.1/net.neoforged/neoforge/26.1.2.55-beta/254d7a874527097de6dc8eed62ae4397697677e2/neoforge-26.1.2.55-beta-universal.jar > net.neoforged.neoforge-coremods-26.1.2.55-beta.jar)]
[15mai.2026 20:39:06.497] [main/DEBUG] [mixin/]: Processing prepare() for PlatformAgent[MixinPlatformAgentDefault:composite(filtered(jar(C:/Users/arthu/.gradle/caches/modules-2/files-2.1/net.neoforged/neoforge/26.1.2.55-beta/254d7a874527097de6dc8eed62ae4397697677e2/neoforge-26.1.2.55-beta-universal.jar))) > jar(C:/Users/arthu/.gradle/caches/modules-2/files-2.1/net.neoforged/neoforge/26.1.2.55-beta/254d7a874527097de6dc8eed62ae4397697677e2/neoforge-26.1.2.55-beta-universal.jar > net.neoforged.neoforge-coremods-26.1.2.55-beta.jar)]
[15mai.2026 20:39:06.497] [main/DEBUG] [mixin/]: Adding agents for Mixin Container jar(mods/lambdynamiclights-4.10.2+26.1.2.jar) > jar(mods/lambdynamiclights-4.10.2+26.1.2.jar > lambdynamiclights-api-4.10.2+26.1.2.jar) > jar(mods/lambdynamiclights-4.10.2+26.1.2.jar > lambdynamiclights-api-4.10.2+26.1.2.jar > yumi-commons-core-2.0.0.jar)
[15mai.2026 20:39:06.498] [main/DEBUG] [mixin/]: Adding mixin platform agents for container jar(mods/lambdynamiclights-4.10.2+26.1.2.jar) > jar(mods/lambdynamiclights-4.10.2+26.1.2.jar > lambdynamiclights-api-4.10.2+26.1.2.jar) > jar(mods/lambdynamiclights-4.10.2+26.1.2.jar > lambdynamiclights-api-4.10.2+26.1.2.jar > yumi-commons-core-2.0.0.jar)
[15mai.2026 20:39:06.498] [main/DEBUG] [mixin/]: Instancing new MixinPlatformAgentDefault for jar(mods/lambdynamiclights-4.10.2+26.1.2.jar) > jar(mods/lambdynamiclights-4.10.2+26.1.2.jar > lambdynamiclights-api-4.10.2+26.1.2.jar) > jar(mods/lambdynamiclights-4.10.2+26.1.2.jar > lambdynamiclights-api-4.10.2+26.1.2.jar > yumi-commons-core-2.0.0.jar)
[15mai.2026 20:39:06.498] [main/DEBUG] [mixin/]: MixinPlatformAgentDefault accepted container jar(mods/lambdynamiclights-4.10.2+26.1.2.jar) > jar(mods/lambdynamiclights-4.10.2+26.1.2.jar > lambdynamiclights-api-4.10.2+26.1.2.jar) > jar(mods/lambdynamiclights-4.10.2+26.1.2.jar > lambdynamiclights-api-4.10.2+26.1.2.jar > yumi-commons-core-2.0.0.jar)
[15mai.2026 20:39:06.498] [main/DEBUG] [mixin/]: Instancing new MixinPlatformAgentDefault for jar(mods/lambdynamiclights-4.10.2+26.1.2.jar) > jar(mods/lambdynamiclights-4.10.2+26.1.2.jar > lambdynamiclights-api-4.10.2+26.1.2.jar) > jar(mods/lambdynamiclights-4.10.2+26.1.2.jar > lambdynamiclights-api-4.10.2+26.1.2.jar > yumi-commons-core-2.0.0.jar)
[15mai.2026 20:39:06.498] [main/DEBUG] [mixin/]: MixinPlatformAgentDefault accepted container jar(mods/lambdynamiclights-4.10.2+26.1.2.jar) > jar(mods/lambdynamiclights-4.10.2+26.1.2.jar > lambdynamiclights-api-4.10.2+26.1.2.jar) > jar(mods/lambdynamiclights-4.10.2+26.1.2.jar > lambdynamiclights-api-4.10.2+26.1.2.jar > yumi-commons-core-2.0.0.jar)
[15mai.2026 20:39:06.498] [main/DEBUG] [mixin/]: Processing prepare() for PlatformAgent[MixinPlatformAgentDefault:jar(mods/lambdynamiclights-4.10.2+26.1.2.jar) > jar(mods/lambdynamiclights-4.10.2+26.1.2.jar > lambdynamiclights-api-4.10.2+26.1.2.jar) > jar(mods/lambdynamiclights-4.10.2+26.1.2.jar > lambdynamiclights-api-4.10.2+26.1.2.jar > yumi-commons-core-2.0.0.jar)]
[15mai.2026 20:39:06.498] [main/DEBUG] [mixin/]: Processing prepare() for PlatformAgent[MixinPlatformAgentDefault:jar(mods/lambdynamiclights-4.10.2+26.1.2.jar) > jar(mods/lambdynamiclights-4.10.2+26.1.2.jar > lambdynamiclights-api-4.10.2+26.1.2.jar) > jar(mods/lambdynamiclights-4.10.2+26.1.2.jar > lambdynamiclights-api-4.10.2+26.1.2.jar > yumi-commons-core-2.0.0.jar)]
[15mai.2026 20:39:06.499] [main/DEBUG] [mixin/]: Adding agents for Mixin Container jar(C:/Users/arthu/Downloads/Cursed Energy/ce-26.x/libs/palladium-5.0.0+26.1.2.jar) > jar(C:/Users/arthu/Downloads/Cursed Energy/ce-26.x/libs/palladium-5.0.0+26.1.2.jar > PlayerAnimationLibNeo-1.2.3+mc.26.1.jar) > jar(C:/Users/arthu/Downloads/Cursed Energy/ce-26.x/libs/palladium-5.0.0+26.1.2.jar > PlayerAnimationLibNeo-1.2.3+mc.26.1.jar > mochafloats-5.0.0.jar)
[15mai.2026 20:39:06.499] [main/DEBUG] [mixin/]: Adding mixin platform agents for container jar(C:/Users/arthu/Downloads/Cursed Energy/ce-26.x/libs/palladium-5.0.0+26.1.2.jar) > jar(C:/Users/arthu/Downloads/Cursed Energy/ce-26.x/libs/palladium-5.0.0+26.1.2.jar > PlayerAnimationLibNeo-1.2.3+mc.26.1.jar) > jar(C:/Users/arthu/Downloads/Cursed Energy/ce-26.x/libs/palladium-5.0.0+26.1.2.jar > PlayerAnimationLibNeo-1.2.3+mc.26.1.jar > mochafloats-5.0.0.jar)
[15mai.2026 20:39:06.499] [main/DEBUG] [mixin/]: Instancing new MixinPlatformAgentDefault for jar(C:/Users/arthu/Downloads/Cursed Energy/ce-26.x/libs/palladium-5.0.0+26.1.2.jar) > jar(C:/Users/arthu/Downloads/Cursed Energy/ce-26.x/libs/palladium-5.0.0+26.1.2.jar > PlayerAnimationLibNeo-1.2.3+mc.26.1.jar) > jar(C:/Users/arthu/Downloads/Cursed Energy/ce-26.x/libs/palladium-5.0.0+26.1.2.jar > PlayerAnimationLibNeo-1.2.3+mc.26.1.jar > mochafloats-5.0.0.jar)
[15mai.2026 20:39:06.499] [main/DEBUG] [mixin/]: MixinPlatformAgentDefault accepted container jar(C:/Users/arthu/Downloads/Cursed Energy/ce-26.x/libs/palladium-5.0.0+26.1.2.jar) > jar(C:/Users/arthu/Downloads/Cursed Energy/ce-26.x/libs/palladium-5.0.0+26.1.2.jar > PlayerAnimationLibNeo-1.2.3+mc.26.1.jar) > jar(C:/Users/arthu/Downloads/Cursed Energy/ce-26.x/libs/palladium-5.0.0+26.1.2.jar > PlayerAnimationLibNeo-1.2.3+mc.26.1.jar > mochafloats-5.0.0.jar)
[15mai.2026 20:39:06.499] [main/DEBUG] [mixin/]: Instancing new MixinPlatformAgentDefault for jar(C:/Users/arthu/Downloads/Cursed Energy/ce-26.x/libs/palladium-5.0.0+26.1.2.jar) > jar(C:/Users/arthu/Downloads/Cursed Energy/ce-26.x/libs/palladium-5.0.0+26.1.2.jar > PlayerAnimationLibNeo-1.2.3+mc.26.1.jar) > jar(C:/Users/arthu/Downloads/Cursed Energy/ce-26.x/libs/palladium-5.0.0+26.1.2.jar > PlayerAnimationLibNeo-1.2.3+mc.26.1.jar > mochafloats-5.0.0.jar)
[15mai.2026 20:39:06.500] [main/DEBUG] [mixin/]: MixinPlatformAgentDefault accepted container jar(C:/Users/arthu/Downloads/Cursed Energy/ce-26.x/libs/palladium-5.0.0+26.1.2.jar) > jar(C:/Users/arthu/Downloads/Cursed Energy/ce-26.x/libs/palladium-5.0.0+26.1.2.jar > PlayerAnimationLibNeo-1.2.3+mc.26.1.jar) > jar(C:/Users/arthu/Downloads/Cursed Energy/ce-26.x/libs/palladium-5.0.0+26.1.2.jar > PlayerAnimationLibNeo-1.2.3+mc.26.1.jar > mochafloats-5.0.0.jar)
[15mai.2026 20:39:06.500] [main/DEBUG] [mixin/]: Processing prepare() for PlatformAgent[MixinPlatformAgentDefault:jar(C:/Users/arthu/Downloads/Cursed Energy/ce-26.x/libs/palladium-5.0.0+26.1.2.jar) > jar(C:/Users/arthu/Downloads/Cursed Energy/ce-26.x/libs/palladium-5.0.0+26.1.2.jar > PlayerAnimationLibNeo-1.2.3+mc.26.1.jar) > jar(C:/Users/arthu/Downloads/Cursed Energy/ce-26.x/libs/palladium-5.0.0+26.1.2.jar > PlayerAnimationLibNeo-1.2.3+mc.26.1.jar > mochafloats-5.0.0.jar)]
[15mai.2026 20:39:06.500] [main/DEBUG] [mixin/]: Processing prepare() for PlatformAgent[MixinPlatformAgentDefault:jar(C:/Users/arthu/Downloads/Cursed Energy/ce-26.x/libs/palladium-5.0.0+26.1.2.jar) > jar(C:/Users/arthu/Downloads/Cursed Energy/ce-26.x/libs/palladium-5.0.0+26.1.2.jar > PlayerAnimationLibNeo-1.2.3+mc.26.1.jar) > jar(C:/Users/arthu/Downloads/Cursed Energy/ce-26.x/libs/palladium-5.0.0+26.1.2.jar > PlayerAnimationLibNeo-1.2.3+mc.26.1.jar > mochafloats-5.0.0.jar)]
[15mai.2026 20:39:06.500] [main/DEBUG] [mixin/]: Adding agents for Mixin Container composite(filtered(jar(C:/Users/arthu/.gradle/caches/modules-2/files-2.1/net.neoforged/neoforge/26.1.2.55-beta/254d7a874527097de6dc8eed62ae4397697677e2/neoforge-26.1.2.55-beta-universal.jar))) > jar(C:/Users/arthu/.gradle/caches/modules-2/files-2.1/net.neoforged/neoforge/26.1.2.55-beta/254d7a874527097de6dc8eed62ae4397697677e2/neoforge-26.1.2.55-beta-universal.jar > mixinextras-neoforge-0.5.4.jar)
[15mai.2026 20:39:06.500] [main/DEBUG] [mixin/]: Adding mixin platform agents for container composite(filtered(jar(C:/Users/arthu/.gradle/caches/modules-2/files-2.1/net.neoforged/neoforge/26.1.2.55-beta/254d7a874527097de6dc8eed62ae4397697677e2/neoforge-26.1.2.55-beta-universal.jar))) > jar(C:/Users/arthu/.gradle/caches/modules-2/files-2.1/net.neoforged/neoforge/26.1.2.55-beta/254d7a874527097de6dc8eed62ae4397697677e2/neoforge-26.1.2.55-beta-universal.jar > mixinextras-neoforge-0.5.4.jar)
[15mai.2026 20:39:06.500] [main/DEBUG] [mixin/]: Instancing new MixinPlatformAgentDefault for composite(filtered(jar(C:/Users/arthu/.gradle/caches/modules-2/files-2.1/net.neoforged/neoforge/26.1.2.55-beta/254d7a874527097de6dc8eed62ae4397697677e2/neoforge-26.1.2.55-beta-universal.jar))) > jar(C:/Users/arthu/.gradle/caches/modules-2/files-2.1/net.neoforged/neoforge/26.1.2.55-beta/254d7a874527097de6dc8eed62ae4397697677e2/neoforge-26.1.2.55-beta-universal.jar > mixinextras-neoforge-0.5.4.jar)
[15mai.2026 20:39:06.500] [main/DEBUG] [mixin/]: MixinPlatformAgentDefault accepted container composite(filtered(jar(C:/Users/arthu/.gradle/caches/modules-2/files-2.1/net.neoforged/neoforge/26.1.2.55-beta/254d7a874527097de6dc8eed62ae4397697677e2/neoforge-26.1.2.55-beta-universal.jar))) > jar(C:/Users/arthu/.gradle/caches/modules-2/files-2.1/net.neoforged/neoforge/26.1.2.55-beta/254d7a874527097de6dc8eed62ae4397697677e2/neoforge-26.1.2.55-beta-universal.jar > mixinextras-neoforge-0.5.4.jar)
[15mai.2026 20:39:06.501] [main/DEBUG] [mixin/]: Instancing new MixinPlatformAgentDefault for composite(filtered(jar(C:/Users/arthu/.gradle/caches/modules-2/files-2.1/net.neoforged/neoforge/26.1.2.55-beta/254d7a874527097de6dc8eed62ae4397697677e2/neoforge-26.1.2.55-beta-universal.jar))) > jar(C:/Users/arthu/.gradle/caches/modules-2/files-2.1/net.neoforged/neoforge/26.1.2.55-beta/254d7a874527097de6dc8eed62ae4397697677e2/neoforge-26.1.2.55-beta-universal.jar > mixinextras-neoforge-0.5.4.jar)
[15mai.2026 20:39:06.501] [main/DEBUG] [mixin/]: MixinPlatformAgentDefault accepted container composite(filtered(jar(C:/Users/arthu/.gradle/caches/modules-2/files-2.1/net.neoforged/neoforge/26.1.2.55-beta/254d7a874527097de6dc8eed62ae4397697677e2/neoforge-26.1.2.55-beta-universal.jar))) > jar(C:/Users/arthu/.gradle/caches/modules-2/files-2.1/net.neoforged/neoforge/26.1.2.55-beta/254d7a874527097de6dc8eed62ae4397697677e2/neoforge-26.1.2.55-beta-universal.jar > mixinextras-neoforge-0.5.4.jar)
[15mai.2026 20:39:06.501] [main/DEBUG] [mixin/]: Processing prepare() for PlatformAgent[MixinPlatformAgentDefault:composite(filtered(jar(C:/Users/arthu/.gradle/caches/modules-2/files-2.1/net.neoforged/neoforge/26.1.2.55-beta/254d7a874527097de6dc8eed62ae4397697677e2/neoforge-26.1.2.55-beta-universal.jar))) > jar(C:/Users/arthu/.gradle/caches/modules-2/files-2.1/net.neoforged/neoforge/26.1.2.55-beta/254d7a874527097de6dc8eed62ae4397697677e2/neoforge-26.1.2.55-beta-universal.jar > mixinextras-neoforge-0.5.4.jar)]
[15mai.2026 20:39:06.501] [main/DEBUG] [mixin/]: Registering mixin config: mixinextras.init.mixins.json source=composite(filtered(jar(C:/Users/arthu/.gradle/caches/modules-2/files-2.1/net.neoforged/neoforge/26.1.2.55-beta/254d7a874527097de6dc8eed62ae4397697677e2/neoforge-26.1.2.55-beta-universal.jar))) > jar(C:/Users/arthu/.gradle/caches/modules-2/files-2.1/net.neoforged/neoforge/26.1.2.55-beta/254d7a874527097de6dc8eed62ae4397697677e2/neoforge-26.1.2.55-beta-universal.jar > mixinextras-neoforge-0.5.4.jar)
[15mai.2026 20:39:06.503] [main/DEBUG] [mixin/]: Processing prepare() for PlatformAgent[MixinPlatformAgentDefault:composite(filtered(jar(C:/Users/arthu/.gradle/caches/modules-2/files-2.1/net.neoforged/neoforge/26.1.2.55-beta/254d7a874527097de6dc8eed62ae4397697677e2/neoforge-26.1.2.55-beta-universal.jar))) > jar(C:/Users/arthu/.gradle/caches/modules-2/files-2.1/net.neoforged/neoforge/26.1.2.55-beta/254d7a874527097de6dc8eed62ae4397697677e2/neoforge-26.1.2.55-beta-universal.jar > mixinextras-neoforge-0.5.4.jar)]
[15mai.2026 20:39:06.503] [main/DEBUG] [mixin/]: Registering mixin config: mixinextras.init.mixins.json source=composite(filtered(jar(C:/Users/arthu/.gradle/caches/modules-2/files-2.1/net.neoforged/neoforge/26.1.2.55-beta/254d7a874527097de6dc8eed62ae4397697677e2/neoforge-26.1.2.55-beta-universal.jar))) > jar(C:/Users/arthu/.gradle/caches/modules-2/files-2.1/net.neoforged/neoforge/26.1.2.55-beta/254d7a874527097de6dc8eed62ae4397697677e2/neoforge-26.1.2.55-beta-universal.jar > mixinextras-neoforge-0.5.4.jar)
[15mai.2026 20:39:06.503] [main/DEBUG] [mixin/]: Adding agents for Mixin Container jar(mods/lambdynamiclights-4.10.2+26.1.2.jar) > jar(mods/lambdynamiclights-4.10.2+26.1.2.jar > lambdynamiclights-api-4.10.2+26.1.2.jar) > jar(mods/lambdynamiclights-4.10.2+26.1.2.jar > lambdynamiclights-api-4.10.2+26.1.2.jar > yumi-commons-event-2.0.0.jar)
[15mai.2026 20:39:06.503] [main/DEBUG] [mixin/]: Adding mixin platform agents for container jar(mods/lambdynamiclights-4.10.2+26.1.2.jar) > jar(mods/lambdynamiclights-4.10.2+26.1.2.jar > lambdynamiclights-api-4.10.2+26.1.2.jar) > jar(mods/lambdynamiclights-4.10.2+26.1.2.jar > lambdynamiclights-api-4.10.2+26.1.2.jar > yumi-commons-event-2.0.0.jar)
[15mai.2026 20:39:06.503] [main/DEBUG] [mixin/]: Instancing new MixinPlatformAgentDefault for jar(mods/lambdynamiclights-4.10.2+26.1.2.jar) > jar(mods/lambdynamiclights-4.10.2+26.1.2.jar > lambdynamiclights-api-4.10.2+26.1.2.jar) > jar(mods/lambdynamiclights-4.10.2+26.1.2.jar > lambdynamiclights-api-4.10.2+26.1.2.jar > yumi-commons-event-2.0.0.jar)
[15mai.2026 20:39:06.503] [main/DEBUG] [mixin/]: MixinPlatformAgentDefault accepted container jar(mods/lambdynamiclights-4.10.2+26.1.2.jar) > jar(mods/lambdynamiclights-4.10.2+26.1.2.jar > lambdynamiclights-api-4.10.2+26.1.2.jar) > jar(mods/lambdynamiclights-4.10.2+26.1.2.jar > lambdynamiclights-api-4.10.2+26.1.2.jar > yumi-commons-event-2.0.0.jar)
[15mai.2026 20:39:06.503] [main/DEBUG] [mixin/]: Instancing new MixinPlatformAgentDefault for jar(mods/lambdynamiclights-4.10.2+26.1.2.jar) > jar(mods/lambdynamiclights-4.10.2+26.1.2.jar > lambdynamiclights-api-4.10.2+26.1.2.jar) > jar(mods/lambdynamiclights-4.10.2+26.1.2.jar > lambdynamiclights-api-4.10.2+26.1.2.jar > yumi-commons-event-2.0.0.jar)
[15mai.2026 20:39:06.503] [main/DEBUG] [mixin/]: MixinPlatformAgentDefault accepted container jar(mods/lambdynamiclights-4.10.2+26.1.2.jar) > jar(mods/lambdynamiclights-4.10.2+26.1.2.jar > lambdynamiclights-api-4.10.2+26.1.2.jar) > jar(mods/lambdynamiclights-4.10.2+26.1.2.jar > lambdynamiclights-api-4.10.2+26.1.2.jar > yumi-commons-event-2.0.0.jar)
[15mai.2026 20:39:06.504] [main/DEBUG] [mixin/]: Processing prepare() for PlatformAgent[MixinPlatformAgentDefault:jar(mods/lambdynamiclights-4.10.2+26.1.2.jar) > jar(mods/lambdynamiclights-4.10.2+26.1.2.jar > lambdynamiclights-api-4.10.2+26.1.2.jar) > jar(mods/lambdynamiclights-4.10.2+26.1.2.jar > lambdynamiclights-api-4.10.2+26.1.2.jar > yumi-commons-event-2.0.0.jar)]
[15mai.2026 20:39:06.504] [main/DEBUG] [mixin/]: Processing prepare() for PlatformAgent[MixinPlatformAgentDefault:jar(mods/lambdynamiclights-4.10.2+26.1.2.jar) > jar(mods/lambdynamiclights-4.10.2+26.1.2.jar > lambdynamiclights-api-4.10.2+26.1.2.jar) > jar(mods/lambdynamiclights-4.10.2+26.1.2.jar > lambdynamiclights-api-4.10.2+26.1.2.jar > yumi-commons-event-2.0.0.jar)]
[15mai.2026 20:39:06.504] [main/DEBUG] [mixin/]: Adding agents for Mixin Container jar(mods/lambdynamiclights-4.10.2+26.1.2.jar) > jar(mods/lambdynamiclights-4.10.2+26.1.2.jar > lambdynamiclights-api-4.10.2+26.1.2.jar) > jar(mods/lambdynamiclights-4.10.2+26.1.2.jar > lambdynamiclights-api-4.10.2+26.1.2.jar > yumi-commons-collections-2.0.0.jar)
[15mai.2026 20:39:06.504] [main/DEBUG] [mixin/]: Adding mixin platform agents for container jar(mods/lambdynamiclights-4.10.2+26.1.2.jar) > jar(mods/lambdynamiclights-4.10.2+26.1.2.jar > lambdynamiclights-api-4.10.2+26.1.2.jar) > jar(mods/lambdynamiclights-4.10.2+26.1.2.jar > lambdynamiclights-api-4.10.2+26.1.2.jar > yumi-commons-collections-2.0.0.jar)
[15mai.2026 20:39:06.504] [main/DEBUG] [mixin/]: Instancing new MixinPlatformAgentDefault for jar(mods/lambdynamiclights-4.10.2+26.1.2.jar) > jar(mods/lambdynamiclights-4.10.2+26.1.2.jar > lambdynamiclights-api-4.10.2+26.1.2.jar) > jar(mods/lambdynamiclights-4.10.2+26.1.2.jar > lambdynamiclights-api-4.10.2+26.1.2.jar > yumi-commons-collections-2.0.0.jar)
[15mai.2026 20:39:06.504] [main/DEBUG] [mixin/]: MixinPlatformAgentDefault accepted container jar(mods/lambdynamiclights-4.10.2+26.1.2.jar) > jar(mods/lambdynamiclights-4.10.2+26.1.2.jar > lambdynamiclights-api-4.10.2+26.1.2.jar) > jar(mods/lambdynamiclights-4.10.2+26.1.2.jar > lambdynamiclights-api-4.10.2+26.1.2.jar > yumi-commons-collections-2.0.0.jar)
[15mai.2026 20:39:06.504] [main/DEBUG] [mixin/]: Instancing new MixinPlatformAgentDefault for jar(mods/lambdynamiclights-4.10.2+26.1.2.jar) > jar(mods/lambdynamiclights-4.10.2+26.1.2.jar > lambdynamiclights-api-4.10.2+26.1.2.jar) > jar(mods/lambdynamiclights-4.10.2+26.1.2.jar > lambdynamiclights-api-4.10.2+26.1.2.jar > yumi-commons-collections-2.0.0.jar)
[15mai.2026 20:39:06.504] [main/DEBUG] [mixin/]: MixinPlatformAgentDefault accepted container jar(mods/lambdynamiclights-4.10.2+26.1.2.jar) > jar(mods/lambdynamiclights-4.10.2+26.1.2.jar > lambdynamiclights-api-4.10.2+26.1.2.jar) > jar(mods/lambdynamiclights-4.10.2+26.1.2.jar > lambdynamiclights-api-4.10.2+26.1.2.jar > yumi-commons-collections-2.0.0.jar)
[15mai.2026 20:39:06.504] [main/DEBUG] [mixin/]: Processing prepare() for PlatformAgent[MixinPlatformAgentDefault:jar(mods/lambdynamiclights-4.10.2+26.1.2.jar) > jar(mods/lambdynamiclights-4.10.2+26.1.2.jar > lambdynamiclights-api-4.10.2+26.1.2.jar) > jar(mods/lambdynamiclights-4.10.2+26.1.2.jar > lambdynamiclights-api-4.10.2+26.1.2.jar > yumi-commons-collections-2.0.0.jar)]
[15mai.2026 20:39:06.504] [main/DEBUG] [mixin/]: Processing prepare() for PlatformAgent[MixinPlatformAgentDefault:jar(mods/lambdynamiclights-4.10.2+26.1.2.jar) > jar(mods/lambdynamiclights-4.10.2+26.1.2.jar > lambdynamiclights-api-4.10.2+26.1.2.jar) > jar(mods/lambdynamiclights-4.10.2+26.1.2.jar > lambdynamiclights-api-4.10.2+26.1.2.jar > yumi-commons-collections-2.0.0.jar)]
[15mai.2026 20:39:06.504] [main/DEBUG] [mixin/]: inject() running with 10 agents
[15mai.2026 20:39:06.505] [main/DEBUG] [mixin/]: Processing inject() for PlatformAgent[MixinPlatformAgentDefault:ContainerHandleVirtual(fml:18c85)]
[15mai.2026 20:39:06.505] [main/DEBUG] [mixin/]: Processing inject() for PlatformAgent[MixinPlatformAgentDefault:ContainerHandleVirtual(fml:18c85)]
[15mai.2026 20:39:06.505] [main/DEBUG] [mixin/]: Processing inject() for PlatformAgent[MixinPlatformAgentDefault:jar(mods/dynamic-fps-3.11.6+minecraft-26.1.0-neoforge.jar) > jar(mods/dynamic-fps-3.11.6+minecraft-26.1.0-neoforge.jar > battery-2.0.0.jar)]
[15mai.2026 20:39:06.505] [main/DEBUG] [mixin/]: Processing inject() for PlatformAgent[MixinPlatformAgentDefault:jar(mods/dynamic-fps-3.11.6+minecraft-26.1.0-neoforge.jar) > jar(mods/dynamic-fps-3.11.6+minecraft-26.1.0-neoforge.jar > battery-2.0.0.jar)]
[15mai.2026 20:39:06.505] [main/DEBUG] [mixin/]: Processing inject() for PlatformAgent[MixinPlatformAgentDefault:jar(C:/Users/arthu/Downloads/Cursed Energy/ce-26.x/libs/palladium-5.0.0+26.1.2.jar) > jar(C:/Users/arthu/Downloads/Cursed Energy/ce-26.x/libs/palladium-5.0.0+26.1.2.jar > PlayerAnimationLibNeo-1.2.3+mc.26.1.jar) > jar(C:/Users/arthu/Downloads/Cursed Energy/ce-26.x/libs/palladium-5.0.0+26.1.2.jar > PlayerAnimationLibNeo-1.2.3+mc.26.1.jar > services-1.2.6.jar)]
[15mai.2026 20:39:06.505] [main/DEBUG] [mixin/]: Processing inject() for PlatformAgent[MixinPlatformAgentDefault:jar(C:/Users/arthu/Downloads/Cursed Energy/ce-26.x/libs/palladium-5.0.0+26.1.2.jar) > jar(C:/Users/arthu/Downloads/Cursed Energy/ce-26.x/libs/palladium-5.0.0+26.1.2.jar > PlayerAnimationLibNeo-1.2.3+mc.26.1.jar) > jar(C:/Users/arthu/Downloads/Cursed Energy/ce-26.x/libs/palladium-5.0.0+26.1.2.jar > PlayerAnimationLibNeo-1.2.3+mc.26.1.jar > services-1.2.6.jar)]
[15mai.2026 20:39:06.505] [main/DEBUG] [mixin/]: Processing inject() for PlatformAgent[MixinPlatformAgentDefault:jar(mods/ImmediatelyFast-NeoForge-1.15.2+26.1.2.jar) > jar(mods/ImmediatelyFast-NeoForge-1.15.2+26.1.2.jar > Reflect-1.6.2.jar)]
[15mai.2026 20:39:06.505] [main/DEBUG] [mixin/]: Processing inject() for PlatformAgent[MixinPlatformAgentDefault:jar(mods/ImmediatelyFast-NeoForge-1.15.2+26.1.2.jar) > jar(mods/ImmediatelyFast-NeoForge-1.15.2+26.1.2.jar > Reflect-1.6.2.jar)]
[15mai.2026 20:39:06.505] [main/DEBUG] [mixin/]: Processing inject() for PlatformAgent[MixinPlatformAgentDefault:composite(filtered(jar(C:/Users/arthu/.gradle/caches/modules-2/files-2.1/net.neoforged/neoforge/26.1.2.55-beta/254d7a874527097de6dc8eed62ae4397697677e2/neoforge-26.1.2.55-beta-universal.jar))) > jar(C:/Users/arthu/.gradle/caches/modules-2/files-2.1/net.neoforged/neoforge/26.1.2.55-beta/254d7a874527097de6dc8eed62ae4397697677e2/neoforge-26.1.2.55-beta-universal.jar > net.neoforged.neoforge-coremods-26.1.2.55-beta.jar)]
[15mai.2026 20:39:06.505] [main/DEBUG] [mixin/]: Processing inject() for PlatformAgent[MixinPlatformAgentDefault:composite(filtered(jar(C:/Users/arthu/.gradle/caches/modules-2/files-2.1/net.neoforged/neoforge/26.1.2.55-beta/254d7a874527097de6dc8eed62ae4397697677e2/neoforge-26.1.2.55-beta-universal.jar))) > jar(C:/Users/arthu/.gradle/caches/modules-2/files-2.1/net.neoforged/neoforge/26.1.2.55-beta/254d7a874527097de6dc8eed62ae4397697677e2/neoforge-26.1.2.55-beta-universal.jar > net.neoforged.neoforge-coremods-26.1.2.55-beta.jar)]
[15mai.2026 20:39:06.506] [main/DEBUG] [mixin/]: Processing inject() for PlatformAgent[MixinPlatformAgentDefault:jar(mods/lambdynamiclights-4.10.2+26.1.2.jar) > jar(mods/lambdynamiclights-4.10.2+26.1.2.jar > lambdynamiclights-api-4.10.2+26.1.2.jar) > jar(mods/lambdynamiclights-4.10.2+26.1.2.jar > lambdynamiclights-api-4.10.2+26.1.2.jar > yumi-commons-core-2.0.0.jar)]
[15mai.2026 20:39:06.506] [main/DEBUG] [mixin/]: Processing inject() for PlatformAgent[MixinPlatformAgentDefault:jar(mods/lambdynamiclights-4.10.2+26.1.2.jar) > jar(mods/lambdynamiclights-4.10.2+26.1.2.jar > lambdynamiclights-api-4.10.2+26.1.2.jar) > jar(mods/lambdynamiclights-4.10.2+26.1.2.jar > lambdynamiclights-api-4.10.2+26.1.2.jar > yumi-commons-core-2.0.0.jar)]
[15mai.2026 20:39:06.506] [main/DEBUG] [mixin/]: Processing inject() for PlatformAgent[MixinPlatformAgentDefault:jar(C:/Users/arthu/Downloads/Cursed Energy/ce-26.x/libs/palladium-5.0.0+26.1.2.jar) > jar(C:/Users/arthu/Downloads/Cursed Energy/ce-26.x/libs/palladium-5.0.0+26.1.2.jar > PlayerAnimationLibNeo-1.2.3+mc.26.1.jar) > jar(C:/Users/arthu/Downloads/Cursed Energy/ce-26.x/libs/palladium-5.0.0+26.1.2.jar > PlayerAnimationLibNeo-1.2.3+mc.26.1.jar > mochafloats-5.0.0.jar)]
[15mai.2026 20:39:06.506] [main/DEBUG] [mixin/]: Processing inject() for PlatformAgent[MixinPlatformAgentDefault:jar(C:/Users/arthu/Downloads/Cursed Energy/ce-26.x/libs/palladium-5.0.0+26.1.2.jar) > jar(C:/Users/arthu/Downloads/Cursed Energy/ce-26.x/libs/palladium-5.0.0+26.1.2.jar > PlayerAnimationLibNeo-1.2.3+mc.26.1.jar) > jar(C:/Users/arthu/Downloads/Cursed Energy/ce-26.x/libs/palladium-5.0.0+26.1.2.jar > PlayerAnimationLibNeo-1.2.3+mc.26.1.jar > mochafloats-5.0.0.jar)]
[15mai.2026 20:39:06.506] [main/DEBUG] [mixin/]: Processing inject() for PlatformAgent[MixinPlatformAgentDefault:composite(filtered(jar(C:/Users/arthu/.gradle/caches/modules-2/files-2.1/net.neoforged/neoforge/26.1.2.55-beta/254d7a874527097de6dc8eed62ae4397697677e2/neoforge-26.1.2.55-beta-universal.jar))) > jar(C:/Users/arthu/.gradle/caches/modules-2/files-2.1/net.neoforged/neoforge/26.1.2.55-beta/254d7a874527097de6dc8eed62ae4397697677e2/neoforge-26.1.2.55-beta-universal.jar > mixinextras-neoforge-0.5.4.jar)]
[15mai.2026 20:39:06.506] [main/DEBUG] [mixin/]: Processing inject() for PlatformAgent[MixinPlatformAgentDefault:composite(filtered(jar(C:/Users/arthu/.gradle/caches/modules-2/files-2.1/net.neoforged/neoforge/26.1.2.55-beta/254d7a874527097de6dc8eed62ae4397697677e2/neoforge-26.1.2.55-beta-universal.jar))) > jar(C:/Users/arthu/.gradle/caches/modules-2/files-2.1/net.neoforged/neoforge/26.1.2.55-beta/254d7a874527097de6dc8eed62ae4397697677e2/neoforge-26.1.2.55-beta-universal.jar > mixinextras-neoforge-0.5.4.jar)]
[15mai.2026 20:39:06.506] [main/DEBUG] [mixin/]: Processing inject() for PlatformAgent[MixinPlatformAgentDefault:jar(mods/lambdynamiclights-4.10.2+26.1.2.jar) > jar(mods/lambdynamiclights-4.10.2+26.1.2.jar > lambdynamiclights-api-4.10.2+26.1.2.jar) > jar(mods/lambdynamiclights-4.10.2+26.1.2.jar > lambdynamiclights-api-4.10.2+26.1.2.jar > yumi-commons-event-2.0.0.jar)]
[15mai.2026 20:39:06.506] [main/DEBUG] [mixin/]: Processing inject() for PlatformAgent[MixinPlatformAgentDefault:jar(mods/lambdynamiclights-4.10.2+26.1.2.jar) > jar(mods/lambdynamiclights-4.10.2+26.1.2.jar > lambdynamiclights-api-4.10.2+26.1.2.jar) > jar(mods/lambdynamiclights-4.10.2+26.1.2.jar > lambdynamiclights-api-4.10.2+26.1.2.jar > yumi-commons-event-2.0.0.jar)]
[15mai.2026 20:39:06.506] [main/DEBUG] [mixin/]: Processing inject() for PlatformAgent[MixinPlatformAgentDefault:jar(mods/lambdynamiclights-4.10.2+26.1.2.jar) > jar(mods/lambdynamiclights-4.10.2+26.1.2.jar > lambdynamiclights-api-4.10.2+26.1.2.jar) > jar(mods/lambdynamiclights-4.10.2+26.1.2.jar > lambdynamiclights-api-4.10.2+26.1.2.jar > yumi-commons-collections-2.0.0.jar)]
[15mai.2026 20:39:06.506] [main/DEBUG] [mixin/]: Processing inject() for PlatformAgent[MixinPlatformAgentDefault:jar(mods/lambdynamiclights-4.10.2+26.1.2.jar) > jar(mods/lambdynamiclights-4.10.2+26.1.2.jar > lambdynamiclights-api-4.10.2+26.1.2.jar) > jar(mods/lambdynamiclights-4.10.2+26.1.2.jar > lambdynamiclights-api-4.10.2+26.1.2.jar > yumi-commons-collections-2.0.0.jar)]
[15mai.2026 20:39:06.510] [main/DEBUG] [mixin/]: Preparing mixins for MixinEnvironment[DEFAULT]
[15mai.2026 20:39:06.510] [main/DEBUG] [mixin/]: Selecting config lambdynlights.mixins.json
[15mai.2026 20:39:06.544] [main/DEBUG] [mixin/]: Selecting config lambdynlights.lightsource.mixins.json
[15mai.2026 20:39:06.544] [main/DEBUG] [mixin/]: Selecting config ce.mixins.json
[15mai.2026 20:39:06.545] [main/DEBUG] [mixin/]: Selecting config yumi_mc_core.mixins.json
[15mai.2026 20:39:06.545] [main/DEBUG] [mixin/]: Selecting config yumi_mc_core.neoforge.mixins.json
[15mai.2026 20:39:06.546] [main/DEBUG] [mixin/]: Selecting config terrablender.mixins.json
[15mai.2026 20:39:06.547] [main/DEBUG] [mixin/]: Selecting config terrablender.neoforge.mixins.json
[15mai.2026 20:39:06.547] [main/WARN] [mixin/]: Reference map 'terrablender.refmap.json' for terrablender.neoforge.mixins.json could not be read. If this is a development environment you can ignore this message
[15mai.2026 20:39:06.547] [main/DEBUG] [mixin/]: Selecting config mousetweaks.mixins.json
[15mai.2026 20:39:06.547] [main/DEBUG] [mixin/]: Selecting config immediatelyfast-neoforge.mixins.json
[15mai.2026 20:39:06.558] [main/DEBUG] [mixin/]: Selecting config immediatelyfast-common.mixins.json
[15mai.2026 20:39:06.559] [main/DEBUG] [mixin/]: Selecting config jade.mixins.json
[15mai.2026 20:39:06.559] [main/DEBUG] [mixin/]: Selecting config ferritecore.fastmap.mixin.json
[15mai.2026 20:39:06.595] [main/DEBUG] [mixin/]: Selecting config ferritecore.blockstatecache.mixin.json
[15mai.2026 20:39:06.597] [main/DEBUG] [mixin/]: Selecting config ferritecore.threaddetec.mixin.json
[15mai.2026 20:39:06.598] [main/DEBUG] [mixin/]: Selecting config ferritecore.accessors.mixin.json
[15mai.2026 20:39:06.599] [main/DEBUG] [mixin/]: Selecting config ferritecore.datacomponents.mixin.json
[15mai.2026 20:39:06.601] [main/DEBUG] [mixin/]: Selecting config dynamic_fps.neoforge.mixins.json
[15mai.2026 20:39:06.602] [main/DEBUG] [mixin/]: Selecting config lithium.mixins.json
[15mai.2026 20:39:06.619] [main/DEBUG] [Lithium/]: Loaded net.caffeinemc.mods.lithium.neoforge.NeoForgeMixinOverrides@bcb09a6 for service interface net.caffeinemc.mods.lithium.common.services.PlatformMixinOverrides
[15mai.2026 20:39:06.625] [main/INFO] [Lithium/]: Loaded configuration file for Lithium: 168 options available, 0 override(s) found.
[15mai.2026 20:39:06.626] [main/DEBUG] [mixin/]: Selecting config lithium-neoforge.mixins.json
[15mai.2026 20:39:06.626] [main/DEBUG] [mixin/]: Selecting config chat_heads.mixins.json
[15mai.2026 20:39:06.627] [main/DEBUG] [mixin/]: Selecting config player_animation_library.mixins.json
[15mai.2026 20:39:06.628] [main/DEBUG] [mixin/]: Selecting config badoptimizations.mixins.json
[15mai.2026 20:39:06.633] [main/INFO] [BadOptimizations/]: Config version: 6
[15mai.2026 20:39:06.633] [main/INFO] [BadOptimizations/]: BadOptimizations config dump:
[15mai.2026 20:39:06.633] [main/INFO] [BadOptimizations/]: enable_toast_optimizations: true
[15mai.2026 20:39:06.633] [main/INFO] [BadOptimizations/]: ignore_mod_incompatibilities: false
[15mai.2026 20:39:06.633] [main/INFO] [BadOptimizations/]: lightmap_time_change_needed_for_update: 80
[15mai.2026 20:39:06.633] [main/INFO] [BadOptimizations/]: enable_lightmap_caching: true
[15mai.2026 20:39:06.633] [main/INFO] [BadOptimizations/]: enable_particle_manager_optimization: true
[15mai.2026 20:39:06.633] [main/INFO] [BadOptimizations/]: enable_entity_renderer_caching: true
[15mai.2026 20:39:06.633] [main/INFO] [BadOptimizations/]: log_config: true
[15mai.2026 20:39:06.633] [main/INFO] [BadOptimizations/]: enable_remove_redundant_fov_calculations: true
[15mai.2026 20:39:06.635] [main/INFO] [BadOptimizations/]: config_version: 6
[15mai.2026 20:39:06.635] [main/INFO] [BadOptimizations/]: enable_sky_angle_caching_in_worldrenderer: true
[15mai.2026 20:39:06.635] [main/INFO] [BadOptimizations/]: enable_block_entity_renderer_caching: true
[15mai.2026 20:39:06.635] [main/INFO] [BadOptimizations/]: skycolor_time_change_needed_for_update: 3
[15mai.2026 20:39:06.635] [main/INFO] [BadOptimizations/]: enable_entity_flag_caching: true
[15mai.2026 20:39:06.635] [main/INFO] [BadOptimizations/]: ignore_mod_cache_hooks: false
[15mai.2026 20:39:06.635] [main/INFO] [BadOptimizations/]: enable_debug_renderer_disable_if_not_needed: true
[15mai.2026 20:39:06.635] [main/INFO] [BadOptimizations/]: enable_sky_color_caching: true
[15mai.2026 20:39:06.635] [main/INFO] [BadOptimizations/]: enable_remove_tutorial_if_not_demo: true
[15mai.2026 20:39:06.635] [main/INFO] [BadOptimizations/]: show_f3_text: true
[15mai.2026 20:39:06.637] [main/DEBUG] [mixin/]: Selecting config palladium.mixins.json
[15mai.2026 20:39:06.637] [main/DEBUG] [mixin/]: Selecting config clumps.mixins.json
[15mai.2026 20:39:06.638] [main/WARN] [mixin/]: Reference map 'clumps.refmap.json' for clumps.mixins.json could not be read. If this is a development environment you can ignore this message
[15mai.2026 20:39:06.638] [main/DEBUG] [mixin/]: Selecting config neoforge.mixins.json
[15mai.2026 20:39:06.638] [main/DEBUG] [mixin/]: Selecting config modernfix-modernfix.mixins.json
[15mai.2026 20:39:06.711] [main/INFO] [ModernFix/]: Loaded configuration file for ModernFix [unknown]: 76 options available, 0 override(s) found
[15mai.2026 20:39:06.712] [main/INFO] [ModernFix/]: Applying Nashorn fix
[15mai.2026 20:39:06.712] [main/INFO] [ModernFix/]: Configuring Minecraft's max.bg.threads option with 13 threads
[15mai.2026 20:39:06.713] [main/WARN] [mixin/]: Reference map 'modernfix.refmap.json' for modernfix-modernfix.mixins.json could not be read. If this is a development environment you can ignore this message
[15mai.2026 20:39:06.713] [main/DEBUG] [mixin/]: Selecting config spruceui.mixins.json
[15mai.2026 20:39:06.714] [main/DEBUG] [mixin/]: Selecting config dynamic_fps.common.mixins.json
[15mai.2026 20:39:06.714] [main/DEBUG] [mixin/]: Selecting config mixinextras.init.mixins.json
[15mai.2026 20:39:06.739] [main/DEBUG] [MixinExtras|Service/]: com.llamalad7.mixinextras.service.MixinExtrasServiceImpl(version=0.5.4) is taking over from null
[15mai.2026 20:39:06.763] [main/DEBUG] [mixin/]: Registering new injector for @Inject with org.spongepowered.asm.mixin.injection.struct.CallbackInjectionInfo
[15mai.2026 20:39:06.764] [main/DEBUG] [mixin/]: Registering new injector for @ModifyArg with org.spongepowered.asm.mixin.injection.struct.ModifyArgInjectionInfo
[15mai.2026 20:39:06.765] [main/DEBUG] [mixin/]: Registering new injector for @ModifyArgs with org.spongepowered.asm.mixin.injection.struct.ModifyArgsInjectionInfo
[15mai.2026 20:39:06.766] [main/DEBUG] [mixin/]: Registering new injector for @Redirect with org.spongepowered.asm.mixin.injection.struct.RedirectInjectionInfo
[15mai.2026 20:39:06.767] [main/DEBUG] [mixin/]: Registering new injector for @ModifyVariable with org.spongepowered.asm.mixin.injection.struct.ModifyVariableInjectionInfo
[15mai.2026 20:39:06.767] [main/DEBUG] [mixin/]: Registering new injector for @ModifyConstant with org.spongepowered.asm.mixin.injection.struct.ModifyConstantInjectionInfo
[15mai.2026 20:39:06.777] [main/DEBUG] [mixin/]: Preparing lambdynlights.mixins.json (13)
[15mai.2026 20:39:06.873] [main/DEBUG] [mixin/]: Preparing lambdynlights.lightsource.mixins.json (12)
[15mai.2026 20:39:06.928] [main/DEBUG] [mixin/]: Preparing ce.mixins.json (0)
[15mai.2026 20:39:06.928] [main/DEBUG] [mixin/]: Preparing yumi_mc_core.mixins.json (10)
[15mai.2026 20:39:06.943] [main/DEBUG] [mixin/]: Preparing yumi_mc_core.neoforge.mixins.json (2)
[15mai.2026 20:39:06.945] [main/DEBUG] [mixin/]: Preparing terrablender.mixins.json (11)
[15mai.2026 20:39:06.966] [main/DEBUG] [mixin/]: Preparing terrablender.neoforge.mixins.json (0)
[15mai.2026 20:39:06.966] [main/DEBUG] [mixin/]: Preparing mousetweaks.mixins.json (1)
[15mai.2026 20:39:06.971] [main/DEBUG] [mixin/]: Preparing immediatelyfast-neoforge.mixins.json (0)
[15mai.2026 20:39:06.971] [main/DEBUG] [mixin/]: Preparing immediatelyfast-common.mixins.json (21)
[15mai.2026 20:39:07.000] [main/DEBUG] [mixin/]: Preparing jade.mixins.json (14)
[15mai.2026 20:39:07.031] [main/DEBUG] [mixin/]: Preparing ferritecore.fastmap.mixin.json (2)
[15mai.2026 20:39:07.034] [main/DEBUG] [mixin/]: Preparing ferritecore.blockstatecache.mixin.json (2)
[15mai.2026 20:39:07.038] [main/DEBUG] [mixin/]: Preparing ferritecore.threaddetec.mixin.json (1)
[15mai.2026 20:39:07.038] [main/DEBUG] [mixin/]: Preparing ferritecore.accessors.mixin.json (7)
[15mai.2026 20:39:07.045] [main/DEBUG] [mixin/]: Preparing ferritecore.datacomponents.mixin.json (1)
[15mai.2026 20:39:07.046] [main/DEBUG] [mixin/]: Preparing dynamic_fps.neoforge.mixins.json (0)
[15mai.2026 20:39:07.046] [main/DEBUG] [mixin/]: Preparing lithium.mixins.json (273)
[15mai.2026 20:39:07.238] [main/DEBUG] [mixin/]: Preparing lithium-neoforge.mixins.json (6)
[15mai.2026 20:39:07.240] [main/DEBUG] [mixin/]: Preparing chat_heads.mixins.json (19)
[15mai.2026 20:39:07.259] [main/DEBUG] [mixin/]: Preparing player_animation_library.mixins.json (14)
[15mai.2026 20:39:07.267] [main/DEBUG] [mixin/]: Preparing badoptimizations.mixins.json (17)
[15mai.2026 20:39:07.280] [main/DEBUG] [mixin/]: Preparing palladium.mixins.json (45)
[15mai.2026 20:39:07.311] [main/DEBUG] [mixin/]: Preparing clumps.mixins.json (2)
[15mai.2026 20:39:07.313] [main/DEBUG] [mixin/]: Preparing neoforge.mixins.json (2)
[15mai.2026 20:39:07.314] [main/DEBUG] [mixin/]: Preparing modernfix-modernfix.mixins.json (112)
[15mai.2026 20:39:07.412] [main/DEBUG] [mixin/]: Preparing spruceui.mixins.json (4)
[15mai.2026 20:39:07.414] [main/DEBUG] [mixin/]: Preparing dynamic_fps.common.mixins.json (9)
[15mai.2026 20:39:07.426] [main/DEBUG] [mixin/]: Preparing mixinextras.init.mixins.json (0)
[15mai.2026 20:39:07.450] [main/DEBUG] [mixin/]: Inner class net/caffeinemc/mods/lithium/mixin/ai/poi/PoiSectionMixin$1 in net/caffeinemc/mods/lithium/mixin/ai/poi/PoiSectionMixin on net/minecraft/world/entity/ai/village/poi/PoiSection gets unique name net/minecraft/world/entity/ai/village/poi/PoiSection$Anonymous$6e41bbc8921a338ea4ba8b098a274faa
[15mai.2026 20:39:07.451] [main/DEBUG] [mixin/]: Inner class net/caffeinemc/mods/lithium/mixin/ai/poi/SectionStorageMixin$1 in net/caffeinemc/mods/lithium/mixin/ai/poi/SectionStorageMixin on net/minecraft/world/level/chunk/storage/SectionStorage gets unique name net/minecraft/world/level/chunk/storage/SectionStorage$Anonymous$c91756a876a139f6904d44e69e5e21d7
[15mai.2026 20:39:07.456] [main/DEBUG] [mixin/]: Inner class net/caffeinemc/mods/lithium/mixin/ai/useless_behaviors/BrainMixin$1 in net/caffeinemc/mods/lithium/mixin/ai/useless_behaviors/BrainMixin on net/minecraft/world/entity/ai/Brain gets unique name net/minecraft/world/entity/ai/Brain$Anonymous$f17b4f8efe7039bbac9f14e2394e633f
[15mai.2026 20:39:07.471] [main/DEBUG] [mixin/]: Inner class net/caffeinemc/mods/lithium/mixin/minimal_nonvanilla/spawning/EntitySectionStorageMixin$1 in net/caffeinemc/mods/lithium/mixin/minimal_nonvanilla/spawning/EntitySectionStorageMixin on net/minecraft/world/level/entity/EntitySectionStorage gets unique name net/minecraft/world/level/entity/EntitySectionStorage$Anonymous$8bd463eeb1493ce79f3e2caef1941c86
[15mai.2026 20:39:07.480] [main/DEBUG] [mixin/]: Inner class net/caffeinemc/mods/lithium/mixin/world/chunk_ticking/random_block_ticking/PalettedContainerMixin$1 in net/caffeinemc/mods/lithium/mixin/world/chunk_ticking/random_block_ticking/PalettedContainerMixin on net/minecraft/world/level/chunk/PalettedContainer gets unique name net/minecraft/world/level/chunk/PalettedContainer$Anonymous$575972630b53368581d4a92693344961
[15mai.2026 20:39:07.481] [main/DEBUG] [mixin/]: Inner class net/caffeinemc/mods/lithium/mixin/world/explosions/entity_raycast/ServerExplosionMixin$1 in net/caffeinemc/mods/lithium/mixin/world/explosions/entity_raycast/ServerExplosionMixin on net/minecraft/world/level/ServerExplosion gets unique name net/minecraft/world/level/ServerExplosion$Anonymous$6e56f93541273671b65038ae9b14256f
[15mai.2026 20:39:07.482] [main/DEBUG] [mixin/]: Inner class net/caffeinemc/mods/lithium/mixin/world/raycast/BlockGetterMixin$1 in net/caffeinemc/mods/lithium/mixin/world/raycast/BlockGetterMixin on net/minecraft/world/level/BlockGetter gets unique name net/minecraft/world/level/BlockGetter$Anonymous$b8cf0743f18c361ab1c3839a14be0047
[15mai.2026 20:39:07.486] [main/DEBUG] [mixin/]: Inner class me/thosea/badoptimizations/mixin/MixinDebugHud_AddText$1 in me/thosea/badoptimizations/mixin/MixinDebugHud_AddText on net/minecraft/client/gui/components/debug/DebugScreenEntries gets unique name net/minecraft/client/gui/components/debug/DebugScreenEntries$Anonymous$d719c306c15337d697c8de5ea127f69f
[15mai.2026 20:39:07.492] [main/WARN] [mixin/]: Redundant @Unique on injector method metadataTypeForPackType(Lnet/minecraft/server/packs/PackType;Lorg/spongepowered/asm/mixin/injection/callback/CallbackInfoReturnable;)V in palladium.mixins.json:ResourcePackLoaderMixin from mod palladium. Injectors are implicitly unique
[15mai.2026 20:39:07.501] [main/DEBUG] [mixin/]: Inner class org/embeddedt/modernfix/common/mixin/perf/forge_registry_alloc/DebugLevelSourceMixin$1 in org/embeddedt/modernfix/common/mixin/perf/forge_registry_alloc/DebugLevelSourceMixin on net/minecraft/world/level/levelgen/DebugLevelSource gets unique name net/minecraft/world/level/levelgen/DebugLevelSource$Anonymous$0e9235c22d3b3d2eb154bad3379a9091
[15mai.2026 20:39:07.503] [main/DEBUG] [mixin/]: Inner class org/embeddedt/modernfix/common/mixin/feature/suppress_narrator_stacktrace/GameNarratorMixin$1 in org/embeddedt/modernfix/common/mixin/feature/suppress_narrator_stacktrace/GameNarratorMixin on net/minecraft/client/GameNarrator gets unique name net/minecraft/client/GameNarrator$Anonymous$0d4cb4a8dd5e3f918bb2b2e639555046
[15mai.2026 20:39:07.504] [main/DEBUG] [mixin/]: Inner class dev/lambdaurora/spruceui/mixin/ScreenMixin$1 in dev/lambdaurora/spruceui/mixin/ScreenMixin on net/minecraft/client/gui/screens/Screen gets unique name net/minecraft/client/gui/screens/Screen$Anonymous$a2ea15887b8934728feb7e70e0460dfc
[15mai.2026 20:39:07.505] [main/DEBUG] [mixin/]: Prepared 543 mixins in 0,994 sec (1,8ms avg) (0ms load, 0ms transform, 0ms plugin)
[15mai.2026 20:39:07.521] [main/INFO] [MixinExtras|Service/]: Initializing MixinExtras via com.llamalad7.mixinextras.service.MixinExtrasServiceImpl(version=0.5.4).
[15mai.2026 20:39:07.522] [main/DEBUG] [mixin/]: Registering new injector for @SugarWrapper with com.llamalad7.mixinextras.sugar.impl.SugarWrapperInjectionInfo
[15mai.2026 20:39:07.523] [main/DEBUG] [mixin/]: Registering new injector for @FactoryRedirectWrapper with com.llamalad7.mixinextras.wrapper.factory.FactoryRedirectWrapperInjectionInfo
[15mai.2026 20:39:07.523] [main/DEBUG] [mixin/]: Registering new injector for @ExpressionInjectorWrapper with com.llamalad7.mixinextras.expression.impl.wrapper.ExpressionInjectorWrapperInjectionInfo
[15mai.2026 20:39:07.537] [main/DEBUG] [mixin/]: Mixing world.raycast.BlockGetterMixin from lithium.mixins.json into net.minecraft.world.level.BlockGetter
[15mai.2026 20:39:07.539] [main/DEBUG] [mixin/]: lithium.mixins.json:world.raycast.BlockGetterMixin from mod lithium: Class version 69 required is higher than the class version supported by the current version of Mixin (JAVA_21 supports class version 65)
[15mai.2026 20:39:07.629] [main/DEBUG] [mixin/]: Mixing math.sine_lut.MthMixin from lithium.mixins.json into net.minecraft.util.Mth
[15mai.2026 20:39:07.630] [main/DEBUG] [mixin/]: lithium.mixins.json:math.sine_lut.MthMixin from mod lithium: Class version 69 required is higher than the class version supported by the current version of Mixin (JAVA_21 supports class version 65)
[15mai.2026 20:39:07.656] [main/DEBUG] [mixin/]: lithium.mixins.json:math.sine_lut.MthMixin from mod lithium->@Inject::onClassInit(Lorg/spongepowered/asm/mixin/injection/callback/CallbackInfo;)V doesn't use it's CallbackInfo
[15mai.2026 20:39:07.673] [main/DEBUG] [mixin/]: Mixing alloc.nbt.CompoundTagMixin from lithium.mixins.json into net.minecraft.nbt.CompoundTag
[15mai.2026 20:39:07.674] [main/DEBUG] [mixin/]: lithium.mixins.json:alloc.nbt.CompoundTagMixin from mod lithium: Class version 69 required is higher than the class version supported by the current version of Mixin (JAVA_21 supports class version 65)
[15mai.2026 20:39:07.742] [main/DEBUG] [mixin/]: Mixing perf.tag_id_caching.TagOrElementLocationMixin from modernfix-modernfix.mixins.json into net.minecraft.util.ExtraCodecs$TagOrElementLocation
[15mai.2026 20:39:07.742] [main/DEBUG] [mixin/]: modernfix-modernfix.mixins.json:perf.tag_id_caching.TagOrElementLocationMixin from mod modernfix: Class version 69 required is higher than the class version supported by the current version of Mixin (JAVA_21 supports class version 65)
[15mai.2026 20:39:07.791] [main/DEBUG] [io.netty.util.internal.logging.InternalLoggerFactory/]: Using SLF4J as the default logging framework
[15mai.2026 20:39:07.792] [main/DEBUG] [io.netty.util.ResourceLeakDetector/]: -Dio.netty.leakDetection.level: simple
[15mai.2026 20:39:07.792] [main/DEBUG] [io.netty.util.ResourceLeakDetector/]: -Dio.netty.leakDetection.targetRecords: 4
[15mai.2026 20:39:07.801] [main/DEBUG] [mixin/]: Mixing WorldVersionMixin from palladium.mixins.json into net.minecraft.WorldVersion$Simple
[15mai.2026 20:39:07.802] [main/DEBUG] [mixin/]: palladium.mixins.json:WorldVersionMixin from mod palladium->@Inject::packVersion(Lnet/minecraft/server/packs/PackType;Lorg/spongepowered/asm/mixin/injection/callback/CallbackInfoReturnable;)V does use it's CallbackInfoReturnable
[15mai.2026 20:39:07.806] [main/DEBUG] [mixin/]: Mixing PackFormatMixin from palladium.mixins.json into net.minecraft.server.packs.metadata.pack.PackFormat
[15mai.2026 20:39:07.807] [main/DEBUG] [mixin/]: palladium.mixins.json:PackFormatMixin from mod palladium->@Inject::lastPreMinorVersion(Lnet/minecraft/server/packs/PackType;Lorg/spongepowered/asm/mixin/injection/callback/CallbackInfoReturnable;)V does use it's CallbackInfoReturnable
[15mai.2026 20:39:07.815] [main/DEBUG] [mixin/]: Mixing perf.dynamic_dfu.DataFixTypesMixin from modernfix-modernfix.mixins.json into net.minecraft.util.datafix.DataFixTypes
[15mai.2026 20:39:07.815] [main/DEBUG] [mixin/]: modernfix-modernfix.mixins.json:perf.dynamic_dfu.DataFixTypesMixin from mod modernfix: Class version 69 required is higher than the class version supported by the current version of Mixin (JAVA_21 supports class version 65)
[15mai.2026 20:39:07.817] [main/DEBUG] [mixin/]: modernfix-modernfix.mixins.json:perf.dynamic_dfu.DataFixTypesMixin from mod modernfix->@Inject::kickOnUpdate(Lcom/mojang/datafixers/DataFixer;Lcom/mojang/serialization/Dynamic;IILorg/spongepowered/asm/mixin/injection/callback/CallbackInfoReturnable;)V doesn't use it's CallbackInfoReturnable
[15mai.2026 20:39:07.822] [main/DEBUG] [mixin/]: Mixing perf.dynamic_dfu.DataFixersMixin from modernfix-modernfix.mixins.json into net.minecraft.util.datafix.DataFixers
[15mai.2026 20:39:07.822] [main/DEBUG] [mixin/]: modernfix-modernfix.mixins.json:perf.dynamic_dfu.DataFixersMixin from mod modernfix: Class version 69 required is higher than the class version supported by the current version of Mixin (JAVA_21 supports class version 65)
[15mai.2026 20:39:08.119] [main/DEBUG] [mixin/]: Mixing perf.thread_priorities.UtilMixin from modernfix-modernfix.mixins.json into net.minecraft.util.Util
[15mai.2026 20:39:08.119] [main/DEBUG] [mixin/]: modernfix-modernfix.mixins.json:perf.thread_priorities.UtilMixin from mod modernfix: Class version 69 required is higher than the class version supported by the current version of Mixin (JAVA_21 supports class version 65)
[15mai.2026 20:39:08.119] [main/DEBUG] [mixin/]: Renaming synthetic method lambda$adjustPriorityOfThreadFactory$0(Ljava/util/concurrent/ForkJoinPool$ForkJoinWorkerThreadFactory;Ljava/util/concurrent/ForkJoinPool;)Ljava/util/concurrent/ForkJoinWorkerThread; to md94a32b$modernfix$lambda$adjustPriorityOfThreadFactory$0$0 in modernfix-modernfix.mixins.json:perf.thread_priorities.UtilMixin from mod modernfix
[15mai.2026 20:39:08.422] [main/DEBUG] [mixin/]: Mixing crash.CrashReportMixin from yumi_mc_core.mixins.json into net.minecraft.CrashReport
[15mai.2026 20:39:08.424] [main/DEBUG] [mixin/]: yumi_mc_core.mixins.json:crash.CrashReportMixin from mod yumi_mc_core->@Inject::yumi$onCrashReportCreate(Ljava/lang/StringBuilder;Lorg/spongepowered/asm/mixin/injection/callback/CallbackInfo;)V doesn't use it's CallbackInfo
[15mai.2026 20:39:08.424] [main/DEBUG] [mixin/]: yumi_mc_core.mixins.json:crash.CrashReportMixin from mod yumi_mc_core->@Inject::yumi$onCrashReportCreate(Ljava/lang/StringBuilder;Lorg/spongepowered/asm/mixin/injection/callback/CallbackInfo;)V has 0 override(s) in child classes
[15mai.2026 20:39:08.424] [main/DEBUG] [mixin/]: yumi_mc_core.mixins.json:crash.CrashReportMixin from mod yumi_mc_core->@Inject::yumi$onCrashReportCreate(Ljava/lang/StringBuilder;Lorg/spongepowered/asm/mixin/injection/callback/CallbackInfo;)V won't be passed a CallbackInfo as a result
[15mai.2026 20:39:08.428] [main/DEBUG] [mixin/]: Mixing crash.SystemReportMixin from yumi_mc_core.mixins.json into net.minecraft.SystemReport
[15mai.2026 20:39:08.429] [main/DEBUG] [mixin/]: yumi_mc_core.mixins.json:crash.SystemReportMixin from mod yumi_mc_core->@Inject::yumi$onInit(Lorg/spongepowered/asm/mixin/injection/callback/CallbackInfo;)V doesn't use it's CallbackInfo
[15mai.2026 20:39:08.429] [main/DEBUG] [mixin/]: yumi_mc_core.mixins.json:crash.SystemReportMixin from mod yumi_mc_core->@Inject::yumi$onInit(Lorg/spongepowered/asm/mixin/injection/callback/CallbackInfo;)V has 0 override(s) in child classes
[15mai.2026 20:39:08.429] [main/DEBUG] [mixin/]: yumi_mc_core.mixins.json:crash.SystemReportMixin from mod yumi_mc_core->@Inject::yumi$onInit(Lorg/spongepowered/asm/mixin/injection/callback/CallbackInfo;)V won't be passed a CallbackInfo as a result
[15mai.2026 20:39:08.733] [Datafixer Bootstrap/INFO] [com.mojang.datafixers.DataFixerBuilder/]: 294 Datafixer optimizations took 323 milliseconds
[15mai.2026 20:39:08.784] [main/DEBUG] [mixin/]: Mixing EntityMixin from lambdynlights.lightsource.mixins.json into net.minecraft.world.entity.Entity
[15mai.2026 20:39:08.788] [main/DEBUG] [mixin/]: Mixing crash.EntityMixin from yumi_mc_core.mixins.json into net.minecraft.world.entity.Entity
[15mai.2026 20:39:08.789] [main/DEBUG] [mixin/]: Mixing EntityAccess from jade.mixins.json into net.minecraft.world.entity.Entity
[15mai.2026 20:39:08.789] [main/DEBUG] [mixin/]: jade.mixins.json:EntityAccess from mod jade: Class version 69 required is higher than the class version supported by the current version of Mixin (JAVA_21 supports class version 65)
[15mai.2026 20:39:08.793] [main/DEBUG] [mixin/]: Mixing alloc.deep_passengers.EntityMixin from lithium.mixins.json into net.minecraft.world.entity.Entity
[15mai.2026 20:39:08.794] [main/DEBUG] [mixin/]: lithium.mixins.json:alloc.deep_passengers.EntityMixin from mod lithium: Class version 69 required is higher than the class version supported by the current version of Mixin (JAVA_21 supports class version 65)
[15mai.2026 20:39:08.794] [main/DEBUG] [mixin/]: Mixing block.hopper.EntityAccessor from lithium.mixins.json into net.minecraft.world.entity.Entity
[15mai.2026 20:39:08.795] [main/DEBUG] [mixin/]: lithium.mixins.json:block.hopper.EntityAccessor from mod lithium: Class version 69 required is higher than the class version supported by the current version of Mixin (JAVA_21 supports class version 65)
[15mai.2026 20:39:08.795] [main/DEBUG] [mixin/]: Mixing entity.collisions.movement.EntityMixin from lithium.mixins.json into net.minecraft.world.entity.Entity
[15mai.2026 20:39:08.795] [main/DEBUG] [mixin/]: lithium.mixins.json:entity.collisions.movement.EntityMixin from mod lithium: Class version 69 required is higher than the class version supported by the current version of Mixin (JAVA_21 supports class version 65)
[15mai.2026 20:39:08.796] [main/DEBUG] [mixin/]: Mixing entity.collisions.unpushable_cramming.EntityMixin from lithium.mixins.json into net.minecraft.world.entity.Entity
[15mai.2026 20:39:08.796] [main/DEBUG] [mixin/]: lithium.mixins.json:entity.collisions.unpushable_cramming.EntityMixin from mod lithium: Class version 69 required is higher than the class version supported by the current version of Mixin (JAVA_21 supports class version 65)
[15mai.2026 20:39:08.796] [main/DEBUG] [mixin/]: Mixing entity.sprinting_particles.EntityMixin from lithium.mixins.json into net.minecraft.world.entity.Entity
[15mai.2026 20:39:08.797] [main/DEBUG] [mixin/]: lithium.mixins.json:entity.sprinting_particles.EntityMixin from mod lithium: Class version 69 required is higher than the class version supported by the current version of Mixin (JAVA_21 supports class version 65)
[15mai.2026 20:39:08.797] [main/DEBUG] [mixin/]: Mixing util.in_world_tracking.entity.EntityMixin from lithium.mixins.json into net.minecraft.world.entity.Entity
[15mai.2026 20:39:08.797] [main/DEBUG] [mixin/]: lithium.mixins.json:util.in_world_tracking.entity.EntityMixin from mod lithium: Class version 69 required is higher than the class version supported by the current version of Mixin (JAVA_21 supports class version 65)
[15mai.2026 20:39:08.798] [main/DEBUG] [mixin/]: Mixing EntityMixin from palladium.mixins.json into net.minecraft.world.entity.Entity
[15mai.2026 20:39:08.799] [main/DEBUG] [mixin/]: Renaming synthetic method lambda$load$0(Lnet/minecraft/world/entity/Entity;Lnet/threetag/palladium/entity/data/PalladiumEntityDataType;Lnet/threetag/palladium/entity/data/PalladiumEntityData;)V to md94a32b$palladium$lambda$load$0$0 in palladium.mixins.json:EntityMixin from mod palladium
[15mai.2026 20:39:08.799] [main/DEBUG] [mixin/]: Mixing renderer.entity.MixinEntity from badoptimizations.mixins.json into net.minecraft.world.entity.Entity
[15mai.2026 20:39:08.799] [main/DEBUG] [mixin/]: badoptimizations.mixins.json:renderer.entity.MixinEntity from mod badoptimizations: Class version 69 required is higher than the class version supported by the current version of Mixin (JAVA_17 supports class version 61)
[15mai.2026 20:39:08.821] [main/DEBUG] [mixin/]: lambdynlights.lightsource.mixins.json:EntityMixin from mod lambdynlights->@Inject::onRemove(Lorg/spongepowered/asm/mixin/injection/callback/CallbackInfo;)V doesn't use it's CallbackInfo
[15mai.2026 20:39:08.821] [main/DEBUG] [mixin/]: lambdynlights.lightsource.mixins.json:EntityMixin from mod lambdynlights->@Inject::onRemove(Lorg/spongepowered/asm/mixin/injection/callback/CallbackInfo;)V has 0 override(s) in child classes
[15mai.2026 20:39:08.822] [main/DEBUG] [mixin/]: lambdynlights.lightsource.mixins.json:EntityMixin from mod lambdynlights->@Inject::onRemove(Lorg/spongepowered/asm/mixin/injection/callback/CallbackInfo;)V won't be passed a CallbackInfo as a result
[15mai.2026 20:39:08.822] [main/DEBUG] [mixin/]: yumi_mc_core.mixins.json:crash.EntityMixin from mod yumi_mc_core->@Inject::yumi$onPopulateCrashDetails(Lnet/minecraft/CrashReportCategory;Lorg/spongepowered/asm/mixin/injection/callback/CallbackInfo;)V doesn't use it's CallbackInfo
[15mai.2026 20:39:08.822] [main/DEBUG] [mixin/]: yumi_mc_core.mixins.json:crash.EntityMixin from mod yumi_mc_core->@Inject::yumi$onPopulateCrashDetails(Lnet/minecraft/CrashReportCategory;Lorg/spongepowered/asm/mixin/injection/callback/CallbackInfo;)V has 0 override(s) in child classes
[15mai.2026 20:39:08.822] [main/DEBUG] [mixin/]: yumi_mc_core.mixins.json:crash.EntityMixin from mod yumi_mc_core->@Inject::yumi$onPopulateCrashDetails(Lnet/minecraft/CrashReportCategory;Lorg/spongepowered/asm/mixin/injection/callback/CallbackInfo;)V won't be passed a CallbackInfo as a result
[15mai.2026 20:39:08.831] [main/DEBUG] [mixin/]: lithium.mixins.json:entity.collisions.unpushable_cramming.EntityMixin from mod lithium->@Inject::onPositionChanged(DDDLorg/spongepowered/asm/mixin/injection/callback/CallbackInfo;)V doesn't use it's CallbackInfo
[15mai.2026 20:39:08.831] [main/DEBUG] [mixin/]: lithium.mixins.json:entity.collisions.unpushable_cramming.EntityMixin from mod lithium->@Inject::onPositionChanged(DDDLorg/spongepowered/asm/mixin/injection/callback/CallbackInfo;)V has 0 override(s) in child classes
[15mai.2026 20:39:08.831] [main/DEBUG] [mixin/]: lithium.mixins.json:entity.collisions.unpushable_cramming.EntityMixin from mod lithium->@Inject::onPositionChanged(DDDLorg/spongepowered/asm/mixin/injection/callback/CallbackInfo;)V won't be passed a CallbackInfo as a result
[15mai.2026 20:39:08.831] [main/DEBUG] [mixin/]: lithium.mixins.json:entity.collisions.unpushable_cramming.EntityMixin from mod lithium->@Inject::onBaseTick(Lorg/spongepowered/asm/mixin/injection/callback/CallbackInfo;)V doesn't use it's CallbackInfo
[15mai.2026 20:39:08.831] [main/DEBUG] [mixin/]: lithium.mixins.json:entity.collisions.unpushable_cramming.EntityMixin from mod lithium->@Inject::onBaseTick(Lorg/spongepowered/asm/mixin/injection/callback/CallbackInfo;)V has 0 override(s) in child classes
[15mai.2026 20:39:08.831] [main/DEBUG] [mixin/]: lithium.mixins.json:entity.collisions.unpushable_cramming.EntityMixin from mod lithium->@Inject::onBaseTick(Lorg/spongepowered/asm/mixin/injection/callback/CallbackInfo;)V won't be passed a CallbackInfo as a result
[15mai.2026 20:39:08.832] [main/DEBUG] [mixin/]: lithium.mixins.json:entity.collisions.unpushable_cramming.EntityMixin from mod lithium->@Inject::onBlockCached(Lorg/spongepowered/asm/mixin/injection/callback/CallbackInfoReturnable;)V doesn't use it's CallbackInfoReturnable
[15mai.2026 20:39:08.832] [main/DEBUG] [mixin/]: lithium.mixins.json:entity.collisions.unpushable_cramming.EntityMixin from mod lithium->@Inject::onBlockCached(Lorg/spongepowered/asm/mixin/injection/callback/CallbackInfoReturnable;)V has 0 override(s) in child classes
[15mai.2026 20:39:08.832] [main/DEBUG] [mixin/]: lithium.mixins.json:entity.collisions.unpushable_cramming.EntityMixin from mod lithium->@Inject::onBlockCached(Lorg/spongepowered/asm/mixin/injection/callback/CallbackInfoReturnable;)V won't be passed a CallbackInfoReturnable as a result
[15mai.2026 20:39:08.832] [main/DEBUG] [mixin/]: lithium.mixins.json:util.in_world_tracking.entity.EntityMixin from mod lithium->@Inject::emitMaybeInLevelEvents(Lnet/minecraft/world/level/entity/EntityInLevelCallback;Lorg/spongepowered/asm/mixin/injection/callback/CallbackInfo;)V doesn't use it's CallbackInfo
[15mai.2026 20:39:08.832] [main/DEBUG] [mixin/]: lithium.mixins.json:util.in_world_tracking.entity.EntityMixin from mod lithium->@Inject::emitMaybeInLevelEvents(Lnet/minecraft/world/level/entity/EntityInLevelCallback;Lorg/spongepowered/asm/mixin/injection/callback/CallbackInfo;)V has 0 override(s) in child classes
[15mai.2026 20:39:08.832] [main/DEBUG] [mixin/]: lithium.mixins.json:util.in_world_tracking.entity.EntityMixin from mod lithium->@Inject::emitMaybeInLevelEvents(Lnet/minecraft/world/level/entity/EntityInLevelCallback;Lorg/spongepowered/asm/mixin/injection/callback/CallbackInfo;)V won't be passed a CallbackInfo as a result
[15mai.2026 20:39:08.832] [main/DEBUG] [mixin/]: palladium.mixins.json:EntityMixin from mod palladium->@Inject::init(Lnet/minecraft/world/entity/EntityType;Lnet/minecraft/world/level/Level;Lorg/spongepowered/asm/mixin/injection/callback/CallbackInfo;)V doesn't use it's CallbackInfo
[15mai.2026 20:39:08.832] [main/DEBUG] [mixin/]: palladium.mixins.json:EntityMixin from mod palladium->@Inject::init(Lnet/minecraft/world/entity/EntityType;Lnet/minecraft/world/level/Level;Lorg/spongepowered/asm/mixin/injection/callback/CallbackInfo;)V has 0 override(s) in child classes
[15mai.2026 20:39:08.832] [main/DEBUG] [mixin/]: palladium.mixins.json:EntityMixin from mod palladium->@Inject::init(Lnet/minecraft/world/entity/EntityType;Lnet/minecraft/world/level/Level;Lorg/spongepowered/asm/mixin/injection/callback/CallbackInfo;)V won't be passed a CallbackInfo as a result
[15mai.2026 20:39:08.832] [main/DEBUG] [mixin/]: palladium.mixins.json:EntityMixin from mod palladium->@Inject::tick(Lorg/spongepowered/asm/mixin/injection/callback/CallbackInfo;)V doesn't use it's CallbackInfo
[15mai.2026 20:39:08.832] [main/DEBUG] [mixin/]: palladium.mixins.json:EntityMixin from mod palladium->@Inject::tick(Lorg/spongepowered/asm/mixin/injection/callback/CallbackInfo;)V has 0 override(s) in child classes
[15mai.2026 20:39:08.832] [main/DEBUG] [mixin/]: palladium.mixins.json:EntityMixin from mod palladium->@Inject::tick(Lorg/spongepowered/asm/mixin/injection/callback/CallbackInfo;)V won't be passed a CallbackInfo as a result
[15mai.2026 20:39:08.832] [main/DEBUG] [mixin/]: palladium.mixins.json:EntityMixin from mod palladium->@Inject::saveWithoutId(Lnet/minecraft/world/level/storage/ValueOutput;Lorg/spongepowered/asm/mixin/injection/callback/CallbackInfo;)V doesn't use it's CallbackInfo
[15mai.2026 20:39:08.832] [main/DEBUG] [mixin/]: palladium.mixins.json:EntityMixin from mod palladium->@Inject::saveWithoutId(Lnet/minecraft/world/level/storage/ValueOutput;Lorg/spongepowered/asm/mixin/injection/callback/CallbackInfo;)V has 0 override(s) in child classes
[15mai.2026 20:39:08.832] [main/DEBUG] [mixin/]: palladium.mixins.json:EntityMixin from mod palladium->@Inject::saveWithoutId(Lnet/minecraft/world/level/storage/ValueOutput;Lorg/spongepowered/asm/mixin/injection/callback/CallbackInfo;)V won't be passed a CallbackInfo as a result
[15mai.2026 20:39:08.833] [main/DEBUG] [mixin/]: palladium.mixins.json:EntityMixin from mod palladium->@Inject::load(Lnet/minecraft/world/level/storage/ValueInput;Lorg/spongepowered/asm/mixin/injection/callback/CallbackInfo;)V doesn't use it's CallbackInfo
[15mai.2026 20:39:08.833] [main/DEBUG] [mixin/]: palladium.mixins.json:EntityMixin from mod palladium->@Inject::load(Lnet/minecraft/world/level/storage/ValueInput;Lorg/spongepowered/asm/mixin/injection/callback/CallbackInfo;)V has 0 override(s) in child classes
[15mai.2026 20:39:08.833] [main/DEBUG] [mixin/]: palladium.mixins.json:EntityMixin from mod palladium->@Inject::load(Lnet/minecraft/world/level/storage/ValueInput;Lorg/spongepowered/asm/mixin/injection/callback/CallbackInfo;)V won't be passed a CallbackInfo as a result
[15mai.2026 20:39:08.833] [main/DEBUG] [mixin/]: palladium.mixins.json:EntityMixin from mod palladium->@Inject::pushOutOfBlocks(DDDLorg/spongepowered/asm/mixin/injection/callback/CallbackInfo;)V does use it's CallbackInfo
[15mai.2026 20:39:08.833] [main/DEBUG] [mixin/]: palladium.mixins.json:EntityMixin from mod palladium->@Inject::turn(DDLorg/spongepowered/asm/mixin/injection/callback/CallbackInfo;)V doesn't use it's CallbackInfo
[15mai.2026 20:39:08.833] [main/DEBUG] [mixin/]: palladium.mixins.json:EntityMixin from mod palladium->@Inject::turn(DDLorg/spongepowered/asm/mixin/injection/callback/CallbackInfo;)V has 0 override(s) in child classes
[15mai.2026 20:39:08.833] [main/DEBUG] [mixin/]: palladium.mixins.json:EntityMixin from mod palladium->@Inject::turn(DDLorg/spongepowered/asm/mixin/injection/callback/CallbackInfo;)V won't be passed a CallbackInfo as a result
[15mai.2026 20:39:08.833] [main/DEBUG] [mixin/]: badoptimizations.mixins.json:renderer.entity.MixinEntity from mod badoptimizations->@Inject::afterInit(Lnet/minecraft/world/entity/EntityType;Lnet/minecraft/world/level/Level;Lorg/spongepowered/asm/mixin/injection/callback/CallbackInfo;)V doesn't use it's CallbackInfo
[15mai.2026 20:39:08.833] [main/DEBUG] [mixin/]: badoptimizations.mixins.json:renderer.entity.MixinEntity from mod badoptimizations->@Inject::afterInit(Lnet/minecraft/world/entity/EntityType;Lnet/minecraft/world/level/Level;Lorg/spongepowered/asm/mixin/injection/callback/CallbackInfo;)V has 0 override(s) in child classes
[15mai.2026 20:39:08.833] [main/DEBUG] [mixin/]: badoptimizations.mixins.json:renderer.entity.MixinEntity from mod badoptimizations->@Inject::afterInit(Lnet/minecraft/world/entity/EntityType;Lnet/minecraft/world/level/Level;Lorg/spongepowered/asm/mixin/injection/callback/CallbackInfo;)V won't be passed a CallbackInfo as a result
[15mai.2026 20:39:08.868] [main/DEBUG] [mixin/]: Mixing crash.CrashReportCategoryMixin from yumi_mc_core.mixins.json into net.minecraft.CrashReportCategory
[15mai.2026 20:39:08.869] [main/DEBUG] [mixin/]: yumi_mc_core.mixins.json:crash.CrashReportCategoryMixin from mod yumi_mc_core->@Inject::yumi$onPopulateBlockCrashDetails(Lnet/minecraft/CrashReportCategory;Lnet/minecraft/world/level/LevelHeightAccessor;Lnet/minecraft/core/BlockPos;Lnet/minecraft/world/level/block/state/BlockState;Lorg/spongepowered/asm/mixin/injection/callback/CallbackInfo;)V doesn't use it's CallbackInfo
[15mai.2026 20:39:08.873] [main/DEBUG] [mixin/]: Mixing crash.BlockEntityMixin from yumi_mc_core.mixins.json into net.minecraft.world.level.block.entity.BlockEntity
[15mai.2026 20:39:08.873] [main/DEBUG] [mixin/]: Mixing minimal_nonvanilla.world.block_entity_ticking.support_cache.BlockEntityMixin from lithium.mixins.json into net.minecraft.world.level.block.entity.BlockEntity
[15mai.2026 20:39:08.873] [main/DEBUG] [mixin/]: lithium.mixins.json:minimal_nonvanilla.world.block_entity_ticking.support_cache.BlockEntityMixin from mod lithium: Class version 69 required is higher than the class version supported by the current version of Mixin (JAVA_21 supports class version 65)
[15mai.2026 20:39:08.874] [main/DEBUG] [mixin/]: Mixing util.inventory_change_listening.BlockEntityMixin from lithium.mixins.json into net.minecraft.world.level.block.entity.BlockEntity
[15mai.2026 20:39:08.874] [main/DEBUG] [mixin/]: lithium.mixins.json:util.inventory_change_listening.BlockEntityMixin from mod lithium: Class version 69 required is higher than the class version supported by the current version of Mixin (JAVA_21 supports class version 65)
[15mai.2026 20:39:08.874] [main/DEBUG] [mixin/]: Mixing util.inventory_comparator_tracking.BlockEntityMixin from lithium.mixins.json into net.minecraft.world.level.block.entity.BlockEntity
[15mai.2026 20:39:08.874] [main/DEBUG] [mixin/]: lithium.mixins.json:util.inventory_comparator_tracking.BlockEntityMixin from mod lithium: Class version 69 required is higher than the class version supported by the current version of Mixin (JAVA_21 supports class version 65)
[15mai.2026 20:39:08.875] [main/DEBUG] [mixin/]: Mixing world.block_entity_ticking.sleeping.BlockEntityMixin from lithium.mixins.json into net.minecraft.world.level.block.entity.BlockEntity
[15mai.2026 20:39:08.875] [main/DEBUG] [mixin/]: lithium.mixins.json:world.block_entity_ticking.sleeping.BlockEntityMixin from mod lithium: Class version 69 required is higher than the class version supported by the current version of Mixin (JAVA_21 supports class version 65)
[15mai.2026 20:39:08.877] [main/DEBUG] [mixin/]: yumi_mc_core.mixins.json:crash.BlockEntityMixin from mod yumi_mc_core->@Inject::yumi$onPopulateCrashDetails(Lnet/minecraft/CrashReportCategory;Lorg/spongepowered/asm/mixin/injection/callback/CallbackInfo;)V doesn't use it's CallbackInfo
[15mai.2026 20:39:08.877] [main/DEBUG] [mixin/]: yumi_mc_core.mixins.json:crash.BlockEntityMixin from mod yumi_mc_core->@Inject::yumi$onPopulateCrashDetails(Lnet/minecraft/CrashReportCategory;Lorg/spongepowered/asm/mixin/injection/callback/CallbackInfo;)V has 0 override(s) in child classes
[15mai.2026 20:39:08.877] [main/DEBUG] [mixin/]: yumi_mc_core.mixins.json:crash.BlockEntityMixin from mod yumi_mc_core->@Inject::yumi$onPopulateCrashDetails(Lnet/minecraft/CrashReportCategory;Lorg/spongepowered/asm/mixin/injection/callback/CallbackInfo;)V won't be passed a CallbackInfo as a result
[15mai.2026 20:39:08.877] [main/DEBUG] [mixin/]: lithium.mixins.json:minimal_nonvanilla.world.block_entity_ticking.support_cache.BlockEntityMixin from mod lithium->@Inject::initSupportCache(Lnet/minecraft/world/level/block/entity/BlockEntityType;Lnet/minecraft/core/BlockPos;Lnet/minecraft/world/level/block/state/BlockState;Lorg/spongepowered/asm/mixin/injection/callback/CallbackInfo;)V doesn't use it's CallbackInfo
[15mai.2026 20:39:08.877] [main/DEBUG] [mixin/]: lithium.mixins.json:minimal_nonvanilla.world.block_entity_ticking.support_cache.BlockEntityMixin from mod lithium->@Inject::initSupportCache(Lnet/minecraft/world/level/block/entity/BlockEntityType;Lnet/minecraft/core/BlockPos;Lnet/minecraft/world/level/block/state/BlockState;Lorg/spongepowered/asm/mixin/injection/callback/CallbackInfo;)V has 0 override(s) in child classes
[15mai.2026 20:39:08.877] [main/DEBUG] [mixin/]: lithium.mixins.json:minimal_nonvanilla.world.block_entity_ticking.support_cache.BlockEntityMixin from mod lithium->@Inject::initSupportCache(Lnet/minecraft/world/level/block/entity/BlockEntityType;Lnet/minecraft/core/BlockPos;Lnet/minecraft/world/level/block/state/BlockState;Lorg/spongepowered/asm/mixin/injection/callback/CallbackInfo;)V won't be passed a CallbackInfo as a result
[15mai.2026 20:39:08.878] [main/DEBUG] [mixin/]: lithium.mixins.json:minimal_nonvanilla.world.block_entity_ticking.support_cache.BlockEntityMixin from mod lithium->@Inject::updateSupportCache(Lnet/minecraft/world/level/block/state/BlockState;Lorg/spongepowered/asm/mixin/injection/callback/CallbackInfo;)V doesn't use it's CallbackInfo
[15mai.2026 20:39:08.878] [main/DEBUG] [mixin/]: lithium.mixins.json:minimal_nonvanilla.world.block_entity_ticking.support_cache.BlockEntityMixin from mod lithium->@Inject::updateSupportCache(Lnet/minecraft/world/level/block/state/BlockState;Lorg/spongepowered/asm/mixin/injection/callback/CallbackInfo;)V has 0 override(s) in child classes
[15mai.2026 20:39:08.878] [main/DEBUG] [mixin/]: lithium.mixins.json:minimal_nonvanilla.world.block_entity_ticking.support_cache.BlockEntityMixin from mod lithium->@Inject::updateSupportCache(Lnet/minecraft/world/level/block/state/BlockState;Lorg/spongepowered/asm/mixin/injection/callback/CallbackInfo;)V won't be passed a CallbackInfo as a result
[15mai.2026 20:39:08.878] [main/DEBUG] [mixin/]: lithium.mixins.json:util.inventory_change_listening.BlockEntityMixin from mod lithium->@Inject::updateStackListTracking(Lorg/spongepowered/asm/mixin/injection/callback/CallbackInfo;)V doesn't use it's CallbackInfo
[15mai.2026 20:39:08.878] [main/DEBUG] [mixin/]: lithium.mixins.json:util.inventory_change_listening.BlockEntityMixin from mod lithium->@Inject::updateStackListTracking(Lorg/spongepowered/asm/mixin/injection/callback/CallbackInfo;)V has 0 override(s) in child classes
[15mai.2026 20:39:08.878] [main/DEBUG] [mixin/]: lithium.mixins.json:util.inventory_change_listening.BlockEntityMixin from mod lithium->@Inject::updateStackListTracking(Lorg/spongepowered/asm/mixin/injection/callback/CallbackInfo;)V won't be passed a CallbackInfo as a result
[15mai.2026 20:39:08.878] [main/DEBUG] [mixin/]: lithium.mixins.json:util.inventory_comparator_tracking.BlockEntityMixin from mod lithium->@Inject::init(Lnet/minecraft/world/level/block/entity/BlockEntityType;Lnet/minecraft/core/BlockPos;Lnet/minecraft/world/level/block/state/BlockState;Lorg/spongepowered/asm/mixin/injection/callback/CallbackInfo;)V doesn't use it's CallbackInfo
[15mai.2026 20:39:08.878] [main/DEBUG] [mixin/]: lithium.mixins.json:util.inventory_comparator_tracking.BlockEntityMixin from mod lithium->@Inject::init(Lnet/minecraft/world/level/block/entity/BlockEntityType;Lnet/minecraft/core/BlockPos;Lnet/minecraft/world/level/block/state/BlockState;Lorg/spongepowered/asm/mixin/injection/callback/CallbackInfo;)V has 0 override(s) in child classes
[15mai.2026 20:39:08.878] [main/DEBUG] [mixin/]: lithium.mixins.json:util.inventory_comparator_tracking.BlockEntityMixin from mod lithium->@Inject::init(Lnet/minecraft/world/level/block/entity/BlockEntityType;Lnet/minecraft/core/BlockPos;Lnet/minecraft/world/level/block/state/BlockState;Lorg/spongepowered/asm/mixin/injection/callback/CallbackInfo;)V won't be passed a CallbackInfo as a result
[15mai.2026 20:39:08.878] [main/DEBUG] [mixin/]: lithium.mixins.json:util.inventory_comparator_tracking.BlockEntityMixin from mod lithium->@Inject::forgetNearbyComparators(Lorg/spongepowered/asm/mixin/injection/callback/CallbackInfo;)V doesn't use it's CallbackInfo
[15mai.2026 20:39:08.878] [main/DEBUG] [mixin/]: lithium.mixins.json:util.inventory_comparator_tracking.BlockEntityMixin from mod lithium->@Inject::forgetNearbyComparators(Lorg/spongepowered/asm/mixin/injection/callback/CallbackInfo;)V has 0 override(s) in child classes
[15mai.2026 20:39:08.878] [main/DEBUG] [mixin/]: lithium.mixins.json:util.inventory_comparator_tracking.BlockEntityMixin from mod lithium->@Inject::forgetNearbyComparators(Lorg/spongepowered/asm/mixin/injection/callback/CallbackInfo;)V won't be passed a CallbackInfo as a result
[15mai.2026 20:39:08.878] [main/DEBUG] [mixin/]: lithium.mixins.json:world.block_entity_ticking.sleeping.BlockEntityMixin from mod lithium->@Inject::handleSetChanged(Lorg/spongepowered/asm/mixin/injection/callback/CallbackInfo;)V doesn't use it's CallbackInfo
[15mai.2026 20:39:08.878] [main/DEBUG] [mixin/]: lithium.mixins.json:world.block_entity_ticking.sleeping.BlockEntityMixin from mod lithium->@Inject::handleSetChanged(Lorg/spongepowered/asm/mixin/injection/callback/CallbackInfo;)V has 0 override(s) in child classes
[15mai.2026 20:39:08.878] [main/DEBUG] [mixin/]: lithium.mixins.json:world.block_entity_ticking.sleeping.BlockEntityMixin from mod lithium->@Inject::handleSetChanged(Lorg/spongepowered/asm/mixin/injection/callback/CallbackInfo;)V won't be passed a CallbackInfo as a result
[15mai.2026 20:39:08.884] [main/DEBUG] [mixin/]: Mixing math.fast_blockpos.BlockPosMixin from lithium.mixins.json into net.minecraft.core.BlockPos
[15mai.2026 20:39:08.885] [main/DEBUG] [mixin/]: lithium.mixins.json:math.fast_blockpos.BlockPosMixin from mod lithium: Class version 69 required is higher than the class version supported by the current version of Mixin (JAVA_21 supports class version 65)
[15mai.2026 20:39:08.893] [main/DEBUG] [mixin/]: Mixing BlockStateBaseMixin from ferritecore.blockstatecache.mixin.json into net.minecraft.world.level.block.state.BlockBehaviour$BlockStateBase
[15mai.2026 20:39:08.893] [main/DEBUG] [mixin/]: ferritecore.blockstatecache.mixin.json:BlockStateBaseMixin from mod ferritecore: Class version 69 required is higher than the class version supported by the current version of Mixin (JAVA_17 supports class version 61)
[15mai.2026 20:39:08.893] [main/DEBUG] [mixin/]: Mixing BlockStateBaseMixin from palladium.mixins.json into net.minecraft.world.level.block.state.BlockBehaviour$BlockStateBase
[15mai.2026 20:39:08.894] [main/DEBUG] [mixin/]: Renaming synthetic method lambda$getCollisionShape$1(Ljava/lang/Integer;)Lnet/minecraft/world/phys/shapes/VoxelShape; to md94a32b$palladium$lambda$getCollisionShape$1$0 in palladium.mixins.json:BlockStateBaseMixin from mod palladium
[15mai.2026 20:39:08.894] [main/DEBUG] [mixin/]: Renaming synthetic method lambda$getCollisionShape$0(Ljava/lang/Integer;)Lnet/minecraft/world/phys/shapes/VoxelShape; to md94a32b$palladium$lambda$getCollisionShape$0$1 in palladium.mixins.json:BlockStateBaseMixin from mod palladium
[15mai.2026 20:39:08.894] [main/DEBUG] [mixin/]: Mixing util.block_tracking.BlockStateBaseMixin from lithium.mixins.json into net.minecraft.world.level.block.state.BlockBehaviour$BlockStateBase
[15mai.2026 20:39:08.894] [main/DEBUG] [mixin/]: lithium.mixins.json:util.block_tracking.BlockStateBaseMixin from mod lithium: Class version 69 required is higher than the class version supported by the current version of Mixin (JAVA_21 supports class version 65)
[15mai.2026 20:39:08.897] [main/DEBUG] [mixin/]: ferritecore.blockstatecache.mixin.json:BlockStateBaseMixin from mod ferritecore->@Inject::cacheStateHead(Lorg/spongepowered/asm/mixin/injection/callback/CallbackInfo;)V doesn't use it's CallbackInfo
[15mai.2026 20:39:08.897] [main/DEBUG] [mixin/]: ferritecore.blockstatecache.mixin.json:BlockStateBaseMixin from mod ferritecore->@Inject::cacheStateHead(Lorg/spongepowered/asm/mixin/injection/callback/CallbackInfo;)V has 0 override(s) in child classes
[15mai.2026 20:39:08.897] [main/DEBUG] [mixin/]: ferritecore.blockstatecache.mixin.json:BlockStateBaseMixin from mod ferritecore->@Inject::cacheStateHead(Lorg/spongepowered/asm/mixin/injection/callback/CallbackInfo;)V won't be passed a CallbackInfo as a result
[15mai.2026 20:39:08.897] [main/DEBUG] [mixin/]: ferritecore.blockstatecache.mixin.json:BlockStateBaseMixin from mod ferritecore->@Inject::cacheStateTail(Lorg/spongepowered/asm/mixin/injection/callback/CallbackInfo;)V doesn't use it's CallbackInfo
[15mai.2026 20:39:08.897] [main/DEBUG] [mixin/]: ferritecore.blockstatecache.mixin.json:BlockStateBaseMixin from mod ferritecore->@Inject::cacheStateTail(Lorg/spongepowered/asm/mixin/injection/callback/CallbackInfo;)V has 0 override(s) in child classes
[15mai.2026 20:39:08.897] [main/DEBUG] [mixin/]: ferritecore.blockstatecache.mixin.json:BlockStateBaseMixin from mod ferritecore->@Inject::cacheStateTail(Lorg/spongepowered/asm/mixin/injection/callback/CallbackInfo;)V won't be passed a CallbackInfo as a result
[15mai.2026 20:39:08.897] [main/DEBUG] [mixin/]: palladium.mixins.json:BlockStateBaseMixin from mod palladium->@Inject::getCollisionShape(Lnet/minecraft/world/level/BlockGetter;Lnet/minecraft/core/BlockPos;Lnet/minecraft/world/phys/shapes/CollisionContext;Lorg/spongepowered/asm/mixin/injection/callback/CallbackInfoReturnable;)V does use it's CallbackInfoReturnable
[15mai.2026 20:39:08.897] [main/DEBUG] [mixin/]: palladium.mixins.json:BlockStateBaseMixin from mod palladium->@Inject::preventCollisionWhenPhasing(Lnet/minecraft/world/level/Level;Lnet/minecraft/core/BlockPos;Lnet/minecraft/world/entity/Entity;Lnet/minecraft/world/entity/InsideBlockEffectApplier;ZLorg/spongepowered/asm/mixin/injection/callback/CallbackInfo;)V does use it's CallbackInfo
[15mai.2026 20:39:08.902] [main/DEBUG] [mixin/]: Mixing FastMapStateHolderMixin from ferritecore.fastmap.mixin.json into net.minecraft.world.level.block.state.StateHolder
[15mai.2026 20:39:08.902] [main/DEBUG] [mixin/]: ferritecore.fastmap.mixin.json:FastMapStateHolderMixin from mod ferritecore: Class version 69 required is higher than the class version supported by the current version of Mixin (JAVA_17 supports class version 61)
[15mai.2026 20:39:08.903] [main/DEBUG] [mixin/]: Mixing StateHolderAccess from ferritecore.accessors.mixin.json into net.minecraft.world.level.block.state.StateHolder
[15mai.2026 20:39:08.903] [main/DEBUG] [mixin/]: ferritecore.accessors.mixin.json:StateHolderAccess from mod ferritecore: Class version 69 required is higher than the class version supported by the current version of Mixin (JAVA_17 supports class version 61)
[15mai.2026 20:39:08.911] [main/DEBUG] [mixin/]: Mixing crash.LevelMixin from yumi_mc_core.mixins.json into net.minecraft.world.level.Level
[15mai.2026 20:39:08.912] [main/DEBUG] [mixin/]: Mixing alloc.chunk_random.LevelMixin from lithium.mixins.json into net.minecraft.world.level.Level
[15mai.2026 20:39:08.912] [main/DEBUG] [mixin/]: lithium.mixins.json:alloc.chunk_random.LevelMixin from mod lithium: Class version 69 required is higher than the class version supported by the current version of Mixin (JAVA_21 supports class version 65)
[15mai.2026 20:39:08.912] [main/DEBUG] [mixin/]: Mixing entity.collisions.intersection.LevelMixin from lithium.mixins.json into net.minecraft.world.level.Level
[15mai.2026 20:39:08.913] [main/DEBUG] [mixin/]: lithium.mixins.json:entity.collisions.intersection.LevelMixin from mod lithium: Class version 69 required is higher than the class version supported by the current version of Mixin (JAVA_21 supports class version 65)
[15mai.2026 20:39:08.915] [main/DEBUG] [mixin/]: Mixing entity.collisions.unpushable_cramming.LevelMixin from lithium.mixins.json into net.minecraft.world.level.Level
[15mai.2026 20:39:08.915] [main/DEBUG] [mixin/]: lithium.mixins.json:entity.collisions.unpushable_cramming.LevelMixin from mod lithium: Class version 69 required is higher than the class version supported by the current version of Mixin (JAVA_21 supports class version 65)
[15mai.2026 20:39:08.916] [main/DEBUG] [mixin/]: Mixing minimal_nonvanilla.collisions.empty_space.LevelMixin from lithium.mixins.json into net.minecraft.world.level.Level
[15mai.2026 20:39:08.916] [main/DEBUG] [mixin/]: lithium.mixins.json:minimal_nonvanilla.collisions.empty_space.LevelMixin from mod lithium: Class version 69 required is higher than the class version supported by the current version of Mixin (JAVA_21 supports class version 65)
[15mai.2026 20:39:08.916] [main/DEBUG] [mixin/]: Renaming synthetic method lambda$findFreePosition$0(Lnet/minecraft/world/level/border/WorldBorder;Lnet/minecraft/world/phys/shapes/VoxelShape;)Z to md94a32b$lithium$lambda$findFreePosition$0$0 in lithium.mixins.json:minimal_nonvanilla.collisions.empty_space.LevelMixin from mod lithium
[15mai.2026 20:39:08.916] [main/DEBUG] [mixin/]: Mixing util.accessors.LevelAccessor from lithium.mixins.json into net.minecraft.world.level.Level
[15mai.2026 20:39:08.916] [main/DEBUG] [mixin/]: lithium.mixins.json:util.accessors.LevelAccessor from mod lithium: Class version 69 required is higher than the class version supported by the current version of Mixin (JAVA_21 supports class version 65)
[15mai.2026 20:39:08.916] [main/DEBUG] [mixin/]: Mixing util.block_entity_retrieval.LevelMixin from lithium.mixins.json into net.minecraft.world.level.Level
[15mai.2026 20:39:08.917] [main/DEBUG] [mixin/]: lithium.mixins.json:util.block_entity_retrieval.LevelMixin from mod lithium: Class version 69 required is higher than the class version supported by the current version of Mixin (JAVA_21 supports class version 65)
[15mai.2026 20:39:08.917] [main/DEBUG] [mixin/]: Mixing util.data_storage.LevelMixin from lithium.mixins.json into net.minecraft.world.level.Level
[15mai.2026 20:39:08.917] [main/DEBUG] [mixin/]: lithium.mixins.json:util.data_storage.LevelMixin from mod lithium: Class version 69 required is higher than the class version supported by the current version of Mixin (JAVA_21 supports class version 65)
[15mai.2026 20:39:08.917] [main/DEBUG] [mixin/]: Mixing world.block_entity_ticking.chunk_tickable.LevelMixin from lithium.mixins.json into net.minecraft.world.level.Level
[15mai.2026 20:39:08.918] [main/DEBUG] [mixin/]: lithium.mixins.json:world.block_entity_ticking.chunk_tickable.LevelMixin from mod lithium: Class version 69 required is higher than the class version supported by the current version of Mixin (JAVA_21 supports class version 65)
[15mai.2026 20:39:08.918] [main/DEBUG] [mixin/]: Mixing world.block_entity_ticking.sleeping.LevelMixin from lithium.mixins.json into net.minecraft.world.level.Level
[15mai.2026 20:39:08.918] [main/DEBUG] [mixin/]: lithium.mixins.json:world.block_entity_ticking.sleeping.LevelMixin from mod lithium: Class version 69 required is higher than the class version supported by the current version of Mixin (JAVA_21 supports class version 65)
[15mai.2026 20:39:08.918] [main/DEBUG] [mixin/]: Mixing world.chunk_access.LevelMixin from lithium.mixins.json into net.minecraft.world.level.Level
[15mai.2026 20:39:08.918] [main/DEBUG] [mixin/]: lithium.mixins.json:world.chunk_access.LevelMixin from mod lithium: Class version 69 required is higher than the class version supported by the current version of Mixin (JAVA_21 supports class version 65)
[15mai.2026 20:39:08.918] [main/DEBUG] [mixin/]: Mixing world.inline_block_access.LevelMixin from lithium.mixins.json into net.minecraft.world.level.Level
[15mai.2026 20:39:08.918] [main/DEBUG] [mixin/]: lithium.mixins.json:world.inline_block_access.LevelMixin from mod lithium: Class version 69 required is higher than the class version supported by the current version of Mixin (JAVA_21 supports class version 65)
[15mai.2026 20:39:08.918] [main/DEBUG] [mixin/]: Mixing world.inline_height.LevelMixin from lithium.mixins.json into net.minecraft.world.level.Level
[15mai.2026 20:39:08.919] [main/DEBUG] [mixin/]: lithium.mixins.json:world.inline_height.LevelMixin from mod lithium: Class version 69 required is higher than the class version supported by the current version of Mixin (JAVA_21 supports class version 65)
[15mai.2026 20:39:08.919] [main/DEBUG] [mixin/]: Mixing block.hopper.LevelMixin from lithium-neoforge.mixins.json into net.minecraft.world.level.Level
[15mai.2026 20:39:08.919] [main/DEBUG] [mixin/]: lithium-neoforge.mixins.json:block.hopper.LevelMixin from mod lithium: Class version 69 required is higher than the class version supported by the current version of Mixin (JAVA_21 supports class version 65)
[15mai.2026 20:39:08.931] [main/DEBUG] [mixin/]: yumi_mc_core.mixins.json:crash.LevelMixin from mod yumi_mc_core->@Inject::yumi$onPopulateCrashDetails(Lnet/minecraft/CrashReport;Lorg/spongepowered/asm/mixin/injection/callback/CallbackInfoReturnable;)V does use it's CallbackInfoReturnable
[15mai.2026 20:39:08.931] [main/DEBUG] [mixin/]: lithium.mixins.json:util.data_storage.LevelMixin from mod lithium->@Inject::initLithiumData(Lnet/minecraft/world/level/storage/WritableLevelData;Lnet/minecraft/resources/ResourceKey;Lnet/minecraft/core/RegistryAccess;Lnet/minecraft/core/Holder;ZZJILorg/spongepowered/asm/mixin/injection/callback/CallbackInfo;)V doesn't use it's CallbackInfo
[15mai.2026 20:39:08.931] [main/DEBUG] [mixin/]: lithium.mixins.json:util.data_storage.LevelMixin from mod lithium->@Inject::initLithiumData(Lnet/minecraft/world/level/storage/WritableLevelData;Lnet/minecraft/resources/ResourceKey;Lnet/minecraft/core/RegistryAccess;Lnet/minecraft/core/Holder;ZZJILorg/spongepowered/asm/mixin/injection/callback/CallbackInfo;)V has 0 override(s) in child classes
[15mai.2026 20:39:08.931] [main/DEBUG] [mixin/]: lithium.mixins.json:util.data_storage.LevelMixin from mod lithium->@Inject::initLithiumData(Lnet/minecraft/world/level/storage/WritableLevelData;Lnet/minecraft/resources/ResourceKey;Lnet/minecraft/core/RegistryAccess;Lnet/minecraft/core/Holder;ZZJILorg/spongepowered/asm/mixin/injection/callback/CallbackInfo;)V won't be passed a CallbackInfo as a result
[15mai.2026 20:39:08.931] [main/DEBUG] [mixin/]: lithium.mixins.json:world.inline_height.LevelMixin from mod lithium->@Inject::initHeightCache(Lnet/minecraft/world/level/storage/WritableLevelData;Lnet/minecraft/resources/ResourceKey;Lnet/minecraft/core/RegistryAccess;Lnet/minecraft/core/Holder;ZZJILorg/spongepowered/asm/mixin/injection/callback/CallbackInfo;)V doesn't use it's CallbackInfo
[15mai.2026 20:39:08.932] [main/DEBUG] [mixin/]: lithium.mixins.json:world.inline_height.LevelMixin from mod lithium->@Inject::initHeightCache(Lnet/minecraft/world/level/storage/WritableLevelData;Lnet/minecraft/resources/ResourceKey;Lnet/minecraft/core/RegistryAccess;Lnet/minecraft/core/Holder;ZZJILorg/spongepowered/asm/mixin/injection/callback/CallbackInfo;)V has 0 override(s) in child classes
[15mai.2026 20:39:08.932] [main/DEBUG] [mixin/]: lithium.mixins.json:world.inline_height.LevelMixin from mod lithium->@Inject::initHeightCache(Lnet/minecraft/world/level/storage/WritableLevelData;Lnet/minecraft/resources/ResourceKey;Lnet/minecraft/core/RegistryAccess;Lnet/minecraft/core/Holder;ZZJILorg/spongepowered/asm/mixin/injection/callback/CallbackInfo;)V won't be passed a CallbackInfo as a result
[15mai.2026 20:39:08.932] [main/DEBUG] [mixin/]: lithium-neoforge.mixins.json:block.hopper.LevelMixin from mod lithium->@Inject::updateHopperOnUpdateSuppression(Lnet/minecraft/core/BlockPos;Lnet/minecraft/world/level/chunk/LevelChunk;Lnet/minecraft/world/level/block/state/BlockState;Lnet/minecraft/world/level/block/state/BlockState;IILorg/spongepowered/asm/mixin/injection/callback/CallbackInfo;)V doesn't use it's CallbackInfo
[15mai.2026 20:39:08.932] [main/DEBUG] [mixin/]: lithium-neoforge.mixins.json:block.hopper.LevelMixin from mod lithium->@Inject::updateHopperOnUpdateSuppression(Lnet/minecraft/core/BlockPos;Lnet/minecraft/world/level/chunk/LevelChunk;Lnet/minecraft/world/level/block/state/BlockState;Lnet/minecraft/world/level/block/state/BlockState;IILorg/spongepowered/asm/mixin/injection/callback/CallbackInfo;)V has 0 override(s) in child classes
[15mai.2026 20:39:08.932] [main/DEBUG] [mixin/]: lithium-neoforge.mixins.json:block.hopper.LevelMixin from mod lithium->@Inject::updateHopperOnUpdateSuppression(Lnet/minecraft/core/BlockPos;Lnet/minecraft/world/level/chunk/LevelChunk;Lnet/minecraft/world/level/block/state/BlockState;Lnet/minecraft/world/level/block/state/BlockState;IILorg/spongepowered/asm/mixin/injection/callback/CallbackInfo;)V won't be passed a CallbackInfo as a result
[15mai.2026 20:39:08.943] [main/DEBUG] [mixin/]: Mixing util.chunk_access.LevelReaderMixin from lithium.mixins.json into net.minecraft.world.level.LevelReader
[15mai.2026 20:39:08.943] [main/DEBUG] [mixin/]: lithium.mixins.json:util.chunk_access.LevelReaderMixin from mod lithium: Class version 69 required is higher than the class version supported by the current version of Mixin (JAVA_21 supports class version 65)
[15mai.2026 20:39:08.947] [main/DEBUG] [mixin/]: Mixing entity.collisions.intersection.EntityGetterMixin from lithium.mixins.json into net.minecraft.world.level.EntityGetter
[15mai.2026 20:39:08.948] [main/DEBUG] [mixin/]: lithium.mixins.json:entity.collisions.intersection.EntityGetterMixin from mod lithium: Class version 69 required is higher than the class version supported by the current version of Mixin (JAVA_21 supports class version 65)
[15mai.2026 20:39:08.974] [pool-18-thread-1/DEBUG] [mixin/]: Mixing BootstrapMixin from yumi_mc_core.mixins.json into net.minecraft.server.Bootstrap
[15mai.2026 20:39:08.975] [pool-18-thread-1/DEBUG] [mixin/]: Mixing core.BootstrapMixin from modernfix-modernfix.mixins.json into net.minecraft.server.Bootstrap
[15mai.2026 20:39:08.975] [pool-18-thread-1/DEBUG] [mixin/]: modernfix-modernfix.mixins.json:core.BootstrapMixin from mod modernfix: Class version 69 required is higher than the class version supported by the current version of Mixin (JAVA_21 supports class version 65)
[15mai.2026 20:39:08.975] [pool-18-thread-1/DEBUG] [mixin/]: Mixing feature.measure_time.BootstrapMixin from modernfix-modernfix.mixins.json into net.minecraft.server.Bootstrap
[15mai.2026 20:39:08.975] [pool-18-thread-1/DEBUG] [mixin/]: modernfix-modernfix.mixins.json:feature.measure_time.BootstrapMixin from mod modernfix: Class version 69 required is higher than the class version supported by the current version of Mixin (JAVA_21 supports class version 65)
[15mai.2026 20:39:08.977] [pool-18-thread-1/DEBUG] [mixin/]: yumi_mc_core.mixins.json:BootstrapMixin from mod yumi_mc_core->@Inject::yumi$onStaticInit(Lorg/spongepowered/asm/mixin/injection/callback/CallbackInfo;)V doesn't use it's CallbackInfo
[15mai.2026 20:39:08.977] [pool-18-thread-1/DEBUG] [mixin/]: modernfix-modernfix.mixins.json:core.BootstrapMixin from mod modernfix->@Inject::doModernFixBootstrap(Lorg/spongepowered/asm/mixin/injection/callback/CallbackInfo;)V doesn't use it's CallbackInfo
[15mai.2026 20:39:08.977] [pool-18-thread-1/DEBUG] [mixin/]: modernfix-modernfix.mixins.json:feature.measure_time.BootstrapMixin from mod modernfix->@Inject::recordStartTime(Lorg/spongepowered/asm/mixin/injection/callback/CallbackInfo;)V doesn't use it's CallbackInfo
[15mai.2026 20:39:08.978] [pool-18-thread-1/DEBUG] [mixin/]: modernfix-modernfix.mixins.json:feature.measure_time.BootstrapMixin from mod modernfix->@Inject::printStartTime(Lorg/spongepowered/asm/mixin/injection/callback/CallbackInfo;)V doesn't use it's CallbackInfo
[15mai.2026 20:39:08.982] [pool-18-thread-1/INFO] [net.minecraft.server.Bootstrap/]: ModernFix reached bootstrap stage (4.675 s after launch)
[15mai.2026 20:39:08.983] [pool-18-thread-1/DEBUG] [mixin/]: Mixing BuiltInRegistriesMixin from yumi_mc_core.mixins.json into net.minecraft.core.registries.BuiltInRegistries
[15mai.2026 20:39:08.984] [pool-18-thread-1/DEBUG] [mixin/]: Mixing MixinBuiltInRegistries from terrablender.mixins.json into net.minecraft.core.registries.BuiltInRegistries
[15mai.2026 20:39:08.984] [pool-18-thread-1/DEBUG] [mixin/]: terrablender.mixins.json:MixinBuiltInRegistries from mod terrablender: Class version 69 required is higher than the class version supported by the current version of Mixin (JAVA_17 supports class version 61)
[15mai.2026 20:39:08.984] [pool-18-thread-1/DEBUG] [mixin/]: Renaming synthetic method lambda$registerSimple$0(Lnet/minecraft/core/registries/BuiltInRegistries$RegistryBootstrap;Lnet/minecraft/core/Registry;)Ljava/lang/Object; to md94a32b$terrablender$lambda$registerSimple$0$0 in terrablender.mixins.json:MixinBuiltInRegistries from mod terrablender
[15mai.2026 20:39:08.985] [pool-18-thread-1/DEBUG] [mixin/]: yumi_mc_core.mixins.json:BuiltInRegistriesMixin from mod yumi_mc_core->@Inject::onInitialize(Lorg/spongepowered/asm/mixin/injection/callback/CallbackInfo;)V doesn't use it's CallbackInfo
[15mai.2026 20:39:08.985] [pool-18-thread-1/DEBUG] [mixin/]: terrablender.mixins.json:MixinBuiltInRegistries from mod terrablender->@Inject::registerSimple(Lnet/minecraft/resources/ResourceKey;Lnet/minecraft/core/registries/BuiltInRegistries$RegistryBootstrap;Lorg/spongepowered/asm/mixin/injection/callback/CallbackInfoReturnable;)V does use it's CallbackInfoReturnable
[15mai.2026 20:39:08.991] [pool-18-thread-1/DEBUG] [mixin/]: Mixing MappedRegistryAccessor from neoforge.mixins.json into net.minecraft.core.MappedRegistry
[15mai.2026 20:39:08.992] [pool-18-thread-1/DEBUG] [mixin/]: Mixing perf.compact_mojang_registries.MappedRegistryMixin from modernfix-modernfix.mixins.json into net.minecraft.core.MappedRegistry
[15mai.2026 20:39:08.992] [pool-18-thread-1/DEBUG] [mixin/]: modernfix-modernfix.mixins.json:perf.compact_mojang_registries.MappedRegistryMixin from mod modernfix: Class version 69 required is higher than the class version supported by the current version of Mixin (JAVA_21 supports class version 65)
[15mai.2026 20:39:08.993] [pool-18-thread-1/DEBUG] [mixin/]: modernfix-modernfix.mixins.json:perf.compact_mojang_registries.MappedRegistryMixin from mod modernfix->@Inject::replaceStorage(Lorg/spongepowered/asm/mixin/injection/callback/CallbackInfo;)V doesn't use it's CallbackInfo
[15mai.2026 20:39:08.993] [pool-18-thread-1/DEBUG] [mixin/]: modernfix-modernfix.mixins.json:perf.compact_mojang_registries.MappedRegistryMixin from mod modernfix->@Inject::replaceStorage(Lorg/spongepowered/asm/mixin/injection/callback/CallbackInfo;)V has 0 override(s) in child classes
[15mai.2026 20:39:08.993] [pool-18-thread-1/DEBUG] [mixin/]: modernfix-modernfix.mixins.json:perf.compact_mojang_registries.MappedRegistryMixin from mod modernfix->@Inject::replaceStorage(Lorg/spongepowered/asm/mixin/injection/callback/CallbackInfo;)V won't be passed a CallbackInfo as a result
[15mai.2026 20:39:09.031] [pool-18-thread-1/DEBUG] [mixin/]: Mixing perf.model_optimizations.PropertyMixin from modernfix-modernfix.mixins.json into net.minecraft.world.level.block.state.properties.Property
[15mai.2026 20:39:09.031] [pool-18-thread-1/DEBUG] [mixin/]: modernfix-modernfix.mixins.json:perf.model_optimizations.PropertyMixin from mod modernfix: Class version 69 required is higher than the class version supported by the current version of Mixin (JAVA_21 supports class version 65)
[15mai.2026 20:39:09.056] [pool-18-thread-1/DEBUG] [mixin/]: Mixing perf.memoize_creative_tab_build.CreativeModeTabMixin from modernfix-modernfix.mixins.json into net.minecraft.world.item.CreativeModeTab
[15mai.2026 20:39:09.056] [pool-18-thread-1/DEBUG] [mixin/]: modernfix-modernfix.mixins.json:perf.memoize_creative_tab_build.CreativeModeTabMixin from mod modernfix: Class version 69 required is higher than the class version supported by the current version of Mixin (JAVA_21 supports class version 65)
[15mai.2026 20:39:09.066] [pool-18-thread-1/DEBUG] [mixin/]: Mixing perf.encoder_cache_leak.DataComponentsAccessor from modernfix-modernfix.mixins.json into net.minecraft.core.component.DataComponents
[15mai.2026 20:39:09.066] [pool-18-thread-1/DEBUG] [mixin/]: modernfix-modernfix.mixins.json:perf.encoder_cache_leak.DataComponentsAccessor from mod modernfix: Class version 69 required is higher than the class version supported by the current version of Mixin (JAVA_21 supports class version 65)
[15mai.2026 20:39:09.066] [pool-18-thread-1/DEBUG] [mixin/]: Renaming @Accessor method mfix$getCache()Lnet/minecraft/util/EncoderCache; to mfix$getCache$modernfix_$md$94a32b$0 in modernfix-modernfix.mixins.json:perf.encoder_cache_leak.DataComponentsAccessor from mod modernfix
[15mai.2026 20:39:09.093] [pool-18-thread-1/DEBUG] [mixin/]: Mixing shapes.blockstate_cache.BlockMixin from lithium.mixins.json into net.minecraft.world.level.block.Block
[15mai.2026 20:39:09.094] [pool-18-thread-1/DEBUG] [mixin/]: lithium.mixins.json:shapes.blockstate_cache.BlockMixin from mod lithium: Class version 69 required is higher than the class version supported by the current version of Mixin (JAVA_21 supports class version 65)
[15mai.2026 20:39:09.094] [pool-18-thread-1/DEBUG] [mixin/]: Renaming synthetic method lambda$static$0(Lnet/minecraft/world/phys/shapes/VoxelShape;)Z to md94a32b$lithium$lambda$static$0$0 in lithium.mixins.json:shapes.blockstate_cache.BlockMixin from mod lithium
[15mai.2026 20:39:09.098] [pool-18-thread-1/DEBUG] [mixin/]: Mixing block.hopper.BlockBehaviourMixin from lithium.mixins.json into net.minecraft.world.level.block.state.BlockBehaviour
[15mai.2026 20:39:09.098] [pool-18-thread-1/DEBUG] [mixin/]: lithium.mixins.json:block.hopper.BlockBehaviourMixin from mod lithium: Class version 69 required is higher than the class version supported by the current version of Mixin (JAVA_21 supports class version 65)
[15mai.2026 20:39:09.098] [pool-18-thread-1/DEBUG] [mixin/]: Mixing BlockBehaviourMixin from palladium.mixins.json into net.minecraft.world.level.block.state.BlockBehaviour
[15mai.2026 20:39:09.099] [pool-18-thread-1/DEBUG] [mixin/]: lithium.mixins.json:block.hopper.BlockBehaviourMixin from mod lithium->@Inject::notifyOnShapeUpdate(Lnet/minecraft/world/level/block/state/BlockState;Lnet/minecraft/world/level/LevelReader;Lnet/minecraft/world/level/ScheduledTickAccess;Lnet/minecraft/core/BlockPos;Lnet/minecraft/core/Direction;Lnet/minecraft/core/BlockPos;Lnet/minecraft/world/level/block/state/BlockState;Lnet/minecraft/util/RandomSource;Lorg/spongepowered/asm/mixin/injection/callback/CallbackInfoReturnable;)V doesn't use it's CallbackInfoReturnable
[15mai.2026 20:39:09.099] [pool-18-thread-1/DEBUG] [mixin/]: lithium.mixins.json:block.hopper.BlockBehaviourMixin from mod lithium->@Inject::notifyOnShapeUpdate(Lnet/minecraft/world/level/block/state/BlockState;Lnet/minecraft/world/level/LevelReader;Lnet/minecraft/world/level/ScheduledTickAccess;Lnet/minecraft/core/BlockPos;Lnet/minecraft/core/Direction;Lnet/minecraft/core/BlockPos;Lnet/minecraft/world/level/block/state/BlockState;Lnet/minecraft/util/RandomSource;Lorg/spongepowered/asm/mixin/injection/callback/CallbackInfoReturnable;)V has 0 override(s) in child classes
[15mai.2026 20:39:09.099] [pool-18-thread-1/DEBUG] [mixin/]: lithium.mixins.json:block.hopper.BlockBehaviourMixin from mod lithium->@Inject::notifyOnShapeUpdate(Lnet/minecraft/world/level/block/state/BlockState;Lnet/minecraft/world/level/LevelReader;Lnet/minecraft/world/level/ScheduledTickAccess;Lnet/minecraft/core/BlockPos;Lnet/minecraft/core/Direction;Lnet/minecraft/core/BlockPos;Lnet/minecraft/world/level/block/state/BlockState;Lnet/minecraft/util/RandomSource;Lorg/spongepowered/asm/mixin/injection/callback/CallbackInfoReturnable;)V won't be passed a CallbackInfoReturnable as a result
[15mai.2026 20:39:09.099] [pool-18-thread-1/DEBUG] [mixin/]: palladium.mixins.json:BlockBehaviourMixin from mod palladium->@Inject::propertiesCodec(Lorg/spongepowered/asm/mixin/injection/callback/CallbackInfoReturnable;)V does use it's CallbackInfoReturnable
[15mai.2026 20:39:09.105] [pool-18-thread-1/DEBUG] [mixin/]: Mixing PlayerEntityMixin from lambdynlights.lightsource.mixins.json into net.minecraft.world.entity.player.Player
[15mai.2026 20:39:09.123] [pool-18-thread-1/DEBUG] [mixin/]: Mixing PlayerMixin from palladium.mixins.json into net.minecraft.world.entity.player.Player
[15mai.2026 20:39:09.123] [pool-18-thread-1/DEBUG] [mixin/]: palladium.mixins.json:PlayerMixin from mod palladium->@Inject::getDesiredPose(Lorg/spongepowered/asm/mixin/injection/callback/CallbackInfoReturnable;)V does use it's CallbackInfoReturnable
[15mai.2026 20:39:09.125] [pool-18-thread-1/DEBUG] [mixin/]: palladium.mixins.json:PlayerMixin from mod palladium->@Inject::getDesiredPose(Lorg/spongepowered/asm/mixin/injection/callback/CallbackInfoReturnable;)V does use it's CallbackInfoReturnable
[15mai.2026 20:39:09.125] [pool-18-thread-1/DEBUG] [mixin/]: palladium.mixins.json:PlayerMixin from mod palladium->@Inject::getDesiredPose(Lorg/spongepowered/asm/mixin/injection/callback/CallbackInfoReturnable;)V does use it's CallbackInfoReturnable
[15mai.2026 20:39:09.125] [pool-18-thread-1/DEBUG] [mixin/]: palladium.mixins.json:PlayerMixin from mod palladium->@Inject::getDesiredPose(Lorg/spongepowered/asm/mixin/injection/callback/CallbackInfoReturnable;)V does use it's CallbackInfoReturnable
[15mai.2026 20:39:09.125] [pool-18-thread-1/DEBUG] [mixin/]: palladium.mixins.json:PlayerMixin from mod palladium->@Inject::getDesiredPose(Lorg/spongepowered/asm/mixin/injection/callback/CallbackInfoReturnable;)V does use it's CallbackInfoReturnable
[15mai.2026 20:39:09.131] [pool-18-thread-1/DEBUG] [mixin/]: Mixing AvatarMixin from player_animation_library.mixins.json into net.minecraft.world.entity.Avatar
[15mai.2026 20:39:09.131] [pool-18-thread-1/DEBUG] [mixin/]: player_animation_library.mixins.json:AvatarMixin from mod player_animation_library: Class version 69 required is higher than the class version supported by the current version of Mixin (JAVA_21 supports class version 65)
[15mai.2026 20:39:09.133] [pool-18-thread-1/DEBUG] [mixin/]: player_animation_library.mixins.json:AvatarMixin from mod player_animation_library->@Inject::tick(Lorg/spongepowered/asm/mixin/injection/callback/CallbackInfo;)V doesn't use it's CallbackInfo
[15mai.2026 20:39:09.133] [pool-18-thread-1/DEBUG] [mixin/]: player_animation_library.mixins.json:AvatarMixin from mod player_animation_library->@Inject::tick(Lorg/spongepowered/asm/mixin/injection/callback/CallbackInfo;)V has 0 override(s) in child classes
[15mai.2026 20:39:09.133] [pool-18-thread-1/DEBUG] [mixin/]: player_animation_library.mixins.json:AvatarMixin from mod player_animation_library->@Inject::tick(Lorg/spongepowered/asm/mixin/injection/callback/CallbackInfo;)V won't be passed a CallbackInfo as a result
[15mai.2026 20:39:09.138] [pool-18-thread-1/DEBUG] [mixin/]: Mixing LivingEntityMixin from lambdynlights.lightsource.mixins.json into net.minecraft.world.entity.LivingEntity
[15mai.2026 20:39:09.138] [pool-18-thread-1/DEBUG] [mixin/]: Mixing LivingEntityMixin from jade.mixins.json into net.minecraft.world.entity.LivingEntity
[15mai.2026 20:39:09.138] [pool-18-thread-1/DEBUG] [mixin/]: jade.mixins.json:LivingEntityMixin from mod jade: Class version 69 required is higher than the class version supported by the current version of Mixin (JAVA_21 supports class version 65)
[15mai.2026 20:39:09.138] [pool-18-thread-1/DEBUG] [mixin/]: Mixing entity.collisions.unpushable_cramming.LivingEntityMixin from lithium.mixins.json into net.minecraft.world.entity.LivingEntity
[15mai.2026 20:39:09.138] [pool-18-thread-1/DEBUG] [mixin/]: lithium.mixins.json:entity.collisions.unpushable_cramming.LivingEntityMixin from mod lithium: Class version 69 required is higher than the class version supported by the current version of Mixin (JAVA_21 supports class version 65)
[15mai.2026 20:39:09.139] [pool-18-thread-1/DEBUG] [mixin/]: Mixing entity.equipment_tracking.enchantment_ticking.LivingEntityMixin from lithium.mixins.json into net.minecraft.world.entity.LivingEntity
[15mai.2026 20:39:09.139] [pool-18-thread-1/DEBUG] [mixin/]: lithium.mixins.json:entity.equipment_tracking.enchantment_ticking.LivingEntityMixin from mod lithium: Class version 69 required is higher than the class version supported by the current version of Mixin (JAVA_21 supports class version 65)
[15mai.2026 20:39:09.139] [pool-18-thread-1/DEBUG] [mixin/]: Mixing entity.equipment_tracking.equipment_changes.LivingEntityMixin from lithium.mixins.json into net.minecraft.world.entity.LivingEntity
[15mai.2026 20:39:09.139] [pool-18-thread-1/DEBUG] [mixin/]: lithium.mixins.json:entity.equipment_tracking.equipment_changes.LivingEntityMixin from mod lithium: Class version 69 required is higher than the class version supported by the current version of Mixin (JAVA_21 supports class version 65)
[15mai.2026 20:39:09.140] [pool-18-thread-1/DEBUG] [mixin/]: Mixing entity.fast_elytra_check.LivingEntityMixin from lithium.mixins.json into net.minecraft.world.entity.LivingEntity
[15mai.2026 20:39:09.140] [pool-18-thread-1/DEBUG] [mixin/]: lithium.mixins.json:entity.fast_elytra_check.LivingEntityMixin from mod lithium: Class version 69 required is higher than the class version supported by the current version of Mixin (JAVA_21 supports class version 65)
[15mai.2026 20:39:09.140] [pool-18-thread-1/DEBUG] [mixin/]: Mixing entity.fast_hand_swing.LivingEntityMixin from lithium.mixins.json into net.minecraft.world.entity.LivingEntity
[15mai.2026 20:39:09.140] [pool-18-thread-1/DEBUG] [mixin/]: lithium.mixins.json:entity.fast_hand_swing.LivingEntityMixin from mod lithium: Class version 69 required is higher than the class version supported by the current version of Mixin (JAVA_21 supports class version 65)
[15mai.2026 20:39:09.140] [pool-18-thread-1/DEBUG] [mixin/]: Mixing entity.fast_powder_snow_check.LivingEntityMixin from lithium.mixins.json into net.minecraft.world.entity.LivingEntity
[15mai.2026 20:39:09.140] [pool-18-thread-1/DEBUG] [mixin/]: lithium.mixins.json:entity.fast_powder_snow_check.LivingEntityMixin from mod lithium: Class version 69 required is higher than the class version supported by the current version of Mixin (JAVA_21 supports class version 65)
[15mai.2026 20:39:09.140] [pool-18-thread-1/DEBUG] [mixin/]: Mixing entity.inactive_navigations.LivingEntityMixin from lithium.mixins.json into net.minecraft.world.entity.LivingEntity
[15mai.2026 20:39:09.141] [pool-18-thread-1/DEBUG] [mixin/]: lithium.mixins.json:entity.inactive_navigations.LivingEntityMixin from mod lithium: Class version 69 required is higher than the class version supported by the current version of Mixin (JAVA_21 supports class version 65)
[15mai.2026 20:39:09.141] [pool-18-thread-1/DEBUG] [mixin/]: Mixing util.in_world_tracking.entity.LivingEntityMixin from lithium.mixins.json into net.minecraft.world.entity.LivingEntity
[15mai.2026 20:39:09.141] [pool-18-thread-1/DEBUG] [mixin/]: lithium.mixins.json:util.in_world_tracking.entity.LivingEntityMixin from mod lithium: Class version 69 required is higher than the class version supported by the current version of Mixin (JAVA_21 supports class version 65)
[15mai.2026 20:39:09.141] [pool-18-thread-1/DEBUG] [mixin/]: Mixing LivingEntityMixin from palladium.mixins.json into net.minecraft.world.entity.LivingEntity
[15mai.2026 20:39:09.147] [pool-18-thread-1/DEBUG] [mixin/]: jade.mixins.json:LivingEntityMixin from mod jade->@Inject::jade$addEffect(Lnet/minecraft/world/effect/MobEffectInstance;Lnet/minecraft/world/entity/Entity;Lorg/spongepowered/asm/mixin/injection/callback/CallbackInfoReturnable;)V doesn't use it's CallbackInfoReturnable
[15mai.2026 20:39:09.147] [pool-18-thread-1/DEBUG] [mixin/]: jade.mixins.json:LivingEntityMixin from mod jade->@Inject::jade$addEffect(Lnet/minecraft/world/effect/MobEffectInstance;Lnet/minecraft/world/entity/Entity;Lorg/spongepowered/asm/mixin/injection/callback/CallbackInfoReturnable;)V has 0 override(s) in child classes
[15mai.2026 20:39:09.147] [pool-18-thread-1/DEBUG] [mixin/]: jade.mixins.json:LivingEntityMixin from mod jade->@Inject::jade$addEffect(Lnet/minecraft/world/effect/MobEffectInstance;Lnet/minecraft/world/entity/Entity;Lorg/spongepowered/asm/mixin/injection/callback/CallbackInfoReturnable;)V won't be passed a CallbackInfoReturnable as a result
[15mai.2026 20:39:09.147] [pool-18-thread-1/DEBUG] [mixin/]: lithium.mixins.json:entity.equipment_tracking.equipment_changes.LivingEntityMixin from mod lithium->@Inject::skipSentEquipmentComparison(Lorg/spongepowered/asm/mixin/injection/callback/CallbackInfoReturnable;)V does use it's CallbackInfoReturnable
[15mai.2026 20:39:09.147] [pool-18-thread-1/DEBUG] [mixin/]: lithium.mixins.json:entity.equipment_tracking.equipment_changes.LivingEntityMixin from mod lithium->@Inject::resetEquipmentChanged(Lorg/spongepowered/asm/mixin/injection/callback/CallbackInfo;)V doesn't use it's CallbackInfo
[15mai.2026 20:39:09.147] [pool-18-thread-1/DEBUG] [mixin/]: lithium.mixins.json:entity.equipment_tracking.equipment_changes.LivingEntityMixin from mod lithium->@Inject::resetEquipmentChanged(Lorg/spongepowered/asm/mixin/injection/callback/CallbackInfo;)V has 0 override(s) in child classes
[15mai.2026 20:39:09.147] [pool-18-thread-1/DEBUG] [mixin/]: lithium.mixins.json:entity.equipment_tracking.equipment_changes.LivingEntityMixin from mod lithium->@Inject::resetEquipmentChanged(Lorg/spongepowered/asm/mixin/injection/callback/CallbackInfo;)V won't be passed a CallbackInfo as a result
[15mai.2026 20:39:09.147] [pool-18-thread-1/DEBUG] [mixin/]: lithium.mixins.json:entity.fast_elytra_check.LivingEntityMixin from mod lithium->@Inject::skipStopFlying(Lorg/spongepowered/asm/mixin/injection/callback/CallbackInfo;)V does use it's CallbackInfo
[15mai.2026 20:39:09.147] [pool-18-thread-1/DEBUG] [mixin/]: lithium.mixins.json:entity.fast_hand_swing.LivingEntityMixin from mod lithium->@Inject::skipGetDuration(Lorg/spongepowered/asm/mixin/injection/callback/CallbackInfo;)V does use it's CallbackInfo
[15mai.2026 20:39:09.147] [pool-18-thread-1/DEBUG] [mixin/]: lithium.mixins.json:entity.inactive_navigations.LivingEntityMixin from mod lithium->@Inject::handleStopRiding(Lorg/spongepowered/asm/mixin/injection/callback/CallbackInfo;)V doesn't use it's CallbackInfo
[15mai.2026 20:39:09.147] [pool-18-thread-1/DEBUG] [mixin/]: lithium.mixins.json:entity.inactive_navigations.LivingEntityMixin from mod lithium->@Inject::handleStopRiding(Lorg/spongepowered/asm/mixin/injection/callback/CallbackInfo;)V has 0 override(s) in child classes
[15mai.2026 20:39:09.147] [pool-18-thread-1/DEBUG] [mixin/]: lithium.mixins.json:entity.inactive_navigations.LivingEntityMixin from mod lithium->@Inject::handleStopRiding(Lorg/spongepowered/asm/mixin/injection/callback/CallbackInfo;)V won't be passed a CallbackInfo as a result
[15mai.2026 20:39:09.148] [pool-18-thread-1/DEBUG] [mixin/]: palladium.mixins.json:LivingEntityMixin from mod palladium->@Inject::canUseSlot(Lnet/minecraft/world/entity/EquipmentSlot;Lorg/spongepowered/asm/mixin/injection/callback/CallbackInfoReturnable;)V does use it's CallbackInfoReturnable
[15mai.2026 20:39:09.148] [pool-18-thread-1/DEBUG] [mixin/]: palladium.mixins.json:LivingEntityMixin from mod palladium->@Inject::canGlideHook(Lorg/spongepowered/asm/mixin/injection/callback/CallbackInfoReturnable;)V does use it's CallbackInfoReturnable
[15mai.2026 20:39:09.148] [pool-18-thread-1/DEBUG] [mixin/]: palladium.mixins.json:LivingEntityMixin from mod palladium->@Inject::updateFallFlying(Lorg/spongepowered/asm/mixin/injection/callback/CallbackInfo;)V does use it's CallbackInfo
[15mai.2026 20:39:09.148] [pool-18-thread-1/DEBUG] [mixin/]: palladium.mixins.json:LivingEntityMixin from mod palladium->@Inject::onClimbable(Lorg/spongepowered/asm/mixin/injection/callback/CallbackInfoReturnable;)V does use it's CallbackInfoReturnable
[15mai.2026 20:39:09.183] [pool-18-thread-1/DEBUG] [mixin/]: Mixing util.accessors.ItemEntityAccessor from lithium.mixins.json into net.minecraft.world.entity.item.ItemEntity
[15mai.2026 20:39:09.183] [pool-18-thread-1/DEBUG] [mixin/]: lithium.mixins.json:util.accessors.ItemEntityAccessor from mod lithium: Class version 69 required is higher than the class version supported by the current version of Mixin (JAVA_21 supports class version 65)
[15mai.2026 20:39:09.183] [pool-18-thread-1/DEBUG] [mixin/]: Mixing util.item_component_and_count_tracking.ItemEntityMixin from lithium.mixins.json into net.minecraft.world.entity.item.ItemEntity
[15mai.2026 20:39:09.183] [pool-18-thread-1/DEBUG] [mixin/]: lithium.mixins.json:util.item_component_and_count_tracking.ItemEntityMixin from mod lithium: Class version 69 required is higher than the class version supported by the current version of Mixin (JAVA_21 supports class version 65)
[15mai.2026 20:39:09.187] [pool-18-thread-1/DEBUG] [mixin/]: lithium.mixins.json:util.item_component_and_count_tracking.ItemEntityMixin from mod lithium->@Inject::beforeSetStack(Lnet/minecraft/world/item/ItemStack;Lorg/spongepowered/asm/mixin/injection/callback/CallbackInfo;)V doesn't use it's CallbackInfo
[15mai.2026 20:39:09.187] [pool-18-thread-1/DEBUG] [mixin/]: lithium.mixins.json:util.item_component_and_count_tracking.ItemEntityMixin from mod lithium->@Inject::beforeSetStack(Lnet/minecraft/world/item/ItemStack;Lorg/spongepowered/asm/mixin/injection/callback/CallbackInfo;)V has 0 override(s) in child classes
[15mai.2026 20:39:09.187] [pool-18-thread-1/DEBUG] [mixin/]: lithium.mixins.json:util.item_component_and_count_tracking.ItemEntityMixin from mod lithium->@Inject::beforeSetStack(Lnet/minecraft/world/item/ItemStack;Lorg/spongepowered/asm/mixin/injection/callback/CallbackInfo;)V won't be passed a CallbackInfo as a result
[15mai.2026 20:39:09.192] [pool-18-thread-1/DEBUG] [mixin/]: Mixing alloc.chunk_random.ServerLevelMixin from lithium.mixins.json into net.minecraft.server.level.ServerLevel
[15mai.2026 20:39:09.192] [pool-18-thread-1/DEBUG] [mixin/]: lithium.mixins.json:alloc.chunk_random.ServerLevelMixin from mod lithium: Class version 69 required is higher than the class version supported by the current version of Mixin (JAVA_21 supports class version 65)
[15mai.2026 20:39:09.193] [pool-18-thread-1/DEBUG] [mixin/]: Mixing entity.inactive_navigations.ServerLevelMixin from lithium.mixins.json into net.minecraft.server.level.ServerLevel
[15mai.2026 20:39:09.193] [pool-18-thread-1/DEBUG] [mixin/]: lithium.mixins.json:entity.inactive_navigations.ServerLevelMixin from mod lithium: Class version 69 required is higher than the class version supported by the current version of Mixin (JAVA_21 supports class version 65)
[15mai.2026 20:39:09.194] [pool-18-thread-1/DEBUG] [mixin/]: Mixing minimal_nonvanilla.spawning.ServerLevelAccessor from lithium.mixins.json into net.minecraft.server.level.ServerLevel
[15mai.2026 20:39:09.194] [pool-18-thread-1/DEBUG] [mixin/]: lithium.mixins.json:minimal_nonvanilla.spawning.ServerLevelAccessor from mod lithium: Class version 69 required is higher than the class version supported by the current version of Mixin (JAVA_21 supports class version 65)
[15mai.2026 20:39:09.194] [pool-18-thread-1/DEBUG] [mixin/]: Mixing util.accessors.ServerLevelAccessor from lithium.mixins.json into net.minecraft.server.level.ServerLevel
[15mai.2026 20:39:09.194] [pool-18-thread-1/DEBUG] [mixin/]: lithium.mixins.json:util.accessors.ServerLevelAccessor from mod lithium: Class version 69 required is higher than the class version supported by the current version of Mixin (JAVA_21 supports class version 65)
[15mai.2026 20:39:09.194] [pool-18-thread-1/DEBUG] [mixin/]: Mixing util.entity_movement_tracking.ServerLevelAccessor from lithium.mixins.json into net.minecraft.server.level.ServerLevel
[15mai.2026 20:39:09.194] [pool-18-thread-1/DEBUG] [mixin/]: lithium.mixins.json:util.entity_movement_tracking.ServerLevelAccessor from mod lithium: Class version 69 required is higher than the class version supported by the current version of Mixin (JAVA_21 supports class version 65)
[15mai.2026 20:39:09.194] [pool-18-thread-1/DEBUG] [mixin/]: Mixing world.block_entity_ticking.sleeping.ServerLevelMixin from lithium.mixins.json into net.minecraft.server.level.ServerLevel
[15mai.2026 20:39:09.194] [pool-18-thread-1/DEBUG] [mixin/]: lithium.mixins.json:world.block_entity_ticking.sleeping.ServerLevelMixin from mod lithium: Class version 69 required is higher than the class version supported by the current version of Mixin (JAVA_21 supports class version 65)
[15mai.2026 20:39:09.194] [pool-18-thread-1/DEBUG] [mixin/]: Mixing world.chunk_ticking.precipitation.ServerLevelMixin from lithium.mixins.json into net.minecraft.server.level.ServerLevel
[15mai.2026 20:39:09.194] [pool-18-thread-1/DEBUG] [mixin/]: lithium.mixins.json:world.chunk_ticking.precipitation.ServerLevelMixin from mod lithium: Class version 69 required is higher than the class version supported by the current version of Mixin (JAVA_21 supports class version 65)
[15mai.2026 20:39:09.195] [pool-18-thread-1/DEBUG] [mixin/]: Mixing world.chunk_ticking.random_block_ticking.ServerLevelMixin from lithium.mixins.json into net.minecraft.server.level.ServerLevel
[15mai.2026 20:39:09.195] [pool-18-thread-1/DEBUG] [mixin/]: lithium.mixins.json:world.chunk_ticking.random_block_ticking.ServerLevelMixin from mod lithium: Class version 69 required is higher than the class version supported by the current version of Mixin (JAVA_21 supports class version 65)
[15mai.2026 20:39:09.195] [pool-18-thread-1/DEBUG] [mixin/]: Mixing perf.cache_strongholds.ServerLevelMixin from modernfix-modernfix.mixins.json into net.minecraft.server.level.ServerLevel
[15mai.2026 20:39:09.196] [pool-18-thread-1/DEBUG] [mixin/]: modernfix-modernfix.mixins.json:perf.cache_strongholds.ServerLevelMixin from mod modernfix: Class version 69 required is higher than the class version supported by the current version of Mixin (JAVA_21 supports class version 65)
[15mai.2026 20:39:09.221] [pool-18-thread-1/DEBUG] [mixin/]: lithium.mixins.json:entity.inactive_navigations.ServerLevelMixin from mod lithium->@Inject::init(Lorg/spongepowered/asm/mixin/injection/callback/CallbackInfo;)V doesn't use it's CallbackInfo
[15mai.2026 20:39:09.221] [pool-18-thread-1/DEBUG] [mixin/]: lithium.mixins.json:entity.inactive_navigations.ServerLevelMixin from mod lithium->@Inject::init(Lorg/spongepowered/asm/mixin/injection/callback/CallbackInfo;)V has 0 override(s) in child classes
[15mai.2026 20:39:09.221] [pool-18-thread-1/DEBUG] [mixin/]: lithium.mixins.json:entity.inactive_navigations.ServerLevelMixin from mod lithium->@Inject::init(Lorg/spongepowered/asm/mixin/injection/callback/CallbackInfo;)V won't be passed a CallbackInfo as a result
[15mai.2026 20:39:09.221] [pool-18-thread-1/DEBUG] [mixin/]: lithium.mixins.json:entity.inactive_navigations.ServerLevelMixin from mod lithium->@Inject::updateActiveListeners(Lnet/minecraft/core/BlockPos;Lnet/minecraft/world/level/block/state/BlockState;Lnet/minecraft/world/level/block/state/BlockState;ILorg/spongepowered/asm/mixin/injection/callback/CallbackInfo;Lnet/minecraft/world/phys/shapes/VoxelShape;Lnet/minecraft/world/phys/shapes/VoxelShape;Ljava/util/List;)V doesn't use it's CallbackInfo
[15mai.2026 20:39:09.221] [pool-18-thread-1/DEBUG] [mixin/]: lithium.mixins.json:entity.inactive_navigations.ServerLevelMixin from mod lithium->@Inject::updateActiveListeners(Lnet/minecraft/core/BlockPos;Lnet/minecraft/world/level/block/state/BlockState;Lnet/minecraft/world/level/block/state/BlockState;ILorg/spongepowered/asm/mixin/injection/callback/CallbackInfo;Lnet/minecraft/world/phys/shapes/VoxelShape;Lnet/minecraft/world/phys/shapes/VoxelShape;Ljava/util/List;)V has 0 override(s) in child classes
[15mai.2026 20:39:09.221] [pool-18-thread-1/DEBUG] [mixin/]: lithium.mixins.json:entity.inactive_navigations.ServerLevelMixin from mod lithium->@Inject::updateActiveListeners(Lnet/minecraft/core/BlockPos;Lnet/minecraft/world/level/block/state/BlockState;Lnet/minecraft/world/level/block/state/BlockState;ILorg/spongepowered/asm/mixin/injection/callback/CallbackInfo;Lnet/minecraft/world/phys/shapes/VoxelShape;Lnet/minecraft/world/phys/shapes/VoxelShape;Ljava/util/List;)V won't be passed a CallbackInfo as a result
[15mai.2026 20:39:09.221] [pool-18-thread-1/DEBUG] [mixin/]: lithium.mixins.json:world.chunk_ticking.precipitation.ServerLevelMixin from mod lithium->@Inject::skipIfAllBiomesDoNotCreateIceOrSnowAtPos(Lnet/minecraft/core/BlockPos;Lorg/spongepowered/asm/mixin/injection/callback/CallbackInfo;)V does use it's CallbackInfo
[15mai.2026 20:39:09.222] [pool-18-thread-1/DEBUG] [mixin/]: Unexpected: Registered method getEntityManager()Lnet/minecraft/world/level/entity/PersistentEntitySectionManager; in net.minecraft.server.level.ServerLevel was not merged
[15mai.2026 20:39:09.222] [pool-18-thread-1/DEBUG] [mixin/]: Unexpected: Registered method getEntityManager()Lnet/minecraft/world/level/entity/PersistentEntitySectionManager; in net.minecraft.server.level.ServerLevel was not merged
[15mai.2026 20:39:09.235] [pool-18-thread-1/DEBUG] [mixin/]: Mixing math.fast_blockpos.DirectionMixin from lithium.mixins.json into net.minecraft.core.Direction
[15mai.2026 20:39:09.235] [pool-18-thread-1/DEBUG] [mixin/]: lithium.mixins.json:math.fast_blockpos.DirectionMixin from mod lithium: Class version 69 required is higher than the class version supported by the current version of Mixin (JAVA_21 supports class version 65)
[15mai.2026 20:39:09.235] [pool-18-thread-1/DEBUG] [mixin/]: Mixing math.fast_util.DirectionMixin from lithium.mixins.json into net.minecraft.core.Direction
[15mai.2026 20:39:09.235] [pool-18-thread-1/DEBUG] [mixin/]: lithium.mixins.json:math.fast_util.DirectionMixin from mod lithium: Class version 69 required is higher than the class version supported by the current version of Mixin (JAVA_21 supports class version 65)
[15mai.2026 20:39:09.236] [pool-18-thread-1/DEBUG] [mixin/]: lithium.mixins.json:math.fast_blockpos.DirectionMixin from mod lithium->@Inject::reinit(Ljava/lang/String;IIIILjava/lang/String;Lnet/minecraft/core/Direction$AxisDirection;Lnet/minecraft/core/Direction$Axis;Lnet/minecraft/core/Vec3i;Lorg/spongepowered/asm/mixin/injection/callback/CallbackInfo;)V doesn't use it's CallbackInfo
[15mai.2026 20:39:09.309] [pool-18-thread-1/DEBUG] [mixin/]: Mixing GameDataMixin from palladium.mixins.json into net.neoforged.neoforge.registries.GameData
[15mai.2026 20:39:09.309] [pool-18-thread-1/DEBUG] [mixin/]: Mixing core.GameDataMixin from modernfix-modernfix.mixins.json into net.neoforged.neoforge.registries.GameData
[15mai.2026 20:39:09.309] [pool-18-thread-1/DEBUG] [mixin/]: modernfix-modernfix.mixins.json:core.GameDataMixin from mod modernfix: Class version 69 required is higher than the class version supported by the current version of Mixin (JAVA_21 supports class version 65)
[15mai.2026 20:39:09.309] [pool-18-thread-1/DEBUG] [mixin/]: Mixing feature.registry_event_progress.GameDataMixin from modernfix-modernfix.mixins.json into net.neoforged.neoforge.registries.GameData
[15mai.2026 20:39:09.309] [pool-18-thread-1/DEBUG] [mixin/]: modernfix-modernfix.mixins.json:feature.registry_event_progress.GameDataMixin from mod modernfix: Class version 69 required is higher than the class version supported by the current version of Mixin (JAVA_21 supports class version 65)
[15mai.2026 20:39:09.309] [pool-18-thread-1/DEBUG] [mixin/]: Renaming synthetic method lambda$postWithProgressBar$0(Lnet/neoforged/fml/loading/progress/ProgressMeter;Lnet/neoforged/bus/api/EventPriority;Lnet/neoforged/bus/api/Event;Lnet/neoforged/fml/ModContainer;)V to md94a32b$modernfix$lambda$postWithProgressBar$0$0 in modernfix-modernfix.mixins.json:feature.registry_event_progress.GameDataMixin from mod modernfix
[15mai.2026 20:39:09.310] [pool-18-thread-1/DEBUG] [mixin/]: palladium.mixins.json:GameDataMixin from mod palladium->@Inject::getRegistrationOrder(Lorg/spongepowered/asm/mixin/injection/callback/CallbackInfoReturnable;)V doesn't use it's CallbackInfoReturnable
[15mai.2026 20:39:09.310] [pool-18-thread-1/DEBUG] [mixin/]: modernfix-modernfix.mixins.json:core.GameDataMixin from mod modernfix->@Inject::markPosted(Lorg/spongepowered/asm/mixin/injection/callback/CallbackInfo;)V doesn't use it's CallbackInfo
[15mai.2026 20:39:09.311] [pool-18-thread-1/DEBUG] [mixin/]: Mixing RegisterEventAccessor from yumi_mc_core.neoforge.mixins.json into net.neoforged.neoforge.registries.RegisterEvent
[15mai.2026 20:39:09.312] [pool-18-thread-1/DEBUG] [mixin/]: Renaming @Invoker method yumi$init(Lnet/minecraft/resources/ResourceKey;Lnet/minecraft/core/Registry;)Lnet/neoforged/neoforge/registries/RegisterEvent; to yumi$init$yumi_mc_core_$md$94a32b$0 in yumi_mc_core.neoforge.mixins.json:RegisterEventAccessor from mod yumi_mc_core
[15mai.2026 20:39:09.315] [pool-18-thread-1/DEBUG] [mixin/]: Mixing feature.registry_event_progress.BlockCallbacksMixin from modernfix-modernfix.mixins.json into net.neoforged.neoforge.registries.NeoForgeRegistryCallbacks$BlockCallbacks
[15mai.2026 20:39:09.315] [pool-18-thread-1/DEBUG] [mixin/]: modernfix-modernfix.mixins.json:feature.registry_event_progress.BlockCallbacksMixin from mod modernfix: Class version 69 required is higher than the class version supported by the current version of Mixin (JAVA_21 supports class version 65)
[15mai.2026 20:39:09.319] [pool-18-thread-1/DEBUG] [mixin/]: modernfix-modernfix.mixins.json:feature.registry_event_progress.BlockCallbacksMixin from mod modernfix->@Inject::useOrderedSet(Lorg/spongepowered/asm/mixin/injection/callback/CallbackInfo;)V doesn't use it's CallbackInfo
[15mai.2026 20:39:09.319] [pool-18-thread-1/DEBUG] [mixin/]: modernfix-modernfix.mixins.json:feature.registry_event_progress.BlockCallbacksMixin from mod modernfix->@Inject::useOrderedSet(Lorg/spongepowered/asm/mixin/injection/callback/CallbackInfo;)V has 0 override(s) in child classes
[15mai.2026 20:39:09.319] [pool-18-thread-1/DEBUG] [mixin/]: modernfix-modernfix.mixins.json:feature.registry_event_progress.BlockCallbacksMixin from mod modernfix->@Inject::useOrderedSet(Lorg/spongepowered/asm/mixin/injection/callback/CallbackInfo;)V won't be passed a CallbackInfo as a result
[15mai.2026 20:39:09.319] [pool-18-thread-1/DEBUG] [mixin/]: modernfix-modernfix.mixins.json:feature.registry_event_progress.BlockCallbacksMixin from mod modernfix->@Inject::startBakeProgress(Lorg/spongepowered/asm/mixin/injection/callback/CallbackInfo;)V doesn't use it's CallbackInfo
[15mai.2026 20:39:09.319] [pool-18-thread-1/DEBUG] [mixin/]: modernfix-modernfix.mixins.json:feature.registry_event_progress.BlockCallbacksMixin from mod modernfix->@Inject::startBakeProgress(Lorg/spongepowered/asm/mixin/injection/callback/CallbackInfo;)V has 0 override(s) in child classes
[15mai.2026 20:39:09.319] [pool-18-thread-1/DEBUG] [mixin/]: modernfix-modernfix.mixins.json:feature.registry_event_progress.BlockCallbacksMixin from mod modernfix->@Inject::startBakeProgress(Lorg/spongepowered/asm/mixin/injection/callback/CallbackInfo;)V won't be passed a CallbackInfo as a result
[15mai.2026 20:39:09.319] [pool-18-thread-1/DEBUG] [mixin/]: modernfix-modernfix.mixins.json:feature.registry_event_progress.BlockCallbacksMixin from mod modernfix->@Inject::showBakeProgressPerBlock(Lorg/spongepowered/asm/mixin/injection/callback/CallbackInfo;)V doesn't use it's CallbackInfo
[15mai.2026 20:39:09.319] [pool-18-thread-1/DEBUG] [mixin/]: modernfix-modernfix.mixins.json:feature.registry_event_progress.BlockCallbacksMixin from mod modernfix->@Inject::showBakeProgressPerBlock(Lorg/spongepowered/asm/mixin/injection/callback/CallbackInfo;)V has 0 override(s) in child classes
[15mai.2026 20:39:09.319] [pool-18-thread-1/DEBUG] [mixin/]: modernfix-modernfix.mixins.json:feature.registry_event_progress.BlockCallbacksMixin from mod modernfix->@Inject::showBakeProgressPerBlock(Lorg/spongepowered/asm/mixin/injection/callback/CallbackInfo;)V won't be passed a CallbackInfo as a result
[15mai.2026 20:39:09.319] [pool-18-thread-1/DEBUG] [mixin/]: modernfix-modernfix.mixins.json:feature.registry_event_progress.BlockCallbacksMixin from mod modernfix->@Inject::stopBakeProgress(Lorg/spongepowered/asm/mixin/injection/callback/CallbackInfo;)V doesn't use it's CallbackInfo
[15mai.2026 20:39:09.319] [pool-18-thread-1/DEBUG] [mixin/]: modernfix-modernfix.mixins.json:feature.registry_event_progress.BlockCallbacksMixin from mod modernfix->@Inject::stopBakeProgress(Lorg/spongepowered/asm/mixin/injection/callback/CallbackInfo;)V has 0 override(s) in child classes
[15mai.2026 20:39:09.319] [pool-18-thread-1/DEBUG] [mixin/]: modernfix-modernfix.mixins.json:feature.registry_event_progress.BlockCallbacksMixin from mod modernfix->@Inject::stopBakeProgress(Lorg/spongepowered/asm/mixin/injection/callback/CallbackInfo;)V won't be passed a CallbackInfo as a result
[15mai.2026 20:39:09.341] [pool-18-thread-1/DEBUG] [mixin/]: Mixing VoxelShapeAccess from ferritecore.accessors.mixin.json into net.minecraft.world.phys.shapes.VoxelShape
[15mai.2026 20:39:09.341] [pool-18-thread-1/DEBUG] [mixin/]: ferritecore.accessors.mixin.json:VoxelShapeAccess from mod ferritecore: Class version 69 required is higher than the class version supported by the current version of Mixin (JAVA_17 supports class version 61)
[15mai.2026 20:39:09.341] [pool-18-thread-1/DEBUG] [mixin/]: Mixing block.moving_block_shapes.VoxelShapeMixin from lithium.mixins.json into net.minecraft.world.phys.shapes.VoxelShape
[15mai.2026 20:39:09.341] [pool-18-thread-1/DEBUG] [mixin/]: lithium.mixins.json:block.moving_block_shapes.VoxelShapeMixin from mod lithium: Class version 69 required is higher than the class version supported by the current version of Mixin (JAVA_21 supports class version 65)
[15mai.2026 20:39:09.342] [pool-18-thread-1/DEBUG] [mixin/]: Mixing shapes.specialized_shapes.VoxelShapeMixin from lithium.mixins.json into net.minecraft.world.phys.shapes.VoxelShape
[15mai.2026 20:39:09.342] [pool-18-thread-1/DEBUG] [mixin/]: lithium.mixins.json:shapes.specialized_shapes.VoxelShapeMixin from mod lithium: Class version 69 required is higher than the class version supported by the current version of Mixin (JAVA_21 supports class version 65)
[15mai.2026 20:39:09.348] [pool-18-thread-1/DEBUG] [mixin/]: Mixing shapes.optimized_matching.ShapesMixin from lithium.mixins.json into net.minecraft.world.phys.shapes.Shapes
[15mai.2026 20:39:09.348] [pool-18-thread-1/DEBUG] [mixin/]: lithium.mixins.json:shapes.optimized_matching.ShapesMixin from mod lithium: Class version 69 required is higher than the class version supported by the current version of Mixin (JAVA_21 supports class version 65)
[15mai.2026 20:39:09.348] [pool-18-thread-1/DEBUG] [mixin/]: Mixing shapes.shape_merging.ShapesMixin from lithium.mixins.json into net.minecraft.world.phys.shapes.Shapes
[15mai.2026 20:39:09.348] [pool-18-thread-1/DEBUG] [mixin/]: lithium.mixins.json:shapes.shape_merging.ShapesMixin from mod lithium: Class version 69 required is higher than the class version supported by the current version of Mixin (JAVA_21 supports class version 65)
[15mai.2026 20:39:09.348] [pool-18-thread-1/DEBUG] [mixin/]: Mixing shapes.specialized_shapes.ShapesMixin from lithium.mixins.json into net.minecraft.world.phys.shapes.Shapes
[15mai.2026 20:39:09.348] [pool-18-thread-1/DEBUG] [mixin/]: lithium.mixins.json:shapes.specialized_shapes.ShapesMixin from mod lithium: Class version 69 required is higher than the class version supported by the current version of Mixin (JAVA_21 supports class version 65)
[15mai.2026 20:39:09.350] [pool-18-thread-1/DEBUG] [mixin/]: lithium.mixins.json:shapes.optimized_matching.ShapesMixin from mod lithium->@Inject::cuboidMatchesAnywhere(Lnet/minecraft/world/phys/shapes/VoxelShape;Lnet/minecraft/world/phys/shapes/VoxelShape;Lnet/minecraft/world/phys/shapes/BooleanOp;Lorg/spongepowered/asm/mixin/injection/callback/CallbackInfoReturnable;)V does use it's CallbackInfoReturnable
[15mai.2026 20:39:09.350] [pool-18-thread-1/DEBUG] [mixin/]: lithium.mixins.json:shapes.shape_merging.ShapesMixin from mod lithium->@Inject::injectCustomListPair(ILit/unimi/dsi/fastutil/doubles/DoubleList;Lit/unimi/dsi/fastutil/doubles/DoubleList;ZZLorg/spongepowered/asm/mixin/injection/callback/CallbackInfoReturnable;)V does use it's CallbackInfoReturnable
[15mai.2026 20:39:09.354] [pool-18-thread-1/DEBUG] [mixin/]: Mixing DiscreteVSAccess from ferritecore.accessors.mixin.json into net.minecraft.world.phys.shapes.DiscreteVoxelShape
[15mai.2026 20:39:09.354] [pool-18-thread-1/DEBUG] [mixin/]: ferritecore.accessors.mixin.json:DiscreteVSAccess from mod ferritecore: Class version 69 required is higher than the class version supported by the current version of Mixin (JAVA_17 supports class version 61)
[15mai.2026 20:39:09.356] [pool-18-thread-1/DEBUG] [mixin/]: Mixing BitSetDVSAccess from ferritecore.accessors.mixin.json into net.minecraft.world.phys.shapes.BitSetDiscreteVoxelShape
[15mai.2026 20:39:09.356] [pool-18-thread-1/DEBUG] [mixin/]: ferritecore.accessors.mixin.json:BitSetDVSAccess from mod ferritecore: Class version 69 required is higher than the class version supported by the current version of Mixin (JAVA_17 supports class version 61)
[15mai.2026 20:39:09.356] [pool-18-thread-1/DEBUG] [mixin/]: Mixing minimal_nonvanilla.collisions.empty_space.BitSetDiscreteVoxelShapeAccessor from lithium.mixins.json into net.minecraft.world.phys.shapes.BitSetDiscreteVoxelShape
[15mai.2026 20:39:09.356] [pool-18-thread-1/DEBUG] [mixin/]: lithium.mixins.json:minimal_nonvanilla.collisions.empty_space.BitSetDiscreteVoxelShapeAccessor from mod lithium: Class version 69 required is higher than the class version supported by the current version of Mixin (JAVA_21 supports class version 65)
[15mai.2026 20:39:09.357] [pool-18-thread-1/DEBUG] [mixin/]: Unexpected: Registered method getStorage()Ljava/util/BitSet; in net.minecraft.world.phys.shapes.BitSetDiscreteVoxelShape was not merged
[15mai.2026 20:39:09.359] [pool-18-thread-1/DEBUG] [mixin/]: Mixing ArrayVSAccess from ferritecore.accessors.mixin.json into net.minecraft.world.phys.shapes.ArrayVoxelShape
[15mai.2026 20:39:09.359] [pool-18-thread-1/DEBUG] [mixin/]: ferritecore.accessors.mixin.json:ArrayVSAccess from mod ferritecore: Class version 69 required is higher than the class version supported by the current version of Mixin (JAVA_17 supports class version 61)
[15mai.2026 20:39:09.359] [pool-18-thread-1/DEBUG] [mixin/]: Mixing minimal_nonvanilla.collisions.empty_space.ArrayVoxelShapeInvoker from lithium.mixins.json into net.minecraft.world.phys.shapes.ArrayVoxelShape
[15mai.2026 20:39:09.359] [pool-18-thread-1/DEBUG] [mixin/]: lithium.mixins.json:minimal_nonvanilla.collisions.empty_space.ArrayVoxelShapeInvoker from mod lithium: Class version 69 required is higher than the class version supported by the current version of Mixin (JAVA_21 supports class version 65)
[15mai.2026 20:39:09.359] [pool-18-thread-1/DEBUG] [mixin/]: Renaming @Invoker method init(Lnet/minecraft/world/phys/shapes/DiscreteVoxelShape;Lit/unimi/dsi/fastutil/doubles/DoubleList;Lit/unimi/dsi/fastutil/doubles/DoubleList;Lit/unimi/dsi/fastutil/doubles/DoubleList;)Lnet/minecraft/world/phys/shapes/ArrayVoxelShape; to init$lithium_$md$94a32b$0 in lithium.mixins.json:minimal_nonvanilla.collisions.empty_space.ArrayVoxelShapeInvoker from mod lithium
[15mai.2026 20:39:09.362] [pool-18-thread-1/DEBUG] [mixin/]: Mixing shapes.precompute_shape_arrays.CubeVoxelShapeMixin from lithium.mixins.json into net.minecraft.world.phys.shapes.CubeVoxelShape
[15mai.2026 20:39:09.363] [pool-18-thread-1/DEBUG] [mixin/]: lithium.mixins.json:shapes.precompute_shape_arrays.CubeVoxelShapeMixin from mod lithium: Class version 69 required is higher than the class version supported by the current version of Mixin (JAVA_21 supports class version 65)
[15mai.2026 20:39:09.363] [pool-18-thread-1/DEBUG] [mixin/]: lithium.mixins.json:shapes.precompute_shape_arrays.CubeVoxelShapeMixin from mod lithium->@Inject::onConstructed(Lnet/minecraft/world/phys/shapes/DiscreteVoxelShape;Lorg/spongepowered/asm/mixin/injection/callback/CallbackInfo;)V doesn't use it's CallbackInfo
[15mai.2026 20:39:09.364] [pool-18-thread-1/DEBUG] [mixin/]: Mixing SliceShapeAccess from ferritecore.accessors.mixin.json into net.minecraft.world.phys.shapes.SliceShape
[15mai.2026 20:39:09.364] [pool-18-thread-1/DEBUG] [mixin/]: ferritecore.accessors.mixin.json:SliceShapeAccess from mod ferritecore: Class version 69 required is higher than the class version supported by the current version of Mixin (JAVA_17 supports class version 61)
[15mai.2026 20:39:09.368] [pool-18-thread-1/DEBUG] [mixin/]: Mixing shapes.precompute_shape_arrays.CubePointRangeMixin from lithium.mixins.json into net.minecraft.world.phys.shapes.CubePointRange
[15mai.2026 20:39:09.371] [pool-18-thread-1/DEBUG] [mixin/]: lithium.mixins.json:shapes.precompute_shape_arrays.CubePointRangeMixin from mod lithium: Class version 69 required is higher than the class version supported by the current version of Mixin (JAVA_21 supports class version 65)
[15mai.2026 20:39:09.372] [pool-18-thread-1/DEBUG] [mixin/]: lithium.mixins.json:shapes.precompute_shape_arrays.CubePointRangeMixin from mod lithium->@Inject::initScale(ILorg/spongepowered/asm/mixin/injection/callback/CallbackInfo;)V doesn't use it's CallbackInfo
[15mai.2026 20:39:09.372] [pool-18-thread-1/DEBUG] [mixin/]: lithium.mixins.json:shapes.precompute_shape_arrays.CubePointRangeMixin from mod lithium->@Inject::initScale(ILorg/spongepowered/asm/mixin/injection/callback/CallbackInfo;)V has 0 override(s) in child classes
[15mai.2026 20:39:09.372] [pool-18-thread-1/DEBUG] [mixin/]: lithium.mixins.json:shapes.precompute_shape_arrays.CubePointRangeMixin from mod lithium->@Inject::initScale(ILorg/spongepowered/asm/mixin/injection/callback/CallbackInfo;)V won't be passed a CallbackInfo as a result
[15mai.2026 20:39:09.501] [pool-18-thread-1/DEBUG] [mixin/]: Mixing perf.deduplicate_wall_shapes.WallBlockMixin from modernfix-modernfix.mixins.json into net.minecraft.world.level.block.WallBlock
[15mai.2026 20:39:09.501] [pool-18-thread-1/DEBUG] [mixin/]: modernfix-modernfix.mixins.json:perf.deduplicate_wall_shapes.WallBlockMixin from mod modernfix: Class version 69 required is higher than the class version supported by the current version of Mixin (JAVA_21 supports class version 65)
[15mai.2026 20:39:09.501] [pool-18-thread-1/DEBUG] [mixin/]: Renaming synthetic method lambda$memoizeOr$0(Lcom/llamalad7/mixinextras/injector/wrapoperation/Operation;Lnet/minecraft/world/phys/shapes/VoxelShape;Lnet/minecraft/world/phys/shapes/VoxelShape;Lcom/mojang/datafixers/util/Pair;)Lnet/minecraft/world/phys/shapes/VoxelShape; to md94a32b$modernfix$lambda$memoizeOr$0$0 in modernfix-modernfix.mixins.json:perf.deduplicate_wall_shapes.WallBlockMixin from mod modernfix
[15mai.2026 20:39:09.501] [pool-18-thread-1/DEBUG] [mixin/]: Renaming synthetic method lambda$memoizeRotateHorizontal$0(Lcom/llamalad7/mixinextras/injector/wrapoperation/Operation;Lnet/minecraft/world/phys/shapes/VoxelShape;Lnet/minecraft/world/phys/shapes/VoxelShape;)Ljava/util/Map; to md94a32b$modernfix$lambda$memoizeRotateHorizontal$0$1 in modernfix-modernfix.mixins.json:perf.deduplicate_wall_shapes.WallBlockMixin from mod modernfix
[15mai.2026 20:39:09.502] [pool-18-thread-1/DEBUG] [mixin/]: Renaming synthetic method lambda$memoizeBoxZ$0(Lcom/llamalad7/mixinextras/injector/wrapoperation/Operation;DDDDDLjava/util/List;)Lnet/minecraft/world/phys/shapes/VoxelShape; to md94a32b$modernfix$lambda$memoizeBoxZ$0$2 in modernfix-modernfix.mixins.json:perf.deduplicate_wall_shapes.WallBlockMixin from mod modernfix
[15mai.2026 20:39:09.502] [pool-18-thread-1/DEBUG] [mixin/]: Renaming synthetic method lambda$memoizeColumn$0(Lcom/llamalad7/mixinextras/injector/wrapoperation/Operation;DDDLorg/joml/Vector3d;)Lnet/minecraft/world/phys/shapes/VoxelShape; to md94a32b$modernfix$lambda$memoizeColumn$0$3 in modernfix-modernfix.mixins.json:perf.deduplicate_wall_shapes.WallBlockMixin from mod modernfix
[15mai.2026 20:39:09.518] [pool-18-thread-1/DEBUG] [mixin/]: Mixing alloc.enum_values.piston_block.PistonBaseBlockMixin from lithium.mixins.json into net.minecraft.world.level.block.piston.PistonBaseBlock
[15mai.2026 20:39:09.519] [pool-18-thread-1/DEBUG] [mixin/]: lithium.mixins.json:alloc.enum_values.piston_block.PistonBaseBlockMixin from mod lithium: Class version 69 required is higher than the class version supported by the current version of Mixin (JAVA_21 supports class version 65)
[15mai.2026 20:39:09.529] [pool-18-thread-1/DEBUG] [mixin/]: Mixing EntityTypeMixin from lambdynlights.mixins.json into net.minecraft.world.entity.EntityType
[15mai.2026 20:39:09.530] [pool-18-thread-1/DEBUG] [mixin/]: Mixing renderer.entity.MixinEntityType from badoptimizations.mixins.json into net.minecraft.world.entity.EntityType
[15mai.2026 20:39:09.530] [pool-18-thread-1/DEBUG] [mixin/]: badoptimizations.mixins.json:renderer.entity.MixinEntityType from mod badoptimizations: Class version 69 required is higher than the class version supported by the current version of Mixin (JAVA_17 supports class version 61)
[15mai.2026 20:39:09.546] [pool-18-thread-1/DEBUG] [mixin/]: Mixing StateDefinitionMixin from ferritecore.fastmap.mixin.json into net.minecraft.world.level.block.state.StateDefinition
[15mai.2026 20:39:09.546] [pool-18-thread-1/DEBUG] [mixin/]: ferritecore.fastmap.mixin.json:StateDefinitionMixin from mod ferritecore: Class version 69 required is higher than the class version supported by the current version of Mixin (JAVA_17 supports class version 61)
[15mai.2026 20:39:09.573] [pool-18-thread-1/DEBUG] [mixin/]: Mixing block.fluid.flow.FlowingFluidMixin from lithium.mixins.json into net.minecraft.world.level.material.FlowingFluid
[15mai.2026 20:39:09.574] [pool-18-thread-1/DEBUG] [mixin/]: lithium.mixins.json:block.fluid.flow.FlowingFluidMixin from mod lithium: Class version 69 required is higher than the class version supported by the current version of Mixin (JAVA_21 supports class version 65)
[15mai.2026 20:39:09.577] [pool-18-thread-1/DEBUG] [mixin/]: lithium.mixins.json:block.fluid.flow.FlowingFluidMixin from mod lithium->@Inject::getSpread(Lnet/minecraft/server/level/ServerLevel;Lnet/minecraft/core/BlockPos;Lnet/minecraft/world/level/block/state/BlockState;Lorg/spongepowered/asm/mixin/injection/callback/CallbackInfoReturnable;)V does use it's CallbackInfoReturnable
[15mai.2026 20:39:09.581] [pool-18-thread-1/DEBUG] [mixin/]: Mixing block.flatten_states.FluidStateMixin from lithium.mixins.json into net.minecraft.world.level.material.FluidState
[15mai.2026 20:39:09.582] [pool-18-thread-1/DEBUG] [mixin/]: lithium.mixins.json:block.flatten_states.FluidStateMixin from mod lithium: Class version 69 required is higher than the class version supported by the current version of Mixin (JAVA_21 supports class version 65)
[15mai.2026 20:39:09.582] [pool-18-thread-1/DEBUG] [mixin/]: lithium.mixins.json:block.flatten_states.FluidStateMixin from mod lithium->@Inject::initFluidCache(Lorg/spongepowered/asm/mixin/injection/callback/CallbackInfo;)V doesn't use it's CallbackInfo
[15mai.2026 20:39:09.623] [pool-18-thread-1/DEBUG] [mixin/]: Mixing FallingBlockEntityMixin from lambdynlights.lightsource.mixins.json into net.minecraft.world.entity.item.FallingBlockEntity
[15mai.2026 20:39:09.665] [pool-18-thread-1/DEBUG] [mixin/]: Mixing block.hopper.InventoryAccessors$DispenserBlockEntityMixin from lithium.mixins.json into net.minecraft.world.level.block.entity.DispenserBlockEntity
[15mai.2026 20:39:09.665] [pool-18-thread-1/DEBUG] [mixin/]: lithium.mixins.json:block.hopper.InventoryAccessors$DispenserBlockEntityMixin from mod lithium: Class version 69 required is higher than the class version supported by the current version of Mixin (JAVA_21 supports class version 65)
[15mai.2026 20:39:09.666] [pool-18-thread-1/DEBUG] [mixin/]: Mixing util.inventory_change_listening.StackListReplacementTracking$DispenserBlockEntityMixin from lithium.mixins.json into net.minecraft.world.level.block.entity.DispenserBlockEntity
[15mai.2026 20:39:09.666] [pool-18-thread-1/DEBUG] [mixin/]: lithium.mixins.json:util.inventory_change_listening.StackListReplacementTracking$DispenserBlockEntityMixin from mod lithium: Class version 69 required is higher than the class version supported by the current version of Mixin (JAVA_21 supports class version 65)
[15mai.2026 20:39:09.666] [pool-18-thread-1/DEBUG] [mixin/]: lithium.mixins.json:util.inventory_change_listening.StackListReplacementTracking$DispenserBlockEntityMixin from mod lithium->@Inject::setInventoryStackListReplacement(Lnet/minecraft/core/NonNullList;Lorg/spongepowered/asm/mixin/injection/callback/CallbackInfo;)V doesn't use it's CallbackInfo
[15mai.2026 20:39:09.666] [pool-18-thread-1/DEBUG] [mixin/]: lithium.mixins.json:util.inventory_change_listening.StackListReplacementTracking$DispenserBlockEntityMixin from mod lithium->@Inject::setInventoryStackListReplacement(Lnet/minecraft/core/NonNullList;Lorg/spongepowered/asm/mixin/injection/callback/CallbackInfo;)V has 0 override(s) in child classes
[15mai.2026 20:39:09.666] [pool-18-thread-1/DEBUG] [mixin/]: lithium.mixins.json:util.inventory_change_listening.StackListReplacementTracking$DispenserBlockEntityMixin from mod lithium->@Inject::setInventoryStackListReplacement(Lnet/minecraft/core/NonNullList;Lorg/spongepowered/asm/mixin/injection/callback/CallbackInfo;)V won't be passed a CallbackInfo as a result
[15mai.2026 20:39:09.667] [pool-18-thread-1/DEBUG] [mixin/]: Mixing block.hopper.ContainerMixin from lithium.mixins.json into net.minecraft.world.Container
[15mai.2026 20:39:09.667] [pool-18-thread-1/DEBUG] [mixin/]: lithium.mixins.json:block.hopper.ContainerMixin from mod lithium: Class version 69 required is higher than the class version supported by the current version of Mixin (JAVA_21 supports class version 65)
[15mai.2026 20:39:09.670] [pool-18-thread-1/DEBUG] [mixin/]: Mixing util.inventory_change_listening.BaseContainerBlockEntityMixin from lithium.mixins.json into net.minecraft.world.level.block.entity.BaseContainerBlockEntity
[15mai.2026 20:39:09.670] [pool-18-thread-1/DEBUG] [mixin/]: lithium.mixins.json:util.inventory_change_listening.BaseContainerBlockEntityMixin from mod lithium: Class version 69 required is higher than the class version supported by the current version of Mixin (JAVA_21 supports class version 65)
[15mai.2026 20:39:09.671] [pool-18-thread-1/DEBUG] [mixin/]: Renaming synthetic method lambda$lithium$emitFirstComparatorAdded$0(Lnet/caffeinemc/mods/lithium/common/block/entity/inventory_change_tracking/InventoryChangeListener;)Z to md94a32b$lithium$lambda$lithium$emitFirstComparatorAdded$0$0 in lithium.mixins.json:util.inventory_change_listening.BaseContainerBlockEntityMixin from mod lithium
[15mai.2026 20:39:09.672] [pool-18-thread-1/DEBUG] [mixin/]: Mixing util.inventory_change_listening.StackListReplacementTracking$BaseContainerBlockEntityMixin from lithium.mixins.json into net.minecraft.world.level.block.entity.BaseContainerBlockEntity
[15mai.2026 20:39:09.672] [pool-18-thread-1/DEBUG] [mixin/]: lithium.mixins.json:util.inventory_change_listening.StackListReplacementTracking$BaseContainerBlockEntityMixin from mod lithium: Class version 69 required is higher than the class version supported by the current version of Mixin (JAVA_21 supports class version 65)
[15mai.2026 20:39:09.672] [pool-18-thread-1/DEBUG] [mixin/]: lithium.mixins.json:util.inventory_change_listening.StackListReplacementTracking$BaseContainerBlockEntityMixin from mod lithium->@Inject::readNbtStackListReplacement(Lnet/minecraft/world/level/storage/ValueInput;Lorg/spongepowered/asm/mixin/injection/callback/CallbackInfo;)V doesn't use it's CallbackInfo
[15mai.2026 20:39:09.672] [pool-18-thread-1/DEBUG] [mixin/]: lithium.mixins.json:util.inventory_change_listening.StackListReplacementTracking$BaseContainerBlockEntityMixin from mod lithium->@Inject::readNbtStackListReplacement(Lnet/minecraft/world/level/storage/ValueInput;Lorg/spongepowered/asm/mixin/injection/callback/CallbackInfo;)V has 0 override(s) in child classes
[15mai.2026 20:39:09.672] [pool-18-thread-1/DEBUG] [mixin/]: lithium.mixins.json:util.inventory_change_listening.StackListReplacementTracking$BaseContainerBlockEntityMixin from mod lithium->@Inject::readNbtStackListReplacement(Lnet/minecraft/world/level/storage/ValueInput;Lorg/spongepowered/asm/mixin/injection/callback/CallbackInfo;)V won't be passed a CallbackInfo as a result
[15mai.2026 20:39:09.739] [pool-18-thread-1/DEBUG] [mixin/]: Mixing math.fast_util.AxisCycleDirectionMixin$ForwardMixin from lithium.mixins.json into net.minecraft.core.AxisCycle$2
[15mai.2026 20:39:09.739] [pool-18-thread-1/DEBUG] [mixin/]: lithium.mixins.json:math.fast_util.AxisCycleDirectionMixin$ForwardMixin from mod lithium: Class version 69 required is higher than the class version supported by the current version of Mixin (JAVA_21 supports class version 65)
[15mai.2026 20:39:09.740] [pool-18-thread-1/DEBUG] [mixin/]: Mixing math.fast_util.AxisCycleDirectionMixin$BackwardMixin from lithium.mixins.json into net.minecraft.core.AxisCycle$3
[15mai.2026 20:39:09.740] [pool-18-thread-1/DEBUG] [mixin/]: lithium.mixins.json:math.fast_util.AxisCycleDirectionMixin$BackwardMixin from mod lithium: Class version 69 required is higher than the class version supported by the current version of Mixin (JAVA_21 supports class version 65)
[15mai.2026 20:39:09.783] [pool-18-thread-1/DEBUG] [mixin/]: Mixing block.moving_block_shapes.PistonMovingBlockEntityMixin from lithium.mixins.json into net.minecraft.world.level.block.piston.PistonMovingBlockEntity
[15mai.2026 20:39:09.784] [pool-18-thread-1/DEBUG] [mixin/]: lithium.mixins.json:block.moving_block_shapes.PistonMovingBlockEntityMixin from mod lithium: Class version 69 required is higher than the class version supported by the current version of Mixin (JAVA_21 supports class version 65)
[15mai.2026 20:39:09.787] [pool-18-thread-1/DEBUG] [mixin/]: lithium.mixins.json:block.moving_block_shapes.PistonMovingBlockEntityMixin from mod lithium->@Inject::skipVoxelShapeUnion(Lnet/minecraft/world/level/BlockGetter;Lnet/minecraft/core/BlockPos;Lorg/spongepowered/asm/mixin/injection/callback/CallbackInfoReturnable;Lnet/minecraft/world/phys/shapes/VoxelShape;Lnet/minecraft/core/Direction;Lnet/minecraft/world/level/block/state/BlockState;F)V does use it's CallbackInfoReturnable
[15mai.2026 20:39:09.797] [pool-18-thread-1/DEBUG] [mixin/]: Mixing MobEffectInstanceMixin from jade.mixins.json into net.minecraft.world.effect.MobEffectInstance
[15mai.2026 20:39:09.797] [pool-18-thread-1/DEBUG] [mixin/]: jade.mixins.json:MobEffectInstanceMixin from mod jade: Class version 69 required is higher than the class version supported by the current version of Mixin (JAVA_21 supports class version 65)
[15mai.2026 20:39:09.798] [pool-18-thread-1/DEBUG] [mixin/]: jade.mixins.json:MobEffectInstanceMixin from mod jade->@Inject::jade$onEffectAdded(Lnet/minecraft/world/entity/LivingEntity;Lorg/spongepowered/asm/mixin/injection/callback/CallbackInfo;)V doesn't use it's CallbackInfo
[15mai.2026 20:39:09.798] [pool-18-thread-1/DEBUG] [mixin/]: jade.mixins.json:MobEffectInstanceMixin from mod jade->@Inject::jade$onEffectAdded(Lnet/minecraft/world/entity/LivingEntity;Lorg/spongepowered/asm/mixin/injection/callback/CallbackInfo;)V has 0 override(s) in child classes
[15mai.2026 20:39:09.798] [pool-18-thread-1/DEBUG] [mixin/]: jade.mixins.json:MobEffectInstanceMixin from mod jade->@Inject::jade$onEffectAdded(Lnet/minecraft/world/entity/LivingEntity;Lorg/spongepowered/asm/mixin/injection/callback/CallbackInfo;)V won't be passed a CallbackInfo as a result
[15mai.2026 20:39:09.808] [pool-18-thread-1/DEBUG] [mixin/]: Mixing entity.inactive_navigations.MobMixin from lithium.mixins.json into net.minecraft.world.entity.Mob
[15mai.2026 20:39:09.808] [pool-18-thread-1/DEBUG] [mixin/]: lithium.mixins.json:entity.inactive_navigations.MobMixin from mod lithium: Class version 69 required is higher than the class version supported by the current version of Mixin (JAVA_21 supports class version 65)
[15mai.2026 20:39:09.810] [pool-18-thread-1/DEBUG] [mixin/]: lithium.mixins.json:entity.inactive_navigations.MobMixin from mod lithium->@Inject::onNavigationReplacement(Lnet/minecraft/world/entity/Entity;ZZLorg/spongepowered/asm/mixin/injection/callback/CallbackInfoReturnable;)V doesn't use it's CallbackInfoReturnable
[15mai.2026 20:39:09.810] [pool-18-thread-1/DEBUG] [mixin/]: lithium.mixins.json:entity.inactive_navigations.MobMixin from mod lithium->@Inject::onNavigationReplacement(Lnet/minecraft/world/entity/Entity;ZZLorg/spongepowered/asm/mixin/injection/callback/CallbackInfoReturnable;)V has 0 override(s) in child classes
[15mai.2026 20:39:09.810] [pool-18-thread-1/DEBUG] [mixin/]: lithium.mixins.json:entity.inactive_navigations.MobMixin from mod lithium->@Inject::onNavigationReplacement(Lnet/minecraft/world/entity/Entity;ZZLorg/spongepowered/asm/mixin/injection/callback/CallbackInfoReturnable;)V won't be passed a CallbackInfoReturnable as a result
[15mai.2026 20:39:09.823] [pool-18-thread-1/DEBUG] [mixin/]: Mixing PrimedTntEntityMixin from lambdynlights.lightsource.mixins.json into net.minecraft.world.entity.item.PrimedTnt
[15mai.2026 20:39:09.824] [pool-18-thread-1/DEBUG] [mixin/]: lambdynlights.lightsource.mixins.json:PrimedTntEntityMixin from mod lambdynlights->@Inject::onNew(Lnet/minecraft/world/entity/EntityType;Lnet/minecraft/world/level/Level;Lorg/spongepowered/asm/mixin/injection/callback/CallbackInfo;)V doesn't use it's CallbackInfo
[15mai.2026 20:39:09.824] [pool-18-thread-1/DEBUG] [mixin/]: lambdynlights.lightsource.mixins.json:PrimedTntEntityMixin from mod lambdynlights->@Inject::onNew(Lnet/minecraft/world/entity/EntityType;Lnet/minecraft/world/level/Level;Lorg/spongepowered/asm/mixin/injection/callback/CallbackInfo;)V has 0 override(s) in child classes
[15mai.2026 20:39:09.824] [pool-18-thread-1/DEBUG] [mixin/]: lambdynlights.lightsource.mixins.json:PrimedTntEntityMixin from mod lambdynlights->@Inject::onNew(Lnet/minecraft/world/entity/EntityType;Lnet/minecraft/world/level/Level;Lorg/spongepowered/asm/mixin/injection/callback/CallbackInfo;)V won't be passed a CallbackInfo as a result
[15mai.2026 20:39:09.827] [pool-18-thread-1/DEBUG] [mixin/]: Mixing block.hopper.ChiseledBookShelfBlockEntityMixin from lithium.mixins.json into net.minecraft.world.level.block.entity.ChiseledBookShelfBlockEntity
[15mai.2026 20:39:09.828] [pool-18-thread-1/DEBUG] [mixin/]: lithium.mixins.json:block.hopper.ChiseledBookShelfBlockEntityMixin from mod lithium: Class version 69 required is higher than the class version supported by the current version of Mixin (JAVA_21 supports class version 65)
[15mai.2026 20:39:09.854] [pool-18-thread-1/DEBUG] [mixin/]: Mixing util.inventory_change_listening.ChestBlockEntityMixin from lithium-neoforge.mixins.json into net.minecraft.world.level.block.entity.ChestBlockEntity
[15mai.2026 20:39:09.854] [pool-18-thread-1/DEBUG] [mixin/]: lithium-neoforge.mixins.json:util.inventory_change_listening.ChestBlockEntityMixin from mod lithium: Class version 69 required is higher than the class version supported by the current version of Mixin (JAVA_21 supports class version 65)
[15mai.2026 20:39:09.854] [pool-18-thread-1/DEBUG] [mixin/]: Mixing block.hopper.InventoryAccessors$ChestBlockEntityMixin from lithium.mixins.json into net.minecraft.world.level.block.entity.ChestBlockEntity
[15mai.2026 20:39:09.854] [pool-18-thread-1/DEBUG] [mixin/]: lithium.mixins.json:block.hopper.InventoryAccessors$ChestBlockEntityMixin from mod lithium: Class version 69 required is higher than the class version supported by the current version of Mixin (JAVA_21 supports class version 65)
[15mai.2026 20:39:09.854] [pool-18-thread-1/DEBUG] [mixin/]: Mixing util.inventory_change_listening.StackListReplacementTracking$ChestBlockEntityMixin from lithium.mixins.json into net.minecraft.world.level.block.entity.ChestBlockEntity
[15mai.2026 20:39:09.854] [pool-18-thread-1/DEBUG] [mixin/]: lithium.mixins.json:util.inventory_change_listening.StackListReplacementTracking$ChestBlockEntityMixin from mod lithium: Class version 69 required is higher than the class version supported by the current version of Mixin (JAVA_21 supports class version 65)
[15mai.2026 20:39:09.855] [pool-18-thread-1/DEBUG] [mixin/]: Mixing world.block_entity_ticking.sleeping.chest_animation.ChestBlockEntityMixin from lithium.mixins.json into net.minecraft.world.level.block.entity.ChestBlockEntity
[15mai.2026 20:39:09.855] [pool-18-thread-1/DEBUG] [mixin/]: lithium.mixins.json:world.block_entity_ticking.sleeping.chest_animation.ChestBlockEntityMixin from mod lithium: Class version 69 required is higher than the class version supported by the current version of Mixin (JAVA_21 supports class version 65)
[15mai.2026 20:39:09.857] [pool-18-thread-1/DEBUG] [mixin/]: lithium-neoforge.mixins.json:util.inventory_change_listening.ChestBlockEntityMixin from mod lithium->@Inject::emitRemovedOnSetCachedState(Lorg/spongepowered/asm/mixin/injection/callback/CallbackInfo;)V doesn't use it's CallbackInfo
[15mai.2026 20:39:09.857] [pool-18-thread-1/DEBUG] [mixin/]: lithium-neoforge.mixins.json:util.inventory_change_listening.ChestBlockEntityMixin from mod lithium->@Inject::emitRemovedOnSetCachedState(Lorg/spongepowered/asm/mixin/injection/callback/CallbackInfo;)V has 0 override(s) in child classes
[15mai.2026 20:39:09.857] [pool-18-thread-1/DEBUG] [mixin/]: lithium-neoforge.mixins.json:util.inventory_change_listening.ChestBlockEntityMixin from mod lithium->@Inject::emitRemovedOnSetCachedState(Lorg/spongepowered/asm/mixin/injection/callback/CallbackInfo;)V won't be passed a CallbackInfo as a result
[15mai.2026 20:39:09.857] [pool-18-thread-1/DEBUG] [mixin/]: lithium.mixins.json:util.inventory_change_listening.StackListReplacementTracking$ChestBlockEntityMixin from mod lithium->@Inject::setInventoryStackListReplacement(Lnet/minecraft/core/NonNullList;Lorg/spongepowered/asm/mixin/injection/callback/CallbackInfo;)V doesn't use it's CallbackInfo
[15mai.2026 20:39:09.857] [pool-18-thread-1/DEBUG] [mixin/]: lithium.mixins.json:util.inventory_change_listening.StackListReplacementTracking$ChestBlockEntityMixin from mod lithium->@Inject::setInventoryStackListReplacement(Lnet/minecraft/core/NonNullList;Lorg/spongepowered/asm/mixin/injection/callback/CallbackInfo;)V has 0 override(s) in child classes
[15mai.2026 20:39:09.857] [pool-18-thread-1/DEBUG] [mixin/]: lithium.mixins.json:util.inventory_change_listening.StackListReplacementTracking$ChestBlockEntityMixin from mod lithium->@Inject::setInventoryStackListReplacement(Lnet/minecraft/core/NonNullList;Lorg/spongepowered/asm/mixin/injection/callback/CallbackInfo;)V won't be passed a CallbackInfo as a result
[15mai.2026 20:39:09.857] [pool-18-thread-1/DEBUG] [mixin/]: lithium.mixins.json:world.block_entity_ticking.sleeping.chest_animation.ChestBlockEntityMixin from mod lithium->@Inject::wakeUpOnSyncedBlockEvent(IILorg/spongepowered/asm/mixin/injection/callback/CallbackInfoReturnable;)V doesn't use it's CallbackInfoReturnable
[15mai.2026 20:39:09.857] [pool-18-thread-1/DEBUG] [mixin/]: lithium.mixins.json:world.block_entity_ticking.sleeping.chest_animation.ChestBlockEntityMixin from mod lithium->@Inject::wakeUpOnSyncedBlockEvent(IILorg/spongepowered/asm/mixin/injection/callback/CallbackInfoReturnable;)V has 0 override(s) in child classes
[15mai.2026 20:39:09.857] [pool-18-thread-1/DEBUG] [mixin/]: lithium.mixins.json:world.block_entity_ticking.sleeping.chest_animation.ChestBlockEntityMixin from mod lithium->@Inject::wakeUpOnSyncedBlockEvent(IILorg/spongepowered/asm/mixin/injection/callback/CallbackInfoReturnable;)V won't be passed a CallbackInfoReturnable as a result
[15mai.2026 20:39:09.857] [pool-18-thread-1/DEBUG] [mixin/]: lithium.mixins.json:world.block_entity_ticking.sleeping.chest_animation.ChestBlockEntityMixin from mod lithium->@Inject::sleepOnAnimationEnd(Lnet/minecraft/world/level/Level;Lnet/minecraft/core/BlockPos;Lnet/minecraft/world/level/block/state/BlockState;Lnet/minecraft/world/level/block/entity/ChestBlockEntity;Lorg/spongepowered/asm/mixin/injection/callback/CallbackInfo;)V doesn't use it's CallbackInfo
[15mai.2026 20:39:09.861] [pool-18-thread-1/DEBUG] [mixin/]: Mixing BlockEntityTypeAccessor from neoforge.mixins.json into net.minecraft.world.level.block.entity.BlockEntityType
[15mai.2026 20:39:09.861] [pool-18-thread-1/DEBUG] [mixin/]: Mixing renderer.blockentity.MixinBlockEntityType from badoptimizations.mixins.json into net.minecraft.world.level.block.entity.BlockEntityType
[15mai.2026 20:39:09.861] [pool-18-thread-1/DEBUG] [mixin/]: badoptimizations.mixins.json:renderer.blockentity.MixinBlockEntityType from mod badoptimizations: Class version 69 required is higher than the class version supported by the current version of Mixin (JAVA_17 supports class version 61)
[15mai.2026 20:39:09.866] [pool-18-thread-1/DEBUG] [mixin/]: Mixing alloc.enum_values.redstone_wire.RedStoneWireBlockMixin from lithium.mixins.json into net.minecraft.world.level.block.RedStoneWireBlock
[15mai.2026 20:39:09.866] [pool-18-thread-1/DEBUG] [mixin/]: lithium.mixins.json:alloc.enum_values.redstone_wire.RedStoneWireBlockMixin from mod lithium: Class version 69 required is higher than the class version supported by the current version of Mixin (JAVA_21 supports class version 65)
[15mai.2026 20:39:09.866] [pool-18-thread-1/DEBUG] [mixin/]: Mixing block.redstone_wire.RedStoneWireBlockMixin from lithium.mixins.json into net.minecraft.world.level.block.RedStoneWireBlock
[15mai.2026 20:39:09.866] [pool-18-thread-1/DEBUG] [mixin/]: lithium.mixins.json:block.redstone_wire.RedStoneWireBlockMixin from mod lithium: Class version 69 required is higher than the class version supported by the current version of Mixin (JAVA_21 supports class version 65)
[15mai.2026 20:39:09.867] [pool-18-thread-1/DEBUG] [mixin/]: lithium.mixins.json:block.redstone_wire.RedStoneWireBlockMixin from mod lithium->@Inject::getBlockSignalFaster(Lnet/minecraft/world/level/Level;Lnet/minecraft/core/BlockPos;Lorg/spongepowered/asm/mixin/injection/callback/CallbackInfoReturnable;)V does use it's CallbackInfoReturnable
[15mai.2026 20:39:09.869] [pool-18-thread-1/DEBUG] [mixin/]: Mixing block.redstone_wire.RedstoneWireEvaluatorMixin from lithium.mixins.json into net.minecraft.world.level.redstone.RedstoneWireEvaluator
[15mai.2026 20:39:09.869] [pool-18-thread-1/DEBUG] [mixin/]: lithium.mixins.json:block.redstone_wire.RedstoneWireEvaluatorMixin from mod lithium: Class version 69 required is higher than the class version supported by the current version of Mixin (JAVA_21 supports class version 65)
[15mai.2026 20:39:09.870] [pool-18-thread-1/DEBUG] [mixin/]: lithium.mixins.json:block.redstone_wire.RedstoneWireEvaluatorMixin from mod lithium->@Inject::getIncomingWireSignalFaster(Lnet/minecraft/world/level/Level;Lnet/minecraft/core/BlockPos;Lorg/spongepowered/asm/mixin/injection/callback/CallbackInfoReturnable;)V does use it's CallbackInfoReturnable
[15mai.2026 20:39:09.871] [pool-18-thread-1/DEBUG] [mixin/]: Mixing block.redstone_wire.DefaultRedstoneWireEvaluatorMixin from lithium.mixins.json into net.minecraft.world.level.redstone.DefaultRedstoneWireEvaluator
[15mai.2026 20:39:09.871] [pool-18-thread-1/DEBUG] [mixin/]: lithium.mixins.json:block.redstone_wire.DefaultRedstoneWireEvaluatorMixin from mod lithium: Class version 69 required is higher than the class version supported by the current version of Mixin (JAVA_21 supports class version 65)
[15mai.2026 20:39:09.871] [pool-18-thread-1/DEBUG] [mixin/]: lithium.mixins.json:block.redstone_wire.DefaultRedstoneWireEvaluatorMixin from mod lithium->@Inject::calculateTargetStrengthFaster(Lnet/minecraft/world/level/Level;Lnet/minecraft/core/BlockPos;Lorg/spongepowered/asm/mixin/injection/callback/CallbackInfoReturnable;)V does use it's CallbackInfoReturnable
[15mai.2026 20:39:09.890] [pool-18-thread-1/DEBUG] [mixin/]: Mixing block.hopper.AbstractContainerMenuMixin from lithium.mixins.json into net.minecraft.world.inventory.AbstractContainerMenu
[15mai.2026 20:39:09.890] [pool-18-thread-1/DEBUG] [mixin/]: lithium.mixins.json:block.hopper.AbstractContainerMenuMixin from mod lithium: Class version 69 required is higher than the class version supported by the current version of Mixin (JAVA_21 supports class version 65)
[15mai.2026 20:39:09.891] [pool-18-thread-1/DEBUG] [mixin/]: lithium.mixins.json:block.hopper.AbstractContainerMenuMixin from mod lithium->@Inject::getFastOutputStrength(Lnet/minecraft/world/Container;Lorg/spongepowered/asm/mixin/injection/callback/CallbackInfoReturnable;)V does use it's CallbackInfoReturnable
[15mai.2026 20:39:09.899] [pool-18-thread-1/DEBUG] [mixin/]: Mixing block.hopper.InventoryAccessors$AbstractFurnaceBlockEntityMixin from lithium.mixins.json into net.minecraft.world.level.block.entity.AbstractFurnaceBlockEntity
[15mai.2026 20:39:09.899] [pool-18-thread-1/DEBUG] [mixin/]: lithium.mixins.json:block.hopper.InventoryAccessors$AbstractFurnaceBlockEntityMixin from mod lithium: Class version 69 required is higher than the class version supported by the current version of Mixin (JAVA_21 supports class version 65)
[15mai.2026 20:39:09.899] [pool-18-thread-1/DEBUG] [mixin/]: Mixing util.inventory_change_listening.StackListReplacementTracking$AbstractFurnaceBlockEntityMixin from lithium.mixins.json into net.minecraft.world.level.block.entity.AbstractFurnaceBlockEntity
[15mai.2026 20:39:09.899] [pool-18-thread-1/DEBUG] [mixin/]: lithium.mixins.json:util.inventory_change_listening.StackListReplacementTracking$AbstractFurnaceBlockEntityMixin from mod lithium: Class version 69 required is higher than the class version supported by the current version of Mixin (JAVA_21 supports class version 65)
[15mai.2026 20:39:09.899] [pool-18-thread-1/DEBUG] [mixin/]: Mixing world.block_entity_ticking.sleeping.furnace.AbstractFurnaceBlockEntityMixin from lithium.mixins.json into net.minecraft.world.level.block.entity.AbstractFurnaceBlockEntity
[15mai.2026 20:39:09.899] [pool-18-thread-1/DEBUG] [mixin/]: lithium.mixins.json:world.block_entity_ticking.sleeping.furnace.AbstractFurnaceBlockEntityMixin from mod lithium: Class version 69 required is higher than the class version supported by the current version of Mixin (JAVA_21 supports class version 65)
[15mai.2026 20:39:09.901] [pool-18-thread-1/DEBUG] [mixin/]: lithium.mixins.json:world.block_entity_ticking.sleeping.furnace.AbstractFurnaceBlockEntityMixin from mod lithium->@Inject::checkSleep(Lnet/minecraft/server/level/ServerLevel;Lnet/minecraft/core/BlockPos;Lnet/minecraft/world/level/block/state/BlockState;Lnet/minecraft/world/level/block/entity/AbstractFurnaceBlockEntity;Lorg/spongepowered/asm/mixin/injection/callback/CallbackInfo;)V doesn't use it's CallbackInfo
[15mai.2026 20:39:09.901] [pool-18-thread-1/DEBUG] [mixin/]: lithium.mixins.json:world.block_entity_ticking.sleeping.furnace.AbstractFurnaceBlockEntityMixin from mod lithium->@Inject::wakeUpAfterFromTag(Lorg/spongepowered/asm/mixin/injection/callback/CallbackInfo;)V doesn't use it's CallbackInfo
[15mai.2026 20:39:09.901] [pool-18-thread-1/DEBUG] [mixin/]: lithium.mixins.json:world.block_entity_ticking.sleeping.furnace.AbstractFurnaceBlockEntityMixin from mod lithium->@Inject::wakeUpAfterFromTag(Lorg/spongepowered/asm/mixin/injection/callback/CallbackInfo;)V has 0 override(s) in child classes
[15mai.2026 20:39:09.901] [pool-18-thread-1/DEBUG] [mixin/]: lithium.mixins.json:world.block_entity_ticking.sleeping.furnace.AbstractFurnaceBlockEntityMixin from mod lithium->@Inject::wakeUpAfterFromTag(Lorg/spongepowered/asm/mixin/injection/callback/CallbackInfo;)V won't be passed a CallbackInfo as a result
[15mai.2026 20:39:09.936] [pool-18-thread-1/DEBUG] [mixin/]: Mixing math.fast_util.AABBMixin from lithium.mixins.json into net.minecraft.world.phys.AABB
[15mai.2026 20:39:09.936] [pool-18-thread-1/DEBUG] [mixin/]: lithium.mixins.json:math.fast_util.AABBMixin from mod lithium: Class version 69 required is higher than the class version supported by the current version of Mixin (JAVA_21 supports class version 65)
[15mai.2026 20:39:09.973] [pool-18-thread-1/DEBUG] [mixin/]: Mixing util.inventory_comparator_tracking.DiodeBlockMixin from lithium.mixins.json into net.minecraft.world.level.block.DiodeBlock
[15mai.2026 20:39:09.974] [pool-18-thread-1/DEBUG] [mixin/]: lithium.mixins.json:util.inventory_comparator_tracking.DiodeBlockMixin from mod lithium: Class version 69 required is higher than the class version supported by the current version of Mixin (JAVA_21 supports class version 65)
[15mai.2026 20:39:09.974] [pool-18-thread-1/DEBUG] [mixin/]: lithium.mixins.json:util.inventory_comparator_tracking.DiodeBlockMixin from mod lithium->@Inject::notifyOnBlockAdded(Lnet/minecraft/world/level/block/state/BlockState;Lnet/minecraft/world/level/Level;Lnet/minecraft/core/BlockPos;Lnet/minecraft/world/level/block/state/BlockState;ZLorg/spongepowered/asm/mixin/injection/callback/CallbackInfo;)V doesn't use it's CallbackInfo
[15mai.2026 20:39:09.974] [pool-18-thread-1/DEBUG] [mixin/]: lithium.mixins.json:util.inventory_comparator_tracking.DiodeBlockMixin from mod lithium->@Inject::notifyOnBlockAdded(Lnet/minecraft/world/level/block/state/BlockState;Lnet/minecraft/world/level/Level;Lnet/minecraft/core/BlockPos;Lnet/minecraft/world/level/block/state/BlockState;ZLorg/spongepowered/asm/mixin/injection/callback/CallbackInfo;)V has 0 override(s) in child classes
[15mai.2026 20:39:09.974] [pool-18-thread-1/DEBUG] [mixin/]: lithium.mixins.json:util.inventory_comparator_tracking.DiodeBlockMixin from mod lithium->@Inject::notifyOnBlockAdded(Lnet/minecraft/world/level/block/state/BlockState;Lnet/minecraft/world/level/Level;Lnet/minecraft/core/BlockPos;Lnet/minecraft/world/level/block/state/BlockState;ZLorg/spongepowered/asm/mixin/injection/callback/CallbackInfo;)V won't be passed a CallbackInfo as a result
[15mai.2026 20:39:10.048] [pool-18-thread-1/DEBUG] [mixin/]: Mixing block.hopper.InventoryAccessors$BrewingStandBlockEntityMixin from lithium.mixins.json into net.minecraft.world.level.block.entity.BrewingStandBlockEntity
[15mai.2026 20:39:10.048] [pool-18-thread-1/DEBUG] [mixin/]: lithium.mixins.json:block.hopper.InventoryAccessors$BrewingStandBlockEntityMixin from mod lithium: Class version 69 required is higher than the class version supported by the current version of Mixin (JAVA_21 supports class version 65)
[15mai.2026 20:39:10.048] [pool-18-thread-1/DEBUG] [mixin/]: Mixing util.inventory_change_listening.StackListReplacementTracking$BrewingStandBlockEntityMixin from lithium.mixins.json into net.minecraft.world.level.block.entity.BrewingStandBlockEntity
[15mai.2026 20:39:10.048] [pool-18-thread-1/DEBUG] [mixin/]: lithium.mixins.json:util.inventory_change_listening.StackListReplacementTracking$BrewingStandBlockEntityMixin from mod lithium: Class version 69 required is higher than the class version supported by the current version of Mixin (JAVA_21 supports class version 65)
[15mai.2026 20:39:10.048] [pool-18-thread-1/DEBUG] [mixin/]: Mixing world.block_entity_ticking.sleeping.brewing_stand.BrewingStandBlockEntityMixin from lithium.mixins.json into net.minecraft.world.level.block.entity.BrewingStandBlockEntity
[15mai.2026 20:39:10.048] [pool-18-thread-1/DEBUG] [mixin/]: lithium.mixins.json:world.block_entity_ticking.sleeping.brewing_stand.BrewingStandBlockEntityMixin from mod lithium: Class version 69 required is higher than the class version supported by the current version of Mixin (JAVA_21 supports class version 65)
[15mai.2026 20:39:10.050] [pool-18-thread-1/DEBUG] [mixin/]: lithium.mixins.json:world.block_entity_ticking.sleeping.brewing_stand.BrewingStandBlockEntityMixin from mod lithium->@Inject::checkSleep(Lnet/minecraft/world/level/Level;Lnet/minecraft/core/BlockPos;Lnet/minecraft/world/level/block/state/BlockState;Lnet/minecraft/world/level/block/entity/BrewingStandBlockEntity;Lorg/spongepowered/asm/mixin/injection/callback/CallbackInfo;)V doesn't use it's CallbackInfo
[15mai.2026 20:39:10.050] [pool-18-thread-1/DEBUG] [mixin/]: lithium.mixins.json:world.block_entity_ticking.sleeping.brewing_stand.BrewingStandBlockEntityMixin from mod lithium->@Inject::wakeUpOnMarkDirty(Lnet/minecraft/world/level/Level;Lnet/minecraft/core/BlockPos;Lnet/minecraft/world/level/block/state/BlockState;Lnet/minecraft/world/level/block/entity/BrewingStandBlockEntity;Lorg/spongepowered/asm/mixin/injection/callback/CallbackInfo;)V doesn't use it's CallbackInfo
[15mai.2026 20:39:10.050] [pool-18-thread-1/DEBUG] [mixin/]: lithium.mixins.json:world.block_entity_ticking.sleeping.brewing_stand.BrewingStandBlockEntityMixin from mod lithium->@Inject::wakeUpOnMarkDirty(Lnet/minecraft/world/level/Level;Lnet/minecraft/core/BlockPos;Lnet/minecraft/world/level/block/state/BlockState;Lnet/minecraft/world/level/block/entity/BrewingStandBlockEntity;Lorg/spongepowered/asm/mixin/injection/callback/CallbackInfo;)V doesn't use it's CallbackInfo
[15mai.2026 20:39:10.050] [pool-18-thread-1/DEBUG] [mixin/]: lithium.mixins.json:world.block_entity_ticking.sleeping.brewing_stand.BrewingStandBlockEntityMixin from mod lithium->@Inject::wakeUpOnMarkDirty(Lnet/minecraft/world/level/Level;Lnet/minecraft/core/BlockPos;Lnet/minecraft/world/level/block/state/BlockState;Lnet/minecraft/world/level/block/entity/BrewingStandBlockEntity;Lorg/spongepowered/asm/mixin/injection/callback/CallbackInfo;)V doesn't use it's CallbackInfo
[15mai.2026 20:39:10.050] [pool-18-thread-1/DEBUG] [mixin/]: lithium.mixins.json:world.block_entity_ticking.sleeping.brewing_stand.BrewingStandBlockEntityMixin from mod lithium->@Inject::wakeUpAfterFromTag(Lorg/spongepowered/asm/mixin/injection/callback/CallbackInfo;)V doesn't use it's CallbackInfo
[15mai.2026 20:39:10.050] [pool-18-thread-1/DEBUG] [mixin/]: lithium.mixins.json:world.block_entity_ticking.sleeping.brewing_stand.BrewingStandBlockEntityMixin from mod lithium->@Inject::wakeUpAfterFromTag(Lorg/spongepowered/asm/mixin/injection/callback/CallbackInfo;)V has 0 override(s) in child classes
[15mai.2026 20:39:10.050] [pool-18-thread-1/DEBUG] [mixin/]: lithium.mixins.json:world.block_entity_ticking.sleeping.brewing_stand.BrewingStandBlockEntityMixin from mod lithium->@Inject::wakeUpAfterFromTag(Lorg/spongepowered/asm/mixin/injection/callback/CallbackInfo;)V won't be passed a CallbackInfo as a result
[15mai.2026 20:39:10.070] [pool-18-thread-1/DEBUG] [mixin/]: Mixing world.chunk_ticking.spread_ice.BiomeMixin from lithium.mixins.json into net.minecraft.world.level.biome.Biome
[15mai.2026 20:39:10.070] [pool-18-thread-1/DEBUG] [mixin/]: lithium.mixins.json:world.chunk_ticking.spread_ice.BiomeMixin from mod lithium: Class version 69 required is higher than the class version supported by the current version of Mixin (JAVA_21 supports class version 65)
[15mai.2026 20:39:10.071] [pool-18-thread-1/DEBUG] [mixin/]: Mixing world.temperature_cache.BiomeMixin from lithium.mixins.json into net.minecraft.world.level.biome.Biome
[15mai.2026 20:39:10.071] [pool-18-thread-1/DEBUG] [mixin/]: lithium.mixins.json:world.temperature_cache.BiomeMixin from mod lithium: Class version 69 required is higher than the class version supported by the current version of Mixin (JAVA_21 supports class version 65)
[15mai.2026 20:39:10.086] [pool-18-thread-1/DEBUG] [mixin/]: Mixing world.block_entity_ticking.sleeping.chest_animation.EnderChestBlockEntityMixin from lithium.mixins.json into net.minecraft.world.level.block.entity.EnderChestBlockEntity
[15mai.2026 20:39:10.086] [pool-18-thread-1/DEBUG] [mixin/]: lithium.mixins.json:world.block_entity_ticking.sleeping.chest_animation.EnderChestBlockEntityMixin from mod lithium: Class version 69 required is higher than the class version supported by the current version of Mixin (JAVA_21 supports class version 65)
[15mai.2026 20:39:10.087] [pool-18-thread-1/DEBUG] [mixin/]: lithium.mixins.json:world.block_entity_ticking.sleeping.chest_animation.EnderChestBlockEntityMixin from mod lithium->@Inject::wakeUpOnSyncedBlockEvent(IILorg/spongepowered/asm/mixin/injection/callback/CallbackInfoReturnable;)V doesn't use it's CallbackInfoReturnable
[15mai.2026 20:39:10.087] [pool-18-thread-1/DEBUG] [mixin/]: lithium.mixins.json:world.block_entity_ticking.sleeping.chest_animation.EnderChestBlockEntityMixin from mod lithium->@Inject::wakeUpOnSyncedBlockEvent(IILorg/spongepowered/asm/mixin/injection/callback/CallbackInfoReturnable;)V has 0 override(s) in child classes
[15mai.2026 20:39:10.087] [pool-18-thread-1/DEBUG] [mixin/]: lithium.mixins.json:world.block_entity_ticking.sleeping.chest_animation.EnderChestBlockEntityMixin from mod lithium->@Inject::wakeUpOnSyncedBlockEvent(IILorg/spongepowered/asm/mixin/injection/callback/CallbackInfoReturnable;)V won't be passed a CallbackInfoReturnable as a result
[15mai.2026 20:39:10.087] [pool-18-thread-1/DEBUG] [mixin/]: lithium.mixins.json:world.block_entity_ticking.sleeping.chest_animation.EnderChestBlockEntityMixin from mod lithium->@Inject::sleepOnAnimationEnd(Lnet/minecraft/world/level/Level;Lnet/minecraft/core/BlockPos;Lnet/minecraft/world/level/block/state/BlockState;Lnet/minecraft/world/level/block/entity/EnderChestBlockEntity;Lorg/spongepowered/asm/mixin/injection/callback/CallbackInfo;)V doesn't use it's CallbackInfo
[15mai.2026 20:39:10.094] [pool-18-thread-1/DEBUG] [mixin/]: Mixing BeaconBlockEntityMixin from lambdynlights.lightsource.mixins.json into net.minecraft.world.level.block.entity.BeaconBlockEntity
[15mai.2026 20:39:10.096] [pool-18-thread-1/DEBUG] [mixin/]: lambdynlights.lightsource.mixins.json:BeaconBlockEntityMixin from mod lambdynlights->@Inject::lambdynlights$onTick(Lnet/minecraft/world/level/Level;Lnet/minecraft/core/BlockPos;Lnet/minecraft/world/level/block/state/BlockState;Lnet/minecraft/world/level/block/entity/BeaconBlockEntity;Lorg/spongepowered/asm/mixin/injection/callback/CallbackInfo;)V doesn't use it's CallbackInfo
[15mai.2026 20:39:10.096] [pool-18-thread-1/DEBUG] [mixin/]: lambdynlights.lightsource.mixins.json:BeaconBlockEntityMixin from mod lambdynlights->@Inject::lambdynlights$markRemoved(Lorg/spongepowered/asm/mixin/injection/callback/CallbackInfo;)V doesn't use it's CallbackInfo
[15mai.2026 20:39:10.096] [pool-18-thread-1/DEBUG] [mixin/]: lambdynlights.lightsource.mixins.json:BeaconBlockEntityMixin from mod lambdynlights->@Inject::lambdynlights$markRemoved(Lorg/spongepowered/asm/mixin/injection/callback/CallbackInfo;)V has 0 override(s) in child classes
[15mai.2026 20:39:10.096] [pool-18-thread-1/DEBUG] [mixin/]: lambdynlights.lightsource.mixins.json:BeaconBlockEntityMixin from mod lambdynlights->@Inject::lambdynlights$markRemoved(Lorg/spongepowered/asm/mixin/injection/callback/CallbackInfo;)V won't be passed a CallbackInfo as a result
[15mai.2026 20:39:10.130] [pool-18-thread-1/DEBUG] [mixin/]: Mixing block.hopper.HopperBlockMixin from lithium.mixins.json into net.minecraft.world.level.block.HopperBlock
[15mai.2026 20:39:10.130] [pool-18-thread-1/DEBUG] [mixin/]: lithium.mixins.json:block.hopper.HopperBlockMixin from mod lithium: Class version 69 required is higher than the class version supported by the current version of Mixin (JAVA_21 supports class version 65)
[15mai.2026 20:39:10.132] [pool-18-thread-1/DEBUG] [mixin/]: lithium.mixins.json:block.hopper.HopperBlockMixin from mod lithium->@Inject::updateBlockEntity(Lnet/minecraft/world/level/block/state/BlockState;Lnet/minecraft/world/level/Level;Lnet/minecraft/core/BlockPos;Lnet/minecraft/world/level/block/Block;Lnet/minecraft/world/level/redstone/Orientation;ZLorg/spongepowered/asm/mixin/injection/callback/CallbackInfo;)V doesn't use it's CallbackInfo
[15mai.2026 20:39:10.132] [pool-18-thread-1/DEBUG] [mixin/]: lithium.mixins.json:block.hopper.HopperBlockMixin from mod lithium->@Inject::updateBlockEntity(Lnet/minecraft/world/level/block/state/BlockState;Lnet/minecraft/world/level/Level;Lnet/minecraft/core/BlockPos;Lnet/minecraft/world/level/block/Block;Lnet/minecraft/world/level/redstone/Orientation;ZLorg/spongepowered/asm/mixin/injection/callback/CallbackInfo;)V has 0 override(s) in child classes
[15mai.2026 20:39:10.132] [pool-18-thread-1/DEBUG] [mixin/]: lithium.mixins.json:block.hopper.HopperBlockMixin from mod lithium->@Inject::updateBlockEntity(Lnet/minecraft/world/level/block/state/BlockState;Lnet/minecraft/world/level/Level;Lnet/minecraft/core/BlockPos;Lnet/minecraft/world/level/block/Block;Lnet/minecraft/world/level/redstone/Orientation;ZLorg/spongepowered/asm/mixin/injection/callback/CallbackInfo;)V won't be passed a CallbackInfo as a result
[15mai.2026 20:39:10.132] [pool-18-thread-1/DEBUG] [mixin/]: lithium.mixins.json:block.hopper.HopperBlockMixin from mod lithium->@Inject::workAroundVanillaUpdateSuppression(Lnet/minecraft/world/level/block/state/BlockState;Lnet/minecraft/world/level/Level;Lnet/minecraft/core/BlockPos;Lnet/minecraft/world/level/block/state/BlockState;ZLorg/spongepowered/asm/mixin/injection/callback/CallbackInfo;)V doesn't use it's CallbackInfo
[15mai.2026 20:39:10.132] [pool-18-thread-1/DEBUG] [mixin/]: lithium.mixins.json:block.hopper.HopperBlockMixin from mod lithium->@Inject::workAroundVanillaUpdateSuppression(Lnet/minecraft/world/level/block/state/BlockState;Lnet/minecraft/world/level/Level;Lnet/minecraft/core/BlockPos;Lnet/minecraft/world/level/block/state/BlockState;ZLorg/spongepowered/asm/mixin/injection/callback/CallbackInfo;)V has 0 override(s) in child classes
[15mai.2026 20:39:10.132] [pool-18-thread-1/DEBUG] [mixin/]: lithium.mixins.json:block.hopper.HopperBlockMixin from mod lithium->@Inject::workAroundVanillaUpdateSuppression(Lnet/minecraft/world/level/block/state/BlockState;Lnet/minecraft/world/level/Level;Lnet/minecraft/core/BlockPos;Lnet/minecraft/world/level/block/state/BlockState;ZLorg/spongepowered/asm/mixin/injection/callback/CallbackInfo;)V won't be passed a CallbackInfo as a result
[15mai.2026 20:39:10.135] [pool-18-thread-1/DEBUG] [mixin/]: Mixing block.hopper.HopperBlockEntityMixin from lithium-neoforge.mixins.json into net.minecraft.world.level.block.entity.HopperBlockEntity
[15mai.2026 20:39:10.135] [pool-18-thread-1/DEBUG] [mixin/]: lithium-neoforge.mixins.json:block.hopper.HopperBlockEntityMixin from mod lithium: Class version 69 required is higher than the class version supported by the current version of Mixin (JAVA_21 supports class version 65)
[15mai.2026 20:39:10.135] [pool-18-thread-1/DEBUG] [mixin/]: Mixing block.hopper.HopperBlockEntityMixin from lithium.mixins.json into net.minecraft.world.level.block.entity.HopperBlockEntity
[15mai.2026 20:39:10.135] [pool-18-thread-1/DEBUG] [mixin/]: lithium.mixins.json:block.hopper.HopperBlockEntityMixin from mod lithium: Class version 69 required is higher than the class version supported by the current version of Mixin (JAVA_21 supports class version 65)
[15mai.2026 20:39:10.139] [pool-18-thread-1/DEBUG] [mixin/]: Mixing block.hopper.InventoryAccessors$HopperBlockEntityMixin from lithium.mixins.json into net.minecraft.world.level.block.entity.HopperBlockEntity
[15mai.2026 20:39:10.139] [pool-18-thread-1/DEBUG] [mixin/]: lithium.mixins.json:block.hopper.InventoryAccessors$HopperBlockEntityMixin from mod lithium: Class version 69 required is higher than the class version supported by the current version of Mixin (JAVA_21 supports class version 65)
[15mai.2026 20:39:10.139] [pool-18-thread-1/DEBUG] [mixin/]: Mixing util.inventory_change_listening.StackListReplacementTracking$HopperBlockEntityMixin from lithium.mixins.json into net.minecraft.world.level.block.entity.HopperBlockEntity
[15mai.2026 20:39:10.139] [pool-18-thread-1/DEBUG] [mixin/]: lithium.mixins.json:util.inventory_change_listening.StackListReplacementTracking$HopperBlockEntityMixin from mod lithium: Class version 69 required is higher than the class version supported by the current version of Mixin (JAVA_21 supports class version 65)
[15mai.2026 20:39:10.139] [pool-18-thread-1/DEBUG] [mixin/]: Mixing world.block_entity_ticking.sleeping.hopper.HopperBlockEntityMixin from lithium.mixins.json into net.minecraft.world.level.block.entity.HopperBlockEntity
[15mai.2026 20:39:10.139] [pool-18-thread-1/DEBUG] [mixin/]: lithium.mixins.json:world.block_entity_ticking.sleeping.hopper.HopperBlockEntityMixin from mod lithium: Class version 69 required is higher than the class version supported by the current version of Mixin (JAVA_21 supports class version 65)
[15mai.2026 20:39:10.143] [pool-18-thread-1/DEBUG] [mixin/]: lithium.mixins.json:block.hopper.HopperBlockEntityMixin from mod lithium->@Inject::lithiumInsert(Lnet/minecraft/world/level/Level;Lnet/minecraft/core/BlockPos;Lnet/minecraft/world/level/block/entity/HopperBlockEntity;Lorg/spongepowered/asm/mixin/injection/callback/CallbackInfoReturnable;)V does use it's CallbackInfoReturnable
[15mai.2026 20:39:10.144] [pool-18-thread-1/DEBUG] [mixin/]: lithium.mixins.json:block.hopper.HopperBlockEntityMixin from mod lithium->@Inject::lithiumExtract(Lnet/minecraft/world/level/Level;Lnet/minecraft/world/level/block/entity/Hopper;Lorg/spongepowered/asm/mixin/injection/callback/CallbackInfoReturnable;)V does use it's CallbackInfoReturnable
[15mai.2026 20:39:10.144] [pool-18-thread-1/DEBUG] [mixin/]: lithium.mixins.json:block.hopper.HopperBlockEntityMixin from mod lithium->@Inject::invalidateOnSetCachedState(Lnet/minecraft/world/level/block/state/BlockState;Lorg/spongepowered/asm/mixin/injection/callback/CallbackInfo;)V doesn't use it's CallbackInfo
[15mai.2026 20:39:10.144] [pool-18-thread-1/DEBUG] [mixin/]: lithium.mixins.json:block.hopper.HopperBlockEntityMixin from mod lithium->@Inject::invalidateOnSetCachedState(Lnet/minecraft/world/level/block/state/BlockState;Lorg/spongepowered/asm/mixin/injection/callback/CallbackInfo;)V has 0 override(s) in child classes
[15mai.2026 20:39:10.144] [pool-18-thread-1/DEBUG] [mixin/]: lithium.mixins.json:block.hopper.HopperBlockEntityMixin from mod lithium->@Inject::invalidateOnSetCachedState(Lnet/minecraft/world/level/block/state/BlockState;Lorg/spongepowered/asm/mixin/injection/callback/CallbackInfo;)V won't be passed a CallbackInfo as a result
[15mai.2026 20:39:10.144] [pool-18-thread-1/DEBUG] [mixin/]: lithium.mixins.json:block.hopper.HopperBlockEntityMixin from mod lithium->@Inject::checkSleepingConditions(Lnet/minecraft/world/level/Level;Lnet/minecraft/core/BlockPos;Lnet/minecraft/world/level/block/state/BlockState;Lnet/minecraft/world/level/block/entity/HopperBlockEntity;Lorg/spongepowered/asm/mixin/injection/callback/CallbackInfo;)V doesn't use it's CallbackInfo
[15mai.2026 20:39:10.144] [pool-18-thread-1/DEBUG] [mixin/]: lithium.mixins.json:util.inventory_change_listening.StackListReplacementTracking$HopperBlockEntityMixin from mod lithium->@Inject::setInventoryStackListReplacement(Lnet/minecraft/core/NonNullList;Lorg/spongepowered/asm/mixin/injection/callback/CallbackInfo;)V doesn't use it's CallbackInfo
[15mai.2026 20:39:10.144] [pool-18-thread-1/DEBUG] [mixin/]: lithium.mixins.json:util.inventory_change_listening.StackListReplacementTracking$HopperBlockEntityMixin from mod lithium->@Inject::setInventoryStackListReplacement(Lnet/minecraft/core/NonNullList;Lorg/spongepowered/asm/mixin/injection/callback/CallbackInfo;)V has 0 override(s) in child classes
[15mai.2026 20:39:10.144] [pool-18-thread-1/DEBUG] [mixin/]: lithium.mixins.json:util.inventory_change_listening.StackListReplacementTracking$HopperBlockEntityMixin from mod lithium->@Inject::setInventoryStackListReplacement(Lnet/minecraft/core/NonNullList;Lorg/spongepowered/asm/mixin/injection/callback/CallbackInfo;)V won't be passed a CallbackInfo as a result
[15mai.2026 20:39:10.144] [pool-18-thread-1/DEBUG] [mixin/]: lithium.mixins.json:world.block_entity_ticking.sleeping.hopper.HopperBlockEntityMixin from mod lithium->@Inject::sleepIfNoCooldownAndLocked(Lnet/minecraft/world/level/Level;Lnet/minecraft/core/BlockPos;Lnet/minecraft/world/level/block/state/BlockState;Lnet/minecraft/world/level/block/entity/HopperBlockEntity;Ljava/util/function/BooleanSupplier;Lorg/spongepowered/asm/mixin/injection/callback/CallbackInfoReturnable;)V doesn't use it's CallbackInfoReturnable
[15mai.2026 20:39:10.144] [pool-18-thread-1/DEBUG] [mixin/]: lithium.mixins.json:world.block_entity_ticking.sleeping.hopper.HopperBlockEntityMixin from mod lithium->@Inject::wakeUpOnCooldownSet(ILorg/spongepowered/asm/mixin/injection/callback/CallbackInfo;)V doesn't use it's CallbackInfo
[15mai.2026 20:39:10.144] [pool-18-thread-1/DEBUG] [mixin/]: lithium.mixins.json:world.block_entity_ticking.sleeping.hopper.HopperBlockEntityMixin from mod lithium->@Inject::wakeUpOnCooldownSet(ILorg/spongepowered/asm/mixin/injection/callback/CallbackInfo;)V has 0 override(s) in child classes
[15mai.2026 20:39:10.144] [pool-18-thread-1/DEBUG] [mixin/]: lithium.mixins.json:world.block_entity_ticking.sleeping.hopper.HopperBlockEntityMixin from mod lithium->@Inject::wakeUpOnCooldownSet(ILorg/spongepowered/asm/mixin/injection/callback/CallbackInfo;)V won't be passed a CallbackInfo as a result
[15mai.2026 20:39:10.230] [pool-18-thread-1/DEBUG] [mixin/]: Mixing TheEndGatewayBlockEntityMixin from lambdynlights.lightsource.mixins.json into net.minecraft.world.level.block.entity.TheEndGatewayBlockEntity
[15mai.2026 20:39:10.231] [pool-18-thread-1/DEBUG] [mixin/]: lambdynlights.lightsource.mixins.json:TheEndGatewayBlockEntityMixin from mod lambdynlights->@Inject::lambdynlights$onBeamAnimationTick(Lnet/minecraft/world/level/Level;Lnet/minecraft/core/BlockPos;Lnet/minecraft/world/level/block/state/BlockState;Lnet/minecraft/world/level/block/entity/TheEndGatewayBlockEntity;Lorg/spongepowered/asm/mixin/injection/callback/CallbackInfo;)V doesn't use it's CallbackInfo
[15mai.2026 20:39:10.239] [pool-18-thread-1/DEBUG] [mixin/]: Mixing block.hopper.InventoryAccessors$ShulkerBoxBlockEntityMixin from lithium.mixins.json into net.minecraft.world.level.block.entity.ShulkerBoxBlockEntity
[15mai.2026 20:39:10.240] [pool-18-thread-1/DEBUG] [mixin/]: lithium.mixins.json:block.hopper.InventoryAccessors$ShulkerBoxBlockEntityMixin from mod lithium: Class version 69 required is higher than the class version supported by the current version of Mixin (JAVA_21 supports class version 65)
[15mai.2026 20:39:10.240] [pool-18-thread-1/DEBUG] [mixin/]: Mixing util.inventory_change_listening.StackListReplacementTracking$ShulkerBoxBlockEntityMixin from lithium.mixins.json into net.minecraft.world.level.block.entity.ShulkerBoxBlockEntity
[15mai.2026 20:39:10.240] [pool-18-thread-1/DEBUG] [mixin/]: lithium.mixins.json:util.inventory_change_listening.StackListReplacementTracking$ShulkerBoxBlockEntityMixin from mod lithium: Class version 69 required is higher than the class version supported by the current version of Mixin (JAVA_21 supports class version 65)
[15mai.2026 20:39:10.240] [pool-18-thread-1/DEBUG] [mixin/]: Mixing world.block_entity_ticking.sleeping.shulker_box.ShulkerBoxBlockEntityMixin from lithium.mixins.json into net.minecraft.world.level.block.entity.ShulkerBoxBlockEntity
[15mai.2026 20:39:10.240] [pool-18-thread-1/DEBUG] [mixin/]: lithium.mixins.json:world.block_entity_ticking.sleeping.shulker_box.ShulkerBoxBlockEntityMixin from mod lithium: Class version 69 required is higher than the class version supported by the current version of Mixin (JAVA_21 supports class version 65)
[15mai.2026 20:39:10.241] [pool-18-thread-1/DEBUG] [mixin/]: lithium.mixins.json:util.inventory_change_listening.StackListReplacementTracking$ShulkerBoxBlockEntityMixin from mod lithium->@Inject::setInventoryStackListReplacement(Lnet/minecraft/core/NonNullList;Lorg/spongepowered/asm/mixin/injection/callback/CallbackInfo;)V doesn't use it's CallbackInfo
[15mai.2026 20:39:10.241] [pool-18-thread-1/DEBUG] [mixin/]: lithium.mixins.json:util.inventory_change_listening.StackListReplacementTracking$ShulkerBoxBlockEntityMixin from mod lithium->@Inject::setInventoryStackListReplacement(Lnet/minecraft/core/NonNullList;Lorg/spongepowered/asm/mixin/injection/callback/CallbackInfo;)V has 0 override(s) in child classes
[15mai.2026 20:39:10.241] [pool-18-thread-1/DEBUG] [mixin/]: lithium.mixins.json:util.inventory_change_listening.StackListReplacementTracking$ShulkerBoxBlockEntityMixin from mod lithium->@Inject::setInventoryStackListReplacement(Lnet/minecraft/core/NonNullList;Lorg/spongepowered/asm/mixin/injection/callback/CallbackInfo;)V won't be passed a CallbackInfo as a result
[15mai.2026 20:39:10.241] [pool-18-thread-1/DEBUG] [mixin/]: lithium.mixins.json:world.block_entity_ticking.sleeping.shulker_box.ShulkerBoxBlockEntityMixin from mod lithium->@Inject::wakeUpOnSyncedBlockEvent(IILorg/spongepowered/asm/mixin/injection/callback/CallbackInfoReturnable;)V doesn't use it's CallbackInfoReturnable
[15mai.2026 20:39:10.241] [pool-18-thread-1/DEBUG] [mixin/]: lithium.mixins.json:world.block_entity_ticking.sleeping.shulker_box.ShulkerBoxBlockEntityMixin from mod lithium->@Inject::wakeUpOnSyncedBlockEvent(IILorg/spongepowered/asm/mixin/injection/callback/CallbackInfoReturnable;)V has 0 override(s) in child classes
[15mai.2026 20:39:10.241] [pool-18-thread-1/DEBUG] [mixin/]: lithium.mixins.json:world.block_entity_ticking.sleeping.shulker_box.ShulkerBoxBlockEntityMixin from mod lithium->@Inject::wakeUpOnSyncedBlockEvent(IILorg/spongepowered/asm/mixin/injection/callback/CallbackInfoReturnable;)V won't be passed a CallbackInfoReturnable as a result
[15mai.2026 20:39:10.241] [pool-18-thread-1/DEBUG] [mixin/]: lithium.mixins.json:world.block_entity_ticking.sleeping.shulker_box.ShulkerBoxBlockEntityMixin from mod lithium->@Inject::sleepOnAnimationEnd(Lnet/minecraft/world/level/Level;Lnet/minecraft/core/BlockPos;Lnet/minecraft/world/level/block/state/BlockState;Lorg/spongepowered/asm/mixin/injection/callback/CallbackInfo;)V doesn't use it's CallbackInfo
[15mai.2026 20:39:10.242] [pool-18-thread-1/DEBUG] [mixin/]: lithium.mixins.json:world.block_entity_ticking.sleeping.shulker_box.ShulkerBoxBlockEntityMixin from mod lithium->@Inject::sleepOnAnimationEnd(Lnet/minecraft/world/level/Level;Lnet/minecraft/core/BlockPos;Lnet/minecraft/world/level/block/state/BlockState;Lorg/spongepowered/asm/mixin/injection/callback/CallbackInfo;)V has 0 override(s) in child classes
[15mai.2026 20:39:10.242] [pool-18-thread-1/DEBUG] [mixin/]: lithium.mixins.json:world.block_entity_ticking.sleeping.shulker_box.ShulkerBoxBlockEntityMixin from mod lithium->@Inject::sleepOnAnimationEnd(Lnet/minecraft/world/level/Level;Lnet/minecraft/core/BlockPos;Lnet/minecraft/world/level/block/state/BlockState;Lorg/spongepowered/asm/mixin/injection/callback/CallbackInfo;)V won't be passed a CallbackInfo as a result
[15mai.2026 20:39:10.261] [pool-18-thread-1/DEBUG] [mixin/]: Mixing ai.useless_sensors.parent_animal_sensor.AgeableMobMixin from lithium.mixins.json into net.minecraft.world.entity.AgeableMob
[15mai.2026 20:39:10.261] [pool-18-thread-1/DEBUG] [mixin/]: lithium.mixins.json:ai.useless_sensors.parent_animal_sensor.AgeableMobMixin from mod lithium: Class version 69 required is higher than the class version supported by the current version of Mixin (JAVA_21 supports class version 65)
[15mai.2026 20:39:10.262] [pool-18-thread-1/DEBUG] [mixin/]: lithium.mixins.json:ai.useless_sensors.parent_animal_sensor.AgeableMobMixin from mod lithium->@Inject::handleParentSensor(Lnet/minecraft/network/syncher/EntityDataAccessor;Lorg/spongepowered/asm/mixin/injection/callback/CallbackInfo;)V doesn't use it's CallbackInfo
[15mai.2026 20:39:10.262] [pool-18-thread-1/DEBUG] [mixin/]: lithium.mixins.json:ai.useless_sensors.parent_animal_sensor.AgeableMobMixin from mod lithium->@Inject::handleParentSensor(Lnet/minecraft/network/syncher/EntityDataAccessor;Lorg/spongepowered/asm/mixin/injection/callback/CallbackInfo;)V has 0 override(s) in child classes
[15mai.2026 20:39:10.262] [pool-18-thread-1/DEBUG] [mixin/]: lithium.mixins.json:ai.useless_sensors.parent_animal_sensor.AgeableMobMixin from mod lithium->@Inject::handleParentSensor(Lnet/minecraft/network/syncher/EntityDataAccessor;Lorg/spongepowered/asm/mixin/injection/callback/CallbackInfo;)V won't be passed a CallbackInfo as a result
[15mai.2026 20:39:10.271] [pool-18-thread-1/DEBUG] [mixin/]: Mixing entity.inactive_navigations.HappyGhastMixin from lithium.mixins.json into net.minecraft.world.entity.animal.happyghast.HappyGhast
[15mai.2026 20:39:10.271] [pool-18-thread-1/DEBUG] [mixin/]: lithium.mixins.json:entity.inactive_navigations.HappyGhastMixin from mod lithium: Class version 69 required is higher than the class version supported by the current version of Mixin (JAVA_21 supports class version 65)
[15mai.2026 20:39:10.272] [pool-18-thread-1/DEBUG] [mixin/]: lithium.mixins.json:entity.inactive_navigations.HappyGhastMixin from mod lithium->@Inject::updateRegisteredNavigation(Lorg/spongepowered/asm/mixin/injection/callback/CallbackInfo;)V doesn't use it's CallbackInfo
[15mai.2026 20:39:10.272] [pool-18-thread-1/DEBUG] [mixin/]: lithium.mixins.json:entity.inactive_navigations.HappyGhastMixin from mod lithium->@Inject::updateRegisteredNavigation(Lorg/spongepowered/asm/mixin/injection/callback/CallbackInfo;)V has 0 override(s) in child classes
[15mai.2026 20:39:10.272] [pool-18-thread-1/DEBUG] [mixin/]: lithium.mixins.json:entity.inactive_navigations.HappyGhastMixin from mod lithium->@Inject::updateRegisteredNavigation(Lorg/spongepowered/asm/mixin/injection/callback/CallbackInfo;)V won't be passed a CallbackInfo as a result
[15mai.2026 20:39:10.272] [pool-18-thread-1/DEBUG] [mixin/]: lithium.mixins.json:entity.inactive_navigations.HappyGhastMixin from mod lithium->@Inject::updateRegisteredNavigation1(Lorg/spongepowered/asm/mixin/injection/callback/CallbackInfo;)V doesn't use it's CallbackInfo
[15mai.2026 20:39:10.272] [pool-18-thread-1/DEBUG] [mixin/]: lithium.mixins.json:entity.inactive_navigations.HappyGhastMixin from mod lithium->@Inject::updateRegisteredNavigation1(Lorg/spongepowered/asm/mixin/injection/callback/CallbackInfo;)V has 0 override(s) in child classes
[15mai.2026 20:39:10.272] [pool-18-thread-1/DEBUG] [mixin/]: lithium.mixins.json:entity.inactive_navigations.HappyGhastMixin from mod lithium->@Inject::updateRegisteredNavigation1(Lorg/spongepowered/asm/mixin/injection/callback/CallbackInfo;)V won't be passed a CallbackInfo as a result
[15mai.2026 20:39:10.321] [pool-18-thread-1/DEBUG] [mixin/]: Mixing block.hopper.InventoryAccessors$BarrelBlockEntityMixin from lithium.mixins.json into net.minecraft.world.level.block.entity.BarrelBlockEntity
[15mai.2026 20:39:10.322] [pool-18-thread-1/DEBUG] [mixin/]: lithium.mixins.json:block.hopper.InventoryAccessors$BarrelBlockEntityMixin from mod lithium: Class version 69 required is higher than the class version supported by the current version of Mixin (JAVA_21 supports class version 65)
[15mai.2026 20:39:10.322] [pool-18-thread-1/DEBUG] [mixin/]: Mixing util.inventory_change_listening.StackListReplacementTracking$BarrelBlockEntityMixin from lithium.mixins.json into net.minecraft.world.level.block.entity.BarrelBlockEntity
[15mai.2026 20:39:10.322] [pool-18-thread-1/DEBUG] [mixin/]: lithium.mixins.json:util.inventory_change_listening.StackListReplacementTracking$BarrelBlockEntityMixin from mod lithium: Class version 69 required is higher than the class version supported by the current version of Mixin (JAVA_21 supports class version 65)
[15mai.2026 20:39:10.323] [pool-18-thread-1/DEBUG] [mixin/]: lithium.mixins.json:util.inventory_change_listening.StackListReplacementTracking$BarrelBlockEntityMixin from mod lithium->@Inject::setInventoryStackListReplacement(Lnet/minecraft/core/NonNullList;Lorg/spongepowered/asm/mixin/injection/callback/CallbackInfo;)V doesn't use it's CallbackInfo
[15mai.2026 20:39:10.323] [pool-18-thread-1/DEBUG] [mixin/]: lithium.mixins.json:util.inventory_change_listening.StackListReplacementTracking$BarrelBlockEntityMixin from mod lithium->@Inject::setInventoryStackListReplacement(Lnet/minecraft/core/NonNullList;Lorg/spongepowered/asm/mixin/injection/callback/CallbackInfo;)V has 0 override(s) in child classes
[15mai.2026 20:39:10.323] [pool-18-thread-1/DEBUG] [mixin/]: lithium.mixins.json:util.inventory_change_listening.StackListReplacementTracking$BarrelBlockEntityMixin from mod lithium->@Inject::setInventoryStackListReplacement(Lnet/minecraft/core/NonNullList;Lorg/spongepowered/asm/mixin/injection/callback/CallbackInfo;)V won't be passed a CallbackInfo as a result
[15mai.2026 20:39:10.352] [pool-18-thread-1/DEBUG] [mixin/]: Mixing world.block_entity_ticking.sleeping.campfire.CampfireBlockEntityMixin from lithium.mixins.json into net.minecraft.world.level.block.entity.CampfireBlockEntity
[15mai.2026 20:39:10.352] [pool-18-thread-1/DEBUG] [mixin/]: lithium.mixins.json:world.block_entity_ticking.sleeping.campfire.CampfireBlockEntityMixin from mod lithium: Class version 69 required is higher than the class version supported by the current version of Mixin (JAVA_21 supports class version 65)
[15mai.2026 20:39:10.352] [pool-18-thread-1/DEBUG] [mixin/]: Mixing world.block_entity_ticking.sleeping.campfire.lit.CampfireBlockEntityMixin from lithium.mixins.json into net.minecraft.world.level.block.entity.CampfireBlockEntity
[15mai.2026 20:39:10.352] [pool-18-thread-1/DEBUG] [mixin/]: lithium.mixins.json:world.block_entity_ticking.sleeping.campfire.lit.CampfireBlockEntityMixin from mod lithium: Class version 69 required is higher than the class version supported by the current version of Mixin (JAVA_21 supports class version 65)
[15mai.2026 20:39:10.353] [pool-18-thread-1/DEBUG] [mixin/]: Mixing world.block_entity_ticking.sleeping.campfire.unlit.CampfireBlockEntityMixin from lithium.mixins.json into net.minecraft.world.level.block.entity.CampfireBlockEntity
[15mai.2026 20:39:10.353] [pool-18-thread-1/DEBUG] [mixin/]: lithium.mixins.json:world.block_entity_ticking.sleeping.campfire.unlit.CampfireBlockEntityMixin from mod lithium: Class version 69 required is higher than the class version supported by the current version of Mixin (JAVA_21 supports class version 65)
[15mai.2026 20:39:10.355] [pool-18-thread-1/DEBUG] [mixin/]: lithium.mixins.json:world.block_entity_ticking.sleeping.campfire.CampfireBlockEntityMixin from mod lithium->@Inject::wakeUpOnAddItem(Lnet/minecraft/server/level/ServerLevel;Lnet/minecraft/world/entity/LivingEntity;Lnet/minecraft/world/item/ItemStack;Lorg/spongepowered/asm/mixin/injection/callback/CallbackInfoReturnable;)V doesn't use it's CallbackInfoReturnable
[15mai.2026 20:39:10.355] [pool-18-thread-1/DEBUG] [mixin/]: lithium.mixins.json:world.block_entity_ticking.sleeping.campfire.CampfireBlockEntityMixin from mod lithium->@Inject::wakeUpOnAddItem(Lnet/minecraft/server/level/ServerLevel;Lnet/minecraft/world/entity/LivingEntity;Lnet/minecraft/world/item/ItemStack;Lorg/spongepowered/asm/mixin/injection/callback/CallbackInfoReturnable;)V has 0 override(s) in child classes
[15mai.2026 20:39:10.355] [pool-18-thread-1/DEBUG] [mixin/]: lithium.mixins.json:world.block_entity_ticking.sleeping.campfire.CampfireBlockEntityMixin from mod lithium->@Inject::wakeUpOnAddItem(Lnet/minecraft/server/level/ServerLevel;Lnet/minecraft/world/entity/LivingEntity;Lnet/minecraft/world/item/ItemStack;Lorg/spongepowered/asm/mixin/injection/callback/CallbackInfoReturnable;)V won't be passed a CallbackInfoReturnable as a result
[15mai.2026 20:39:10.355] [pool-18-thread-1/DEBUG] [mixin/]: lithium.mixins.json:world.block_entity_ticking.sleeping.campfire.CampfireBlockEntityMixin from mod lithium->@Inject::wakeUpOnReadNbt(Lnet/minecraft/world/level/storage/ValueInput;Lorg/spongepowered/asm/mixin/injection/callback/CallbackInfo;)V doesn't use it's CallbackInfo
[15mai.2026 20:39:10.355] [pool-18-thread-1/DEBUG] [mixin/]: lithium.mixins.json:world.block_entity_ticking.sleeping.campfire.CampfireBlockEntityMixin from mod lithium->@Inject::wakeUpOnReadNbt(Lnet/minecraft/world/level/storage/ValueInput;Lorg/spongepowered/asm/mixin/injection/callback/CallbackInfo;)V has 0 override(s) in child classes
[15mai.2026 20:39:10.355] [pool-18-thread-1/DEBUG] [mixin/]: lithium.mixins.json:world.block_entity_ticking.sleeping.campfire.CampfireBlockEntityMixin from mod lithium->@Inject::wakeUpOnReadNbt(Lnet/minecraft/world/level/storage/ValueInput;Lorg/spongepowered/asm/mixin/injection/callback/CallbackInfo;)V won't be passed a CallbackInfo as a result
[15mai.2026 20:39:10.355] [pool-18-thread-1/DEBUG] [mixin/]: lithium.mixins.json:world.block_entity_ticking.sleeping.campfire.lit.CampfireBlockEntityMixin from mod lithium->@Inject::trySleepLit(Lorg/spongepowered/asm/mixin/injection/callback/CallbackInfo;)V doesn't use it's CallbackInfo
[15mai.2026 20:39:10.355] [pool-18-thread-1/DEBUG] [mixin/]: lithium.mixins.json:world.block_entity_ticking.sleeping.campfire.unlit.CampfireBlockEntityMixin from mod lithium->@Inject::trySleepUnlit(Lnet/minecraft/world/level/Level;Lnet/minecraft/core/BlockPos;Lnet/minecraft/world/level/block/state/BlockState;Lnet/minecraft/world/level/block/entity/CampfireBlockEntity;Lorg/spongepowered/asm/mixin/injection/callback/CallbackInfo;Z)V doesn't use it's CallbackInfo
[15mai.2026 20:39:10.399] [pool-18-thread-1/DEBUG] [mixin/]: Mixing alloc.composter.ComposterMixin$ComposterBlockComposterInventoryMixin from lithium.mixins.json into net.minecraft.world.level.block.ComposterBlock$InputContainer
[15mai.2026 20:39:10.400] [pool-18-thread-1/DEBUG] [mixin/]: lithium.mixins.json:alloc.composter.ComposterMixin$ComposterBlockComposterInventoryMixin from mod lithium: Class version 69 required is higher than the class version supported by the current version of Mixin (JAVA_21 supports class version 65)
[15mai.2026 20:39:10.400] [pool-18-thread-1/DEBUG] [mixin/]: Mixing block.hopper.ComposterMixin$ComposterBlockComposterInventoryMixin from lithium.mixins.json into net.minecraft.world.level.block.ComposterBlock$InputContainer
[15mai.2026 20:39:10.400] [pool-18-thread-1/DEBUG] [mixin/]: lithium.mixins.json:block.hopper.ComposterMixin$ComposterBlockComposterInventoryMixin from mod lithium: Class version 69 required is higher than the class version supported by the current version of Mixin (JAVA_21 supports class version 65)
[15mai.2026 20:39:10.401] [pool-18-thread-1/DEBUG] [mixin/]: lithium.mixins.json:block.hopper.ComposterMixin$ComposterBlockComposterInventoryMixin from mod lithium->@Inject::resetDirty(Lorg/spongepowered/asm/mixin/injection/callback/CallbackInfo;)V doesn't use it's CallbackInfo
[15mai.2026 20:39:10.401] [pool-18-thread-1/DEBUG] [mixin/]: lithium.mixins.json:block.hopper.ComposterMixin$ComposterBlockComposterInventoryMixin from mod lithium->@Inject::resetDirty(Lorg/spongepowered/asm/mixin/injection/callback/CallbackInfo;)V has 0 override(s) in child classes
[15mai.2026 20:39:10.401] [pool-18-thread-1/DEBUG] [mixin/]: lithium.mixins.json:block.hopper.ComposterMixin$ComposterBlockComposterInventoryMixin from mod lithium->@Inject::resetDirty(Lorg/spongepowered/asm/mixin/injection/callback/CallbackInfo;)V won't be passed a CallbackInfo as a result
[15mai.2026 20:39:10.402] [pool-18-thread-1/DEBUG] [mixin/]: Mixing alloc.composter.ComposterMixin$ComposterBlockDummyInventoryMixin from lithium.mixins.json into net.minecraft.world.level.block.ComposterBlock$EmptyContainer
[15mai.2026 20:39:10.402] [pool-18-thread-1/DEBUG] [mixin/]: lithium.mixins.json:alloc.composter.ComposterMixin$ComposterBlockDummyInventoryMixin from mod lithium: Class version 69 required is higher than the class version supported by the current version of Mixin (JAVA_21 supports class version 65)
[15mai.2026 20:39:10.403] [pool-18-thread-1/DEBUG] [mixin/]: Mixing block.hopper.ComposterMixin$ComposterBlockDummyInventoryMixin from lithium.mixins.json into net.minecraft.world.level.block.ComposterBlock$EmptyContainer
[15mai.2026 20:39:10.403] [pool-18-thread-1/DEBUG] [mixin/]: lithium.mixins.json:block.hopper.ComposterMixin$ComposterBlockDummyInventoryMixin from mod lithium: Class version 69 required is higher than the class version supported by the current version of Mixin (JAVA_21 supports class version 65)
[15mai.2026 20:39:10.437] [pool-18-thread-1/DEBUG] [mixin/]: Mixing world.block_entity_ticking.sleeping.sculk_sensor_shrieker.SculkSensorBlockMixin from lithium.mixins.json into net.minecraft.world.level.block.SculkSensorBlock
[15mai.2026 20:39:10.437] [pool-18-thread-1/DEBUG] [mixin/]: lithium.mixins.json:world.block_entity_ticking.sleeping.sculk_sensor_shrieker.SculkSensorBlockMixin from mod lithium: Class version 69 required is higher than the class version supported by the current version of Mixin (JAVA_21 supports class version 65)
[15mai.2026 20:39:10.438] [pool-18-thread-1/DEBUG] [mixin/]: lithium.mixins.json:world.block_entity_ticking.sleeping.sculk_sensor_shrieker.SculkSensorBlockMixin from mod lithium->@Inject::checkSleep(Lnet/minecraft/world/level/Level;Lnet/minecraft/core/BlockPos;Lnet/minecraft/world/level/block/state/BlockState;Lnet/minecraft/world/level/block/entity/SculkSensorBlockEntity;Lorg/spongepowered/asm/mixin/injection/callback/CallbackInfo;)V doesn't use it's CallbackInfo
[15mai.2026 20:39:10.440] [pool-18-thread-1/DEBUG] [mixin/]: Mixing world.block_entity_ticking.sleeping.sculk_sensor_shrieker.SculkSensorBlockEntityMixin from lithium.mixins.json into net.minecraft.world.level.block.entity.SculkSensorBlockEntity
[15mai.2026 20:39:10.440] [pool-18-thread-1/DEBUG] [mixin/]: lithium.mixins.json:world.block_entity_ticking.sleeping.sculk_sensor_shrieker.SculkSensorBlockEntityMixin from mod lithium: Class version 69 required is higher than the class version supported by the current version of Mixin (JAVA_21 supports class version 65)
[15mai.2026 20:39:10.441] [pool-18-thread-1/DEBUG] [mixin/]: lithium.mixins.json:world.block_entity_ticking.sleeping.sculk_sensor_shrieker.SculkSensorBlockEntityMixin from mod lithium->@Inject::setVibrationListenerListener(Lnet/minecraft/world/level/block/entity/BlockEntityType;Lnet/minecraft/core/BlockPos;Lnet/minecraft/world/level/block/state/BlockState;Lorg/spongepowered/asm/mixin/injection/callback/CallbackInfo;)V doesn't use it's CallbackInfo
[15mai.2026 20:39:10.441] [pool-18-thread-1/DEBUG] [mixin/]: lithium.mixins.json:world.block_entity_ticking.sleeping.sculk_sensor_shrieker.SculkSensorBlockEntityMixin from mod lithium->@Inject::setVibrationListenerListener(Lnet/minecraft/world/level/block/entity/BlockEntityType;Lnet/minecraft/core/BlockPos;Lnet/minecraft/world/level/block/state/BlockState;Lorg/spongepowered/asm/mixin/injection/callback/CallbackInfo;)V has 0 override(s) in child classes
[15mai.2026 20:39:10.441] [pool-18-thread-1/DEBUG] [mixin/]: lithium.mixins.json:world.block_entity_ticking.sleeping.sculk_sensor_shrieker.SculkSensorBlockEntityMixin from mod lithium->@Inject::setVibrationListenerListener(Lnet/minecraft/world/level/block/entity/BlockEntityType;Lnet/minecraft/core/BlockPos;Lnet/minecraft/world/level/block/state/BlockState;Lorg/spongepowered/asm/mixin/injection/callback/CallbackInfo;)V won't be passed a CallbackInfo as a result
[15mai.2026 20:39:10.441] [pool-18-thread-1/DEBUG] [mixin/]: lithium.mixins.json:world.block_entity_ticking.sleeping.sculk_sensor_shrieker.SculkSensorBlockEntityMixin from mod lithium->@Inject::wakeupIfLoadedWithData(Lnet/minecraft/world/level/storage/ValueInput;Lorg/spongepowered/asm/mixin/injection/callback/CallbackInfo;)V doesn't use it's CallbackInfo
[15mai.2026 20:39:10.441] [pool-18-thread-1/DEBUG] [mixin/]: lithium.mixins.json:world.block_entity_ticking.sleeping.sculk_sensor_shrieker.SculkSensorBlockEntityMixin from mod lithium->@Inject::wakeupIfLoadedWithData(Lnet/minecraft/world/level/storage/ValueInput;Lorg/spongepowered/asm/mixin/injection/callback/CallbackInfo;)V has 0 override(s) in child classes
[15mai.2026 20:39:10.441] [pool-18-thread-1/DEBUG] [mixin/]: lithium.mixins.json:world.block_entity_ticking.sleeping.sculk_sensor_shrieker.SculkSensorBlockEntityMixin from mod lithium->@Inject::wakeupIfLoadedWithData(Lnet/minecraft/world/level/storage/ValueInput;Lorg/spongepowered/asm/mixin/injection/callback/CallbackInfo;)V won't be passed a CallbackInfo as a result
[15mai.2026 20:39:10.444] [pool-18-thread-1/DEBUG] [mixin/]: Mixing world.block_entity_ticking.sleeping.sculk_sensor_shrieker.CalibratedSculkSensorBlockMixin from lithium.mixins.json into net.minecraft.world.level.block.CalibratedSculkSensorBlock
[15mai.2026 20:39:10.444] [pool-18-thread-1/DEBUG] [mixin/]: lithium.mixins.json:world.block_entity_ticking.sleeping.sculk_sensor_shrieker.CalibratedSculkSensorBlockMixin from mod lithium: Class version 69 required is higher than the class version supported by the current version of Mixin (JAVA_21 supports class version 65)
[15mai.2026 20:39:10.445] [pool-18-thread-1/DEBUG] [mixin/]: lithium.mixins.json:world.block_entity_ticking.sleeping.sculk_sensor_shrieker.CalibratedSculkSensorBlockMixin from mod lithium->@Inject::checkSleep(Lnet/minecraft/world/level/Level;Lnet/minecraft/core/BlockPos;Lnet/minecraft/world/level/block/state/BlockState;Lnet/minecraft/world/level/block/entity/CalibratedSculkSensorBlockEntity;Lorg/spongepowered/asm/mixin/injection/callback/CallbackInfo;)V doesn't use it's CallbackInfo
[15mai.2026 20:39:10.455] [pool-18-thread-1/DEBUG] [mixin/]: Mixing world.block_entity_ticking.sleeping.sculk_catalyst.SculkCatalystBlockEntityMixin from lithium.mixins.json into net.minecraft.world.level.block.entity.SculkCatalystBlockEntity
[15mai.2026 20:39:10.455] [pool-18-thread-1/DEBUG] [mixin/]: lithium.mixins.json:world.block_entity_ticking.sleeping.sculk_catalyst.SculkCatalystBlockEntityMixin from mod lithium: Class version 69 required is higher than the class version supported by the current version of Mixin (JAVA_21 supports class version 65)
[15mai.2026 20:39:10.456] [pool-18-thread-1/DEBUG] [mixin/]: lithium.mixins.json:world.block_entity_ticking.sleeping.sculk_catalyst.SculkCatalystBlockEntityMixin from mod lithium->@Inject::addCatalystListenerCallback(Lnet/minecraft/core/BlockPos;Lnet/minecraft/world/level/block/state/BlockState;Lorg/spongepowered/asm/mixin/injection/callback/CallbackInfo;)V doesn't use it's CallbackInfo
[15mai.2026 20:39:10.457] [pool-18-thread-1/DEBUG] [mixin/]: lithium.mixins.json:world.block_entity_ticking.sleeping.sculk_catalyst.SculkCatalystBlockEntityMixin from mod lithium->@Inject::addCatalystListenerCallback(Lnet/minecraft/core/BlockPos;Lnet/minecraft/world/level/block/state/BlockState;Lorg/spongepowered/asm/mixin/injection/callback/CallbackInfo;)V has 0 override(s) in child classes
[15mai.2026 20:39:10.457] [pool-18-thread-1/DEBUG] [mixin/]: lithium.mixins.json:world.block_entity_ticking.sleeping.sculk_catalyst.SculkCatalystBlockEntityMixin from mod lithium->@Inject::addCatalystListenerCallback(Lnet/minecraft/core/BlockPos;Lnet/minecraft/world/level/block/state/BlockState;Lorg/spongepowered/asm/mixin/injection/callback/CallbackInfo;)V won't be passed a CallbackInfo as a result
[15mai.2026 20:39:10.457] [pool-18-thread-1/DEBUG] [mixin/]: lithium.mixins.json:world.block_entity_ticking.sleeping.sculk_catalyst.SculkCatalystBlockEntityMixin from mod lithium->@Inject::sleepIfNoCursors(Lnet/minecraft/world/level/Level;Lnet/minecraft/core/BlockPos;Lnet/minecraft/world/level/block/state/BlockState;Lnet/minecraft/world/level/block/entity/SculkCatalystBlockEntity;Lorg/spongepowered/asm/mixin/injection/callback/CallbackInfo;)V doesn't use it's CallbackInfo
[15mai.2026 20:39:10.457] [pool-18-thread-1/DEBUG] [mixin/]: lithium.mixins.json:world.block_entity_ticking.sleeping.sculk_catalyst.SculkCatalystBlockEntityMixin from mod lithium->@Inject::wakeupIfLoadedWithData(Lnet/minecraft/world/level/storage/ValueInput;Lorg/spongepowered/asm/mixin/injection/callback/CallbackInfo;)V doesn't use it's CallbackInfo
[15mai.2026 20:39:10.457] [pool-18-thread-1/DEBUG] [mixin/]: lithium.mixins.json:world.block_entity_ticking.sleeping.sculk_catalyst.SculkCatalystBlockEntityMixin from mod lithium->@Inject::wakeupIfLoadedWithData(Lnet/minecraft/world/level/storage/ValueInput;Lorg/spongepowered/asm/mixin/injection/callback/CallbackInfo;)V has 0 override(s) in child classes
[15mai.2026 20:39:10.457] [pool-18-thread-1/DEBUG] [mixin/]: lithium.mixins.json:world.block_entity_ticking.sleeping.sculk_catalyst.SculkCatalystBlockEntityMixin from mod lithium->@Inject::wakeupIfLoadedWithData(Lnet/minecraft/world/level/storage/ValueInput;Lorg/spongepowered/asm/mixin/injection/callback/CallbackInfo;)V won't be passed a CallbackInfo as a result
[15mai.2026 20:39:10.459] [pool-18-thread-1/DEBUG] [mixin/]: Mixing world.block_entity_ticking.sleeping.sculk_sensor_shrieker.SculkShriekerBlockMixin from lithium.mixins.json into net.minecraft.world.level.block.SculkShriekerBlock
[15mai.2026 20:39:10.460] [pool-18-thread-1/DEBUG] [mixin/]: lithium.mixins.json:world.block_entity_ticking.sleeping.sculk_sensor_shrieker.SculkShriekerBlockMixin from mod lithium: Class version 69 required is higher than the class version supported by the current version of Mixin (JAVA_21 supports class version 65)
[15mai.2026 20:39:10.460] [pool-18-thread-1/DEBUG] [mixin/]: lithium.mixins.json:world.block_entity_ticking.sleeping.sculk_sensor_shrieker.SculkShriekerBlockMixin from mod lithium->@Inject::checkSleep(Lnet/minecraft/world/level/Level;Lnet/minecraft/core/BlockPos;Lnet/minecraft/world/level/block/state/BlockState;Lnet/minecraft/world/level/block/entity/SculkShriekerBlockEntity;Lorg/spongepowered/asm/mixin/injection/callback/CallbackInfo;)V doesn't use it's CallbackInfo
[15mai.2026 20:39:10.463] [pool-18-thread-1/DEBUG] [mixin/]: Mixing world.block_entity_ticking.sleeping.sculk_sensor_shrieker.SculkShriekerBlockEntityMixin from lithium.mixins.json into net.minecraft.world.level.block.entity.SculkShriekerBlockEntity
[15mai.2026 20:39:10.463] [pool-18-thread-1/DEBUG] [mixin/]: lithium.mixins.json:world.block_entity_ticking.sleeping.sculk_sensor_shrieker.SculkShriekerBlockEntityMixin from mod lithium: Class version 69 required is higher than the class version supported by the current version of Mixin (JAVA_21 supports class version 65)
[15mai.2026 20:39:10.464] [pool-18-thread-1/DEBUG] [mixin/]: lithium.mixins.json:world.block_entity_ticking.sleeping.sculk_sensor_shrieker.SculkShriekerBlockEntityMixin from mod lithium->@Inject::setVibrationListenerListener(Lnet/minecraft/core/BlockPos;Lnet/minecraft/world/level/block/state/BlockState;Lorg/spongepowered/asm/mixin/injection/callback/CallbackInfo;)V doesn't use it's CallbackInfo
[15mai.2026 20:39:10.464] [pool-18-thread-1/DEBUG] [mixin/]: lithium.mixins.json:world.block_entity_ticking.sleeping.sculk_sensor_shrieker.SculkShriekerBlockEntityMixin from mod lithium->@Inject::setVibrationListenerListener(Lnet/minecraft/core/BlockPos;Lnet/minecraft/world/level/block/state/BlockState;Lorg/spongepowered/asm/mixin/injection/callback/CallbackInfo;)V has 0 override(s) in child classes
[15mai.2026 20:39:10.464] [pool-18-thread-1/DEBUG] [mixin/]: lithium.mixins.json:world.block_entity_ticking.sleeping.sculk_sensor_shrieker.SculkShriekerBlockEntityMixin from mod lithium->@Inject::setVibrationListenerListener(Lnet/minecraft/core/BlockPos;Lnet/minecraft/world/level/block/state/BlockState;Lorg/spongepowered/asm/mixin/injection/callback/CallbackInfo;)V won't be passed a CallbackInfo as a result
[15mai.2026 20:39:10.465] [pool-18-thread-1/DEBUG] [mixin/]: lithium.mixins.json:world.block_entity_ticking.sleeping.sculk_sensor_shrieker.SculkShriekerBlockEntityMixin from mod lithium->@Inject::wakeupIfLoadedWithData(Lnet/minecraft/world/level/storage/ValueInput;Lorg/spongepowered/asm/mixin/injection/callback/CallbackInfo;)V doesn't use it's CallbackInfo
[15mai.2026 20:39:10.465] [pool-18-thread-1/DEBUG] [mixin/]: lithium.mixins.json:world.block_entity_ticking.sleeping.sculk_sensor_shrieker.SculkShriekerBlockEntityMixin from mod lithium->@Inject::wakeupIfLoadedWithData(Lnet/minecraft/world/level/storage/ValueInput;Lorg/spongepowered/asm/mixin/injection/callback/CallbackInfo;)V has 0 override(s) in child classes
[15mai.2026 20:39:10.465] [pool-18-thread-1/DEBUG] [mixin/]: lithium.mixins.json:world.block_entity_ticking.sleeping.sculk_sensor_shrieker.SculkShriekerBlockEntityMixin from mod lithium->@Inject::wakeupIfLoadedWithData(Lnet/minecraft/world/level/storage/ValueInput;Lorg/spongepowered/asm/mixin/injection/callback/CallbackInfo;)V won't be passed a CallbackInfo as a result
[15mai.2026 20:39:10.547] [pool-18-thread-1/DEBUG] [mixin/]: Mixing world.block_entity_ticking.sleeping.crafter.CrafterBlockEntityMixin from lithium.mixins.json into net.minecraft.world.level.block.entity.CrafterBlockEntity
[15mai.2026 20:39:10.547] [pool-18-thread-1/DEBUG] [mixin/]: lithium.mixins.json:world.block_entity_ticking.sleeping.crafter.CrafterBlockEntityMixin from mod lithium: Class version 69 required is higher than the class version supported by the current version of Mixin (JAVA_21 supports class version 65)
[15mai.2026 20:39:10.550] [pool-18-thread-1/DEBUG] [mixin/]: lithium.mixins.json:world.block_entity_ticking.sleeping.crafter.CrafterBlockEntityMixin from mod lithium->@Inject::checkSleep(Lorg/spongepowered/asm/mixin/injection/callback/CallbackInfo;)V doesn't use it's CallbackInfo
[15mai.2026 20:39:10.551] [pool-18-thread-1/DEBUG] [mixin/]: lithium.mixins.json:world.block_entity_ticking.sleeping.crafter.CrafterBlockEntityMixin from mod lithium->@Inject::wakeUpAfterRemainingTicksChanged(Lorg/spongepowered/asm/mixin/injection/callback/CallbackInfo;)V doesn't use it's CallbackInfo
[15mai.2026 20:39:10.551] [pool-18-thread-1/DEBUG] [mixin/]: lithium.mixins.json:world.block_entity_ticking.sleeping.crafter.CrafterBlockEntityMixin from mod lithium->@Inject::wakeUpAfterRemainingTicksChanged(Lorg/spongepowered/asm/mixin/injection/callback/CallbackInfo;)V has 0 override(s) in child classes
[15mai.2026 20:39:10.551] [pool-18-thread-1/DEBUG] [mixin/]: lithium.mixins.json:world.block_entity_ticking.sleeping.crafter.CrafterBlockEntityMixin from mod lithium->@Inject::wakeUpAfterRemainingTicksChanged(Lorg/spongepowered/asm/mixin/injection/callback/CallbackInfo;)V won't be passed a CallbackInfo as a result
[15mai.2026 20:39:10.551] [pool-18-thread-1/DEBUG] [mixin/]: lithium.mixins.json:world.block_entity_ticking.sleeping.crafter.CrafterBlockEntityMixin from mod lithium->@Inject::wakeUpAfterRemainingTicksChanged(Lorg/spongepowered/asm/mixin/injection/callback/CallbackInfo;)V doesn't use it's CallbackInfo
[15mai.2026 20:39:10.551] [pool-18-thread-1/DEBUG] [mixin/]: lithium.mixins.json:world.block_entity_ticking.sleeping.crafter.CrafterBlockEntityMixin from mod lithium->@Inject::wakeUpAfterRemainingTicksChanged(Lorg/spongepowered/asm/mixin/injection/callback/CallbackInfo;)V has 0 override(s) in child classes
[15mai.2026 20:39:10.551] [pool-18-thread-1/DEBUG] [mixin/]: lithium.mixins.json:world.block_entity_ticking.sleeping.crafter.CrafterBlockEntityMixin from mod lithium->@Inject::wakeUpAfterRemainingTicksChanged(Lorg/spongepowered/asm/mixin/injection/callback/CallbackInfo;)V won't be passed a CallbackInfo as a result
[15mai.2026 20:39:10.595] [pool-18-thread-1/DEBUG] [mixin/]: Mixing BlockStateCacheMixin from ferritecore.blockstatecache.mixin.json into net.minecraft.world.level.block.state.BlockBehaviour$BlockStateBase$Cache
[15mai.2026 20:39:10.595] [pool-18-thread-1/DEBUG] [mixin/]: ferritecore.blockstatecache.mixin.json:BlockStateCacheMixin from mod ferritecore: Class version 69 required is higher than the class version supported by the current version of Mixin (JAVA_17 supports class version 61)
[15mai.2026 20:39:10.596] [pool-18-thread-1/DEBUG] [mixin/]: Mixing perf.cache_blockstate_cache_arrays.AbstractBlockStateCacheMixin from modernfix-modernfix.mixins.json into net.minecraft.world.level.block.state.BlockBehaviour$BlockStateBase$Cache
[15mai.2026 20:39:10.596] [pool-18-thread-1/DEBUG] [mixin/]: modernfix-modernfix.mixins.json:perf.cache_blockstate_cache_arrays.AbstractBlockStateCacheMixin from mod modernfix: Class version 69 required is higher than the class version supported by the current version of Mixin (JAVA_21 supports class version 65)
[15mai.2026 20:39:10.611] [pool-18-thread-1/DEBUG] [mixin/]: Mixing shapes.lazy_shape_context.EntityCollisionContextMixin from lithium.mixins.json into net.minecraft.world.phys.shapes.EntityCollisionContext
[15mai.2026 20:39:10.611] [pool-18-thread-1/DEBUG] [mixin/]: lithium.mixins.json:shapes.lazy_shape_context.EntityCollisionContextMixin from mod lithium: Class version 69 required is higher than the class version supported by the current version of Mixin (JAVA_21 supports class version 65)
[15mai.2026 20:39:10.614] [pool-18-thread-1/DEBUG] [mixin/]: lithium.mixins.json:shapes.lazy_shape_context.EntityCollisionContextMixin from mod lithium->@Inject::initFields(Lnet/minecraft/world/entity/Entity;ZZLorg/spongepowered/asm/mixin/injection/callback/CallbackInfo;)V doesn't use it's CallbackInfo
[15mai.2026 20:39:10.614] [pool-18-thread-1/DEBUG] [mixin/]: lithium.mixins.json:shapes.lazy_shape_context.EntityCollisionContextMixin from mod lithium->@Inject::initFields(Lnet/minecraft/world/entity/Entity;ZZLorg/spongepowered/asm/mixin/injection/callback/CallbackInfo;)V has 0 override(s) in child classes
[15mai.2026 20:39:10.614] [pool-18-thread-1/DEBUG] [mixin/]: lithium.mixins.json:shapes.lazy_shape_context.EntityCollisionContextMixin from mod lithium->@Inject::initFields(Lnet/minecraft/world/entity/Entity;ZZLorg/spongepowered/asm/mixin/injection/callback/CallbackInfo;)V won't be passed a CallbackInfo as a result
[15mai.2026 20:39:10.614] [pool-18-thread-1/DEBUG] [mixin/]: lithium.mixins.json:shapes.lazy_shape_context.EntityCollisionContextMixin from mod lithium->@Inject::isHolding(Lnet/minecraft/world/item/Item;Lorg/spongepowered/asm/mixin/injection/callback/CallbackInfoReturnable;)V doesn't use it's CallbackInfoReturnable
[15mai.2026 20:39:10.615] [pool-18-thread-1/DEBUG] [mixin/]: lithium.mixins.json:shapes.lazy_shape_context.EntityCollisionContextMixin from mod lithium->@Inject::isHolding(Lnet/minecraft/world/item/Item;Lorg/spongepowered/asm/mixin/injection/callback/CallbackInfoReturnable;)V has 0 override(s) in child classes
[15mai.2026 20:39:10.615] [pool-18-thread-1/DEBUG] [mixin/]: lithium.mixins.json:shapes.lazy_shape_context.EntityCollisionContextMixin from mod lithium->@Inject::isHolding(Lnet/minecraft/world/item/Item;Lorg/spongepowered/asm/mixin/injection/callback/CallbackInfoReturnable;)V won't be passed a CallbackInfoReturnable as a result
[15mai.2026 20:39:10.615] [pool-18-thread-1/DEBUG] [mixin/]: lithium.mixins.json:shapes.lazy_shape_context.EntityCollisionContextMixin from mod lithium->@Inject::initHeldItem(Lorg/spongepowered/asm/mixin/injection/callback/CallbackInfoReturnable;)V doesn't use it's CallbackInfoReturnable
[15mai.2026 20:39:10.615] [pool-18-thread-1/DEBUG] [mixin/]: lithium.mixins.json:shapes.lazy_shape_context.EntityCollisionContextMixin from mod lithium->@Inject::initHeldItem(Lorg/spongepowered/asm/mixin/injection/callback/CallbackInfoReturnable;)V has 0 override(s) in child classes
[15mai.2026 20:39:10.615] [pool-18-thread-1/DEBUG] [mixin/]: lithium.mixins.json:shapes.lazy_shape_context.EntityCollisionContextMixin from mod lithium->@Inject::initHeldItem(Lorg/spongepowered/asm/mixin/injection/callback/CallbackInfoReturnable;)V won't be passed a CallbackInfoReturnable as a result
[15mai.2026 20:39:10.618] [pool-18-thread-1/DEBUG] [mixin/]: Mixing util.item_component_and_count_tracking.ItemStackMixin from lithium.mixins.json into net.minecraft.world.item.ItemStack
[15mai.2026 20:39:10.618] [pool-18-thread-1/DEBUG] [mixin/]: lithium.mixins.json:util.item_component_and_count_tracking.ItemStackMixin from mod lithium: Class version 69 required is higher than the class version supported by the current version of Mixin (JAVA_21 supports class version 65)
[15mai.2026 20:39:10.620] [pool-18-thread-1/DEBUG] [mixin/]: lithium.mixins.json:util.item_component_and_count_tracking.ItemStackMixin from mod lithium->@Inject::beforeChangeCount(ILorg/spongepowered/asm/mixin/injection/callback/CallbackInfo;)V doesn't use it's CallbackInfo
[15mai.2026 20:39:10.620] [pool-18-thread-1/DEBUG] [mixin/]: lithium.mixins.json:util.item_component_and_count_tracking.ItemStackMixin from mod lithium->@Inject::onSetComponent(Lnet/minecraft/core/component/DataComponentType;Ljava/lang/Object;Lorg/spongepowered/asm/mixin/injection/callback/CallbackInfoReturnable;)V doesn't use it's CallbackInfoReturnable
[15mai.2026 20:39:10.630] [pool-18-thread-1/DEBUG] [mixin/]: Mixing ServerPlayerMixin from jade.mixins.json into net.minecraft.server.level.ServerPlayer
[15mai.2026 20:39:10.631] [pool-18-thread-1/DEBUG] [mixin/]: jade.mixins.json:ServerPlayerMixin from mod jade: Class version 69 required is higher than the class version supported by the current version of Mixin (JAVA_21 supports class version 65)
[15mai.2026 20:39:10.648] [pool-18-thread-1/DEBUG] [mixin/]: Mixing block.hopper.NonNullListAccessor from lithium.mixins.json into net.minecraft.core.NonNullList
[15mai.2026 20:39:10.649] [pool-18-thread-1/DEBUG] [mixin/]: lithium.mixins.json:block.hopper.NonNullListAccessor from mod lithium: Class version 69 required is higher than the class version supported by the current version of Mixin (JAVA_21 supports class version 65)
[15mai.2026 20:39:10.651] [pool-18-thread-1/DEBUG] [mixin/]: Mixing PatchedDataComponentMapMixin from ferritecore.datacomponents.mixin.json into net.minecraft.core.component.PatchedDataComponentMap
[15mai.2026 20:39:10.651] [pool-18-thread-1/DEBUG] [mixin/]: ferritecore.datacomponents.mixin.json:PatchedDataComponentMapMixin from mod ferritecore: Class version 69 required is higher than the class version supported by the current version of Mixin (JAVA_17 supports class version 61)
[15mai.2026 20:39:10.651] [pool-18-thread-1/DEBUG] [mixin/]: Mixing util.item_component_and_count_tracking.PatchedDataComponentMapMixin from lithium.mixins.json into net.minecraft.core.component.PatchedDataComponentMap
[15mai.2026 20:39:10.651] [pool-18-thread-1/DEBUG] [mixin/]: lithium.mixins.json:util.item_component_and_count_tracking.PatchedDataComponentMapMixin from mod lithium: Class version 69 required is higher than the class version supported by the current version of Mixin (JAVA_21 supports class version 65)
[15mai.2026 20:39:10.652] [pool-18-thread-1/DEBUG] [mixin/]: ferritecore.datacomponents.mixin.json:PatchedDataComponentMapMixin from mod ferritecore->@Inject::saveMemoryIfEmpty(Lorg/spongepowered/asm/mixin/injection/callback/CallbackInfo;)V doesn't use it's CallbackInfo
[15mai.2026 20:39:10.652] [pool-18-thread-1/DEBUG] [mixin/]: ferritecore.datacomponents.mixin.json:PatchedDataComponentMapMixin from mod ferritecore->@Inject::saveMemoryIfEmpty(Lorg/spongepowered/asm/mixin/injection/callback/CallbackInfo;)V doesn't use it's CallbackInfo
[15mai.2026 20:39:10.652] [pool-18-thread-1/DEBUG] [mixin/]: ferritecore.datacomponents.mixin.json:PatchedDataComponentMapMixin from mod ferritecore->@Inject::saveMemoryIfEmptyWithReturn(Lorg/spongepowered/asm/mixin/injection/callback/CallbackInfoReturnable;)V does use it's CallbackInfoReturnable
[15mai.2026 20:39:10.652] [pool-18-thread-1/DEBUG] [mixin/]: ferritecore.datacomponents.mixin.json:PatchedDataComponentMapMixin from mod ferritecore->@Inject::saveMemoryIfEmptyWithReturn(Lorg/spongepowered/asm/mixin/injection/callback/CallbackInfoReturnable;)V does use it's CallbackInfoReturnable
[15mai.2026 20:39:10.652] [pool-18-thread-1/DEBUG] [mixin/]: lithium.mixins.json:util.item_component_and_count_tracking.PatchedDataComponentMapMixin from mod lithium->@Inject::trackBeforeChange(Lorg/spongepowered/asm/mixin/injection/callback/CallbackInfo;)V doesn't use it's CallbackInfo
[15mai.2026 20:39:10.713] [pool-18-thread-1/DEBUG] [mixin/]: Mixing SubShapeAccess from ferritecore.accessors.mixin.json into net.minecraft.world.phys.shapes.SubShape
[15mai.2026 20:39:10.713] [pool-18-thread-1/DEBUG] [mixin/]: ferritecore.accessors.mixin.json:SubShapeAccess from mod ferritecore: Class version 69 required is higher than the class version supported by the current version of Mixin (JAVA_17 supports class version 61)
[15mai.2026 20:39:10.892] [pool-18-thread-1/DEBUG] [mixin/]: Mixing util.initialization.DataMapHooksMixin from lithium-neoforge.mixins.json into net.neoforged.neoforge.common.DataMapHooks
[15mai.2026 20:39:10.893] [pool-18-thread-1/DEBUG] [mixin/]: lithium-neoforge.mixins.json:util.initialization.DataMapHooksMixin from mod lithium: Class version 69 required is higher than the class version supported by the current version of Mixin (JAVA_21 supports class version 65)
[15mai.2026 20:39:10.893] [pool-18-thread-1/DEBUG] [mixin/]: lithium-neoforge.mixins.json:util.initialization.DataMapHooksMixin from mod lithium->@Inject::initializeCachedBlockData(Lnet/minecraft/core/RegistryAccess;Lnet/minecraft/world/flag/FeatureFlagSet;Lorg/spongepowered/asm/mixin/injection/callback/CallbackInfoReturnable;)V doesn't use it's CallbackInfoReturnable
[15mai.2026 20:39:10.988] [pool-18-thread-1/DEBUG] [mixin/]: Mixing ItemMixin from palladium.mixins.json into net.minecraft.world.item.Item
[15mai.2026 20:39:10.989] [pool-18-thread-1/DEBUG] [mixin/]: palladium.mixins.json:ItemMixin from mod palladium->@Inject::init(Lnet/minecraft/world/item/Item$Properties;Lorg/spongepowered/asm/mixin/injection/callback/CallbackInfo;)V doesn't use it's CallbackInfo
[15mai.2026 20:39:10.989] [pool-18-thread-1/DEBUG] [mixin/]: palladium.mixins.json:ItemMixin from mod palladium->@Inject::init(Lnet/minecraft/world/item/Item$Properties;Lorg/spongepowered/asm/mixin/injection/callback/CallbackInfo;)V has 0 override(s) in child classes
[15mai.2026 20:39:10.989] [pool-18-thread-1/DEBUG] [mixin/]: palladium.mixins.json:ItemMixin from mod palladium->@Inject::init(Lnet/minecraft/world/item/Item$Properties;Lorg/spongepowered/asm/mixin/injection/callback/CallbackInfo;)V won't be passed a CallbackInfo as a result
[15mai.2026 20:39:11.004] [pool-18-thread-1/DEBUG] [mixin/]: Mixing perf.encoder_cache_leak.EncoderCacheAccessor from modernfix-modernfix.mixins.json into net.minecraft.util.EncoderCache
[15mai.2026 20:39:11.004] [pool-18-thread-1/DEBUG] [mixin/]: modernfix-modernfix.mixins.json:perf.encoder_cache_leak.EncoderCacheAccessor from mod modernfix: Class version 69 required is higher than the class version supported by the current version of Mixin (JAVA_21 supports class version 65)
[15mai.2026 20:39:11.007] [pool-18-thread-1/DEBUG] [mixin/]: Mixing alloc.nbt.CompoundTagMixin$Type from lithium.mixins.json into net.minecraft.nbt.CompoundTag$1
[15mai.2026 20:39:11.008] [pool-18-thread-1/DEBUG] [mixin/]: lithium.mixins.json:alloc.nbt.CompoundTagMixin$Type from mod lithium: Class version 69 required is higher than the class version supported by the current version of Mixin (JAVA_21 supports class version 65)
[15mai.2026 20:39:11.211] [pool-18-thread-1/DEBUG] [mixin/]: Mixing entity.collisions.unpushable_cramming.AbstractBoatMixin from lithium.mixins.json into net.minecraft.world.entity.vehicle.boat.AbstractBoat
[15mai.2026 20:39:11.211] [pool-18-thread-1/DEBUG] [mixin/]: lithium.mixins.json:entity.collisions.unpushable_cramming.AbstractBoatMixin from mod lithium: Class version 69 required is higher than the class version supported by the current version of Mixin (JAVA_21 supports class version 65)
[15mai.2026 20:39:11.231] [pool-18-thread-1/DEBUG] [mixin/]: Mixing block.hopper.AbstractChestBoatMixin from lithium.mixins.json into net.minecraft.world.entity.vehicle.boat.AbstractChestBoat
[15mai.2026 20:39:11.231] [pool-18-thread-1/DEBUG] [mixin/]: lithium.mixins.json:block.hopper.AbstractChestBoatMixin from mod lithium: Class version 69 required is higher than the class version supported by the current version of Mixin (JAVA_21 supports class version 65)
[15mai.2026 20:39:11.239] [pool-18-thread-1/DEBUG] [mixin/]: Mixing entity.inactive_navigations.PathNavigationMixin from lithium.mixins.json into net.minecraft.world.entity.ai.navigation.PathNavigation
[15mai.2026 20:39:11.240] [pool-18-thread-1/DEBUG] [mixin/]: lithium.mixins.json:entity.inactive_navigations.PathNavigationMixin from mod lithium: Class version 69 required is higher than the class version supported by the current version of Mixin (JAVA_21 supports class version 65)
[15mai.2026 20:39:11.241] [pool-18-thread-1/DEBUG] [mixin/]: lithium.mixins.json:entity.inactive_navigations.PathNavigationMixin from mod lithium->@Inject::updateListeningState(Lorg/spongepowered/asm/mixin/injection/callback/CallbackInfo;)V doesn't use it's CallbackInfo
[15mai.2026 20:39:11.241] [pool-18-thread-1/DEBUG] [mixin/]: lithium.mixins.json:entity.inactive_navigations.PathNavigationMixin from mod lithium->@Inject::updateListeningState(Lorg/spongepowered/asm/mixin/injection/callback/CallbackInfo;)V has 0 override(s) in child classes
[15mai.2026 20:39:11.241] [pool-18-thread-1/DEBUG] [mixin/]: lithium.mixins.json:entity.inactive_navigations.PathNavigationMixin from mod lithium->@Inject::updateListeningState(Lorg/spongepowered/asm/mixin/injection/callback/CallbackInfo;)V won't be passed a CallbackInfo as a result
[15mai.2026 20:39:11.241] [pool-18-thread-1/DEBUG] [mixin/]: lithium.mixins.json:entity.inactive_navigations.PathNavigationMixin from mod lithium->@Inject::updateListeningState2(Lnet/minecraft/world/level/pathfinder/Path;DLorg/spongepowered/asm/mixin/injection/callback/CallbackInfoReturnable;)V doesn't use it's CallbackInfoReturnable
[15mai.2026 20:39:11.241] [pool-18-thread-1/DEBUG] [mixin/]: lithium.mixins.json:entity.inactive_navigations.PathNavigationMixin from mod lithium->@Inject::updateListeningState2(Lnet/minecraft/world/level/pathfinder/Path;DLorg/spongepowered/asm/mixin/injection/callback/CallbackInfoReturnable;)V has 0 override(s) in child classes
[15mai.2026 20:39:11.241] [pool-18-thread-1/DEBUG] [mixin/]: lithium.mixins.json:entity.inactive_navigations.PathNavigationMixin from mod lithium->@Inject::updateListeningState2(Lnet/minecraft/world/level/pathfinder/Path;DLorg/spongepowered/asm/mixin/injection/callback/CallbackInfoReturnable;)V won't be passed a CallbackInfoReturnable as a result
[15mai.2026 20:39:11.241] [pool-18-thread-1/DEBUG] [mixin/]: lithium.mixins.json:entity.inactive_navigations.PathNavigationMixin from mod lithium->@Inject::updateListeningState2(Lnet/minecraft/world/level/pathfinder/Path;DLorg/spongepowered/asm/mixin/injection/callback/CallbackInfoReturnable;)V doesn't use it's CallbackInfoReturnable
[15mai.2026 20:39:11.241] [pool-18-thread-1/DEBUG] [mixin/]: lithium.mixins.json:entity.inactive_navigations.PathNavigationMixin from mod lithium->@Inject::updateListeningState2(Lnet/minecraft/world/level/pathfinder/Path;DLorg/spongepowered/asm/mixin/injection/callback/CallbackInfoReturnable;)V has 0 override(s) in child classes
[15mai.2026 20:39:11.241] [pool-18-thread-1/DEBUG] [mixin/]: lithium.mixins.json:entity.inactive_navigations.PathNavigationMixin from mod lithium->@Inject::updateListeningState2(Lnet/minecraft/world/level/pathfinder/Path;DLorg/spongepowered/asm/mixin/injection/callback/CallbackInfoReturnable;)V won't be passed a CallbackInfoReturnable as a result
[15mai.2026 20:39:11.241] [pool-18-thread-1/DEBUG] [mixin/]: lithium.mixins.json:entity.inactive_navigations.PathNavigationMixin from mod lithium->@Inject::updateListeningState2(Lnet/minecraft/world/level/pathfinder/Path;DLorg/spongepowered/asm/mixin/injection/callback/CallbackInfoReturnable;)V doesn't use it's CallbackInfoReturnable
[15mai.2026 20:39:11.241] [pool-18-thread-1/DEBUG] [mixin/]: lithium.mixins.json:entity.inactive_navigations.PathNavigationMixin from mod lithium->@Inject::updateListeningState2(Lnet/minecraft/world/level/pathfinder/Path;DLorg/spongepowered/asm/mixin/injection/callback/CallbackInfoReturnable;)V has 0 override(s) in child classes
[15mai.2026 20:39:11.241] [pool-18-thread-1/DEBUG] [mixin/]: lithium.mixins.json:entity.inactive_navigations.PathNavigationMixin from mod lithium->@Inject::updateListeningState2(Lnet/minecraft/world/level/pathfinder/Path;DLorg/spongepowered/asm/mixin/injection/callback/CallbackInfoReturnable;)V won't be passed a CallbackInfoReturnable as a result
[15mai.2026 20:39:11.241] [pool-18-thread-1/DEBUG] [mixin/]: lithium.mixins.json:entity.inactive_navigations.PathNavigationMixin from mod lithium->@Inject::updateListeningState2(Lnet/minecraft/world/level/pathfinder/Path;DLorg/spongepowered/asm/mixin/injection/callback/CallbackInfoReturnable;)V doesn't use it's CallbackInfoReturnable
[15mai.2026 20:39:11.242] [pool-18-thread-1/DEBUG] [mixin/]: lithium.mixins.json:entity.inactive_navigations.PathNavigationMixin from mod lithium->@Inject::updateListeningState2(Lnet/minecraft/world/level/pathfinder/Path;DLorg/spongepowered/asm/mixin/injection/callback/CallbackInfoReturnable;)V has 0 override(s) in child classes
[15mai.2026 20:39:11.242] [pool-18-thread-1/DEBUG] [mixin/]: lithium.mixins.json:entity.inactive_navigations.PathNavigationMixin from mod lithium->@Inject::updateListeningState2(Lnet/minecraft/world/level/pathfinder/Path;DLorg/spongepowered/asm/mixin/injection/callback/CallbackInfoReturnable;)V won't be passed a CallbackInfoReturnable as a result
[15mai.2026 20:39:11.242] [pool-18-thread-1/DEBUG] [mixin/]: lithium.mixins.json:entity.inactive_navigations.PathNavigationMixin from mod lithium->@Inject::stopListening(Lorg/spongepowered/asm/mixin/injection/callback/CallbackInfo;)V doesn't use it's CallbackInfo
[15mai.2026 20:39:11.242] [pool-18-thread-1/DEBUG] [mixin/]: lithium.mixins.json:entity.inactive_navigations.PathNavigationMixin from mod lithium->@Inject::stopListening(Lorg/spongepowered/asm/mixin/injection/callback/CallbackInfo;)V has 0 override(s) in child classes
[15mai.2026 20:39:11.242] [pool-18-thread-1/DEBUG] [mixin/]: lithium.mixins.json:entity.inactive_navigations.PathNavigationMixin from mod lithium->@Inject::stopListening(Lorg/spongepowered/asm/mixin/injection/callback/CallbackInfo;)V won't be passed a CallbackInfo as a result
[15mai.2026 20:39:11.254] [pool-18-thread-1/DEBUG] [mixin/]: Mixing ExperienceOrbAccess from clumps.mixins.json into net.minecraft.world.entity.ExperienceOrb
[15mai.2026 20:39:11.254] [pool-18-thread-1/DEBUG] [mixin/]: clumps.mixins.json:ExperienceOrbAccess from mod clumps: Class version 69 required is higher than the class version supported by the current version of Mixin (JAVA_18 supports class version 62)
[15mai.2026 20:39:11.254] [pool-18-thread-1/DEBUG] [mixin/]: Mixing MixinExperienceOrb from clumps.mixins.json into net.minecraft.world.entity.ExperienceOrb
[15mai.2026 20:39:11.256] [pool-18-thread-1/DEBUG] [mixin/]: clumps.mixins.json:MixinExperienceOrb from mod clumps: Class version 69 required is higher than the class version supported by the current version of Mixin (JAVA_18 supports class version 62)
[15mai.2026 20:39:11.257] [pool-18-thread-1/DEBUG] [mixin/]: Renaming synthetic method lambda$clumps$resolve$0(Ljava/util/Map$Entry;)Ljava/lang/Integer; to md94a32b$clumps$lambda$clumps$resolve$0$0 in clumps.mixins.json:MixinExperienceOrb from mod clumps
[15mai.2026 20:39:11.257] [pool-18-thread-1/DEBUG] [mixin/]: Renaming synthetic method lambda$readAdditionalSaveData$2(Ljava/util/Map;)V to md94a32b$clumps$lambda$readAdditionalSaveData$2$1 in clumps.mixins.json:MixinExperienceOrb from mod clumps
[15mai.2026 20:39:11.257] [pool-18-thread-1/DEBUG] [mixin/]: Renaming synthetic method lambda$readAdditionalSaveData$0(Ljava/util/Map;Lnet/minecraft/nbt/CompoundTag;)V to md94a32b$clumps$lambda$readAdditionalSaveData$0$2 in clumps.mixins.json:MixinExperienceOrb from mod clumps
[15mai.2026 20:39:11.257] [pool-18-thread-1/DEBUG] [mixin/]: Renaming synthetic method lambda$readAdditionalSaveData$1(Ljava/util/Map;Ljava/lang/String;Ljava/lang/Integer;)V to md94a32b$clumps$lambda$readAdditionalSaveData$1$3 in clumps.mixins.json:MixinExperienceOrb from mod clumps
[15mai.2026 20:39:11.257] [pool-18-thread-1/DEBUG] [mixin/]: Renaming synthetic method lambda$addAdditionalSaveData$0(Lnet/minecraft/nbt/CompoundTag;Ljava/lang/Integer;Ljava/lang/Integer;)V to md94a32b$clumps$lambda$addAdditionalSaveData$0$4 in clumps.mixins.json:MixinExperienceOrb from mod clumps
[15mai.2026 20:39:11.257] [pool-18-thread-1/DEBUG] [mixin/]: Renaming synthetic method lambda$tryMergeToExisting$1(Ljava/util/Map;)Ljava/util/stream/Stream; to md94a32b$clumps$lambda$tryMergeToExisting$1$5 in clumps.mixins.json:MixinExperienceOrb from mod clumps
[15mai.2026 20:39:11.257] [pool-18-thread-1/DEBUG] [mixin/]: Renaming synthetic method lambda$tryMergeToExisting$0(IILnet/minecraft/world/entity/ExperienceOrb;)Z to md94a32b$clumps$lambda$tryMergeToExisting$0$6 in clumps.mixins.json:MixinExperienceOrb from mod clumps
[15mai.2026 20:39:11.257] [pool-18-thread-1/DEBUG] [mixin/]: Renaming synthetic method lambda$merge$0(Ljava/util/Map;)Ljava/util/stream/Stream; to md94a32b$clumps$lambda$merge$0$7 in clumps.mixins.json:MixinExperienceOrb from mod clumps
[15mai.2026 20:39:11.258] [pool-18-thread-1/DEBUG] [mixin/]: Renaming synthetic method lambda$clumps$repairPlayerItems$0(Lnet/minecraft/server/level/ServerPlayer;ILnet/minecraft/world/item/enchantment/EnchantedItemInUse;)Ljava/lang/Integer; to md94a32b$clumps$lambda$clumps$repairPlayerItems$0$8 in clumps.mixins.json:MixinExperienceOrb from mod clumps
[15mai.2026 20:39:11.258] [pool-18-thread-1/DEBUG] [mixin/]: Renaming synthetic method lambda$playerTouch$0(Lnet/minecraft/server/level/ServerPlayer;Ljava/util/concurrent/atomic/AtomicInteger;Ljava/lang/Integer;Ljava/lang/Integer;)V to md94a32b$clumps$lambda$playerTouch$0$9 in clumps.mixins.json:MixinExperienceOrb from mod clumps
[15mai.2026 20:39:11.261] [pool-18-thread-1/DEBUG] [mixin/]: clumps.mixins.json:MixinExperienceOrb from mod clumps->@Inject::canMerge(Lnet/minecraft/world/entity/ExperienceOrb;Lorg/spongepowered/asm/mixin/injection/callback/CallbackInfoReturnable;)V does use it's CallbackInfoReturnable
[15mai.2026 20:39:11.261] [pool-18-thread-1/DEBUG] [mixin/]: clumps.mixins.json:MixinExperienceOrb from mod clumps->@Inject::canMerge(Lnet/minecraft/world/entity/ExperienceOrb;IILorg/spongepowered/asm/mixin/injection/callback/CallbackInfoReturnable;)V does use it's CallbackInfoReturnable
[15mai.2026 20:39:11.261] [pool-18-thread-1/DEBUG] [mixin/]: clumps.mixins.json:MixinExperienceOrb from mod clumps->@Inject::playerTouch(Lnet/minecraft/world/entity/player/Player;Lorg/spongepowered/asm/mixin/injection/callback/CallbackInfo;)V does use it's CallbackInfo
[15mai.2026 20:39:11.261] [pool-18-thread-1/DEBUG] [mixin/]: clumps.mixins.json:MixinExperienceOrb from mod clumps->@Inject::clumps$repairPlayerItems(Lnet/minecraft/server/level/ServerPlayer;ILorg/spongepowered/asm/mixin/injection/callback/CallbackInfoReturnable;)V does use it's CallbackInfoReturnable
[15mai.2026 20:39:11.261] [pool-18-thread-1/DEBUG] [mixin/]: clumps.mixins.json:MixinExperienceOrb from mod clumps->@Inject::merge(Lnet/minecraft/world/entity/ExperienceOrb;Lorg/spongepowered/asm/mixin/injection/callback/CallbackInfo;)V does use it's CallbackInfo
[15mai.2026 20:39:11.261] [pool-18-thread-1/DEBUG] [mixin/]: clumps.mixins.json:MixinExperienceOrb from mod clumps->@Inject::tryMergeToExisting(Lnet/minecraft/server/level/ServerLevel;Lnet/minecraft/world/phys/Vec3;ILorg/spongepowered/asm/mixin/injection/callback/CallbackInfoReturnable;)V does use it's CallbackInfoReturnable
[15mai.2026 20:39:11.261] [pool-18-thread-1/DEBUG] [mixin/]: clumps.mixins.json:MixinExperienceOrb from mod clumps->@Inject::addAdditionalSaveData(Lnet/minecraft/world/level/storage/ValueOutput;Lorg/spongepowered/asm/mixin/injection/callback/CallbackInfo;)V doesn't use it's CallbackInfo
[15mai.2026 20:39:11.261] [pool-18-thread-1/DEBUG] [mixin/]: clumps.mixins.json:MixinExperienceOrb from mod clumps->@Inject::addAdditionalSaveData(Lnet/minecraft/world/level/storage/ValueOutput;Lorg/spongepowered/asm/mixin/injection/callback/CallbackInfo;)V has 0 override(s) in child classes
[15mai.2026 20:39:11.261] [pool-18-thread-1/DEBUG] [mixin/]: clumps.mixins.json:MixinExperienceOrb from mod clumps->@Inject::addAdditionalSaveData(Lnet/minecraft/world/level/storage/ValueOutput;Lorg/spongepowered/asm/mixin/injection/callback/CallbackInfo;)V won't be passed a CallbackInfo as a result
[15mai.2026 20:39:11.261] [pool-18-thread-1/DEBUG] [mixin/]: clumps.mixins.json:MixinExperienceOrb from mod clumps->@Inject::readAdditionalSaveData(Lnet/minecraft/world/level/storage/ValueInput;Lorg/spongepowered/asm/mixin/injection/callback/CallbackInfo;)V doesn't use it's CallbackInfo
[15mai.2026 20:39:11.261] [pool-18-thread-1/DEBUG] [mixin/]: clumps.mixins.json:MixinExperienceOrb from mod clumps->@Inject::readAdditionalSaveData(Lnet/minecraft/world/level/storage/ValueInput;Lorg/spongepowered/asm/mixin/injection/callback/CallbackInfo;)V has 0 override(s) in child classes
[15mai.2026 20:39:11.261] [pool-18-thread-1/DEBUG] [mixin/]: clumps.mixins.json:MixinExperienceOrb from mod clumps->@Inject::readAdditionalSaveData(Lnet/minecraft/world/level/storage/ValueInput;Lorg/spongepowered/asm/mixin/injection/callback/CallbackInfo;)V won't be passed a CallbackInfo as a result
[15mai.2026 20:39:11.268] [pool-18-thread-1/DEBUG] [mixin/]: Mixing entity.replace_entitytype_predicates.ArmorStandMixin from lithium.mixins.json into net.minecraft.world.entity.decoration.ArmorStand
[15mai.2026 20:39:11.268] [pool-18-thread-1/DEBUG] [mixin/]: lithium.mixins.json:entity.replace_entitytype_predicates.ArmorStandMixin from mod lithium: Class version 69 required is higher than the class version supported by the current version of Mixin (JAVA_21 supports class version 65)
[15mai.2026 20:39:11.269] [pool-18-thread-1/DEBUG] [mixin/]: Renaming synthetic method lambda$getMinecartsDirectly$0(Lnet/minecraft/world/entity/Entity;Lnet/minecraft/world/entity/vehicle/minecart/AbstractMinecart;)Z to md94a32b$lithium$lambda$getMinecartsDirectly$0$0 in lithium.mixins.json:entity.replace_entitytype_predicates.ArmorStandMixin from mod lithium
[15mai.2026 20:39:11.269] [pool-18-thread-1/DEBUG] [mixin/]: Mixing ArmorStandMixin from palladium.mixins.json into net.minecraft.world.entity.decoration.ArmorStand
[15mai.2026 20:39:11.270] [pool-18-thread-1/DEBUG] [mixin/]: palladium.mixins.json:ArmorStandMixin from mod palladium->@Inject::brokenByPlayer(Lnet/minecraft/server/level/ServerLevel;Lnet/minecraft/world/damagesource/DamageSource;Lorg/spongepowered/asm/mixin/injection/callback/CallbackInfo;)V does use it's CallbackInfo
[15mai.2026 20:39:11.270] [pool-18-thread-1/DEBUG] [mixin/]: palladium.mixins.json:ArmorStandMixin from mod palladium->@Inject::showBreakingParticles(Lorg/spongepowered/asm/mixin/injection/callback/CallbackInfo;)V does use it's CallbackInfo
[15mai.2026 20:39:11.284] [pool-18-thread-1/DEBUG] [mixin/]: Mixing perf.ticking_chunk_alloc.BatMixin from modernfix-modernfix.mixins.json into net.minecraft.world.entity.ambient.Bat
[15mai.2026 20:39:11.285] [pool-18-thread-1/DEBUG] [mixin/]: modernfix-modernfix.mixins.json:perf.ticking_chunk_alloc.BatMixin from mod modernfix: Class version 69 required is higher than the class version supported by the current version of Mixin (JAVA_21 supports class version 65)
[15mai.2026 20:39:11.319] [pool-18-thread-1/DEBUG] [mixin/]: Mixing AbstractHorseAccess from jade.mixins.json into net.minecraft.world.entity.animal.equine.AbstractHorse
[15mai.2026 20:39:11.320] [pool-18-thread-1/DEBUG] [mixin/]: jade.mixins.json:AbstractHorseAccess from mod jade: Class version 69 required is higher than the class version supported by the current version of Mixin (JAVA_21 supports class version 65)
[15mai.2026 20:39:11.334] [pool-18-thread-1/DEBUG] [mixin/]: Mixing ai.non_poi_block_search.MoveToBlockGoalMixin from lithium.mixins.json into net.minecraft.world.entity.ai.goal.MoveToBlockGoal
[15mai.2026 20:39:11.335] [pool-18-thread-1/DEBUG] [mixin/]: lithium.mixins.json:ai.non_poi_block_search.MoveToBlockGoalMixin from mod lithium: Class version 69 required is higher than the class version supported by the current version of Mixin (JAVA_21 supports class version 65)
[15mai.2026 20:39:11.335] [pool-18-thread-1/DEBUG] [mixin/]: Renaming synthetic method lambda$lithium$chunkAwareSearch$0(Lnet/minecraft/core/BlockPos;JJ)I to md94a32b$lithium$lambda$lithium$chunkAwareSearch$0$0 in lithium.mixins.json:ai.non_poi_block_search.MoveToBlockGoalMixin from mod lithium
[15mai.2026 20:39:11.344] [pool-18-thread-1/DEBUG] [mixin/]: Mixing block.hopper.InventoryAccessors$AbstractMinecartContainerMixin from lithium.mixins.json into net.minecraft.world.entity.vehicle.minecart.AbstractMinecartContainer
[15mai.2026 20:39:11.344] [pool-18-thread-1/DEBUG] [mixin/]: lithium.mixins.json:block.hopper.InventoryAccessors$AbstractMinecartContainerMixin from mod lithium: Class version 69 required is higher than the class version supported by the current version of Mixin (JAVA_21 supports class version 65)
[15mai.2026 20:39:11.345] [pool-18-thread-1/DEBUG] [mixin/]: Mixing AbstractMinecartEntityMixin from lambdynlights.lightsource.mixins.json into net.minecraft.world.entity.vehicle.minecart.AbstractMinecart
[15mai.2026 20:39:11.348] [pool-18-thread-1/DEBUG] [mixin/]: Mixing block.hopper.OldMinecartBehaviorMixin from lithium.mixins.json into net.minecraft.world.entity.vehicle.minecart.OldMinecartBehavior
[15mai.2026 20:39:11.348] [pool-18-thread-1/DEBUG] [mixin/]: lithium.mixins.json:block.hopper.OldMinecartBehaviorMixin from mod lithium: Class version 69 required is higher than the class version supported by the current version of Mixin (JAVA_21 supports class version 65)
[15mai.2026 20:39:11.349] [pool-18-thread-1/DEBUG] [mixin/]: Mixing entity.collisions.unpushable_cramming.OldMinecartBehaviorMixin from lithium.mixins.json into net.minecraft.world.entity.vehicle.minecart.OldMinecartBehavior
[15mai.2026 20:39:11.349] [pool-18-thread-1/DEBUG] [mixin/]: lithium.mixins.json:entity.collisions.unpushable_cramming.OldMinecartBehaviorMixin from mod lithium: Class version 69 required is higher than the class version supported by the current version of Mixin (JAVA_21 supports class version 65)
[15mai.2026 20:39:11.349] [pool-18-thread-1/DEBUG] [mixin/]: Mixing entity.replace_entitytype_predicates.OldMinecartBehaviorMixin from lithium.mixins.json into net.minecraft.world.entity.vehicle.minecart.OldMinecartBehavior
[15mai.2026 20:39:11.349] [pool-18-thread-1/DEBUG] [mixin/]: lithium.mixins.json:entity.replace_entitytype_predicates.OldMinecartBehaviorMixin from mod lithium: Class version 69 required is higher than the class version supported by the current version of Mixin (JAVA_21 supports class version 65)
[15mai.2026 20:39:11.349] [pool-18-thread-1/DEBUG] [mixin/]: Renaming synthetic method lambda$getOtherAbstractMinecarts$0(Lnet/minecraft/world/entity/Entity;Lnet/minecraft/world/entity/vehicle/minecart/AbstractMinecart;)Z to md94a32b$lithium$lambda$getOtherAbstractMinecarts$0$0 in lithium.mixins.json:entity.replace_entitytype_predicates.OldMinecartBehaviorMixin from mod lithium
[15mai.2026 20:39:11.350] [pool-18-thread-1/DEBUG] [mixin/]: lithium.mixins.json:block.hopper.OldMinecartBehaviorMixin from mod lithium->@Inject::avoidNotifyingMovementListeners(Lnet/minecraft/server/level/ServerLevel;Lorg/spongepowered/asm/mixin/injection/callback/CallbackInfo;)V doesn't use it's CallbackInfo
[15mai.2026 20:39:11.350] [pool-18-thread-1/DEBUG] [mixin/]: lithium.mixins.json:block.hopper.OldMinecartBehaviorMixin from mod lithium->@Inject::avoidNotifyingMovementListeners(Lnet/minecraft/server/level/ServerLevel;Lorg/spongepowered/asm/mixin/injection/callback/CallbackInfo;)V has 0 override(s) in child classes
[15mai.2026 20:39:11.350] [pool-18-thread-1/DEBUG] [mixin/]: lithium.mixins.json:block.hopper.OldMinecartBehaviorMixin from mod lithium->@Inject::avoidNotifyingMovementListeners(Lnet/minecraft/server/level/ServerLevel;Lorg/spongepowered/asm/mixin/injection/callback/CallbackInfo;)V won't be passed a CallbackInfo as a result
[15mai.2026 20:39:11.350] [pool-18-thread-1/DEBUG] [mixin/]: lithium.mixins.json:block.hopper.OldMinecartBehaviorMixin from mod lithium->@Inject::notifyMovementListeners(Lnet/minecraft/server/level/ServerLevel;Lorg/spongepowered/asm/mixin/injection/callback/CallbackInfo;)V doesn't use it's CallbackInfo
[15mai.2026 20:39:11.350] [pool-18-thread-1/DEBUG] [mixin/]: lithium.mixins.json:block.hopper.OldMinecartBehaviorMixin from mod lithium->@Inject::notifyMovementListeners(Lnet/minecraft/server/level/ServerLevel;Lorg/spongepowered/asm/mixin/injection/callback/CallbackInfo;)V has 0 override(s) in child classes
[15mai.2026 20:39:11.350] [pool-18-thread-1/DEBUG] [mixin/]: lithium.mixins.json:block.hopper.OldMinecartBehaviorMixin from mod lithium->@Inject::notifyMovementListeners(Lnet/minecraft/server/level/ServerLevel;Lorg/spongepowered/asm/mixin/injection/callback/CallbackInfo;)V won't be passed a CallbackInfo as a result
[15mai.2026 20:39:11.350] [pool-18-thread-1/DEBUG] [mixin/]: lithium.mixins.json:block.hopper.OldMinecartBehaviorMixin from mod lithium->@Inject::notifyMovementListeners(Lnet/minecraft/server/level/ServerLevel;Lorg/spongepowered/asm/mixin/injection/callback/CallbackInfo;)V doesn't use it's CallbackInfo
[15mai.2026 20:39:11.350] [pool-18-thread-1/DEBUG] [mixin/]: lithium.mixins.json:block.hopper.OldMinecartBehaviorMixin from mod lithium->@Inject::notifyMovementListeners(Lnet/minecraft/server/level/ServerLevel;Lorg/spongepowered/asm/mixin/injection/callback/CallbackInfo;)V has 0 override(s) in child classes
[15mai.2026 20:39:11.350] [pool-18-thread-1/DEBUG] [mixin/]: lithium.mixins.json:block.hopper.OldMinecartBehaviorMixin from mod lithium->@Inject::notifyMovementListeners(Lnet/minecraft/server/level/ServerLevel;Lorg/spongepowered/asm/mixin/injection/callback/CallbackInfo;)V won't be passed a CallbackInfo as a result
[15mai.2026 20:39:11.378] [pool-18-thread-1/DEBUG] [mixin/]: Mixing ai.non_poi_block_search.RemoveBlockGoalMixin from lithium.mixins.json into net.minecraft.world.entity.ai.goal.RemoveBlockGoal
[15mai.2026 20:39:11.378] [pool-18-thread-1/DEBUG] [mixin/]: lithium.mixins.json:ai.non_poi_block_search.RemoveBlockGoalMixin from mod lithium: Class version 69 required is higher than the class version supported by the current version of Mixin (JAVA_21 supports class version 65)
[15mai.2026 20:39:11.394] [pool-18-thread-1/DEBUG] [mixin/]: Mixing ThrowableItemProjectileAccessor from palladium.mixins.json into net.minecraft.world.entity.projectile.throwableitemprojectile.ThrowableItemProjectile
[15mai.2026 20:39:11.398] [pool-18-thread-1/DEBUG] [mixin/]: Mixing GuardianEntityMixin from lambdynlights.lightsource.mixins.json into net.minecraft.world.entity.monster.Guardian
[15mai.2026 20:39:11.411] [pool-18-thread-1/DEBUG] [mixin/]: Mixing ai.raid.RaiderMixin from lithium.mixins.json into net.minecraft.world.entity.raid.Raider
[15mai.2026 20:39:11.411] [pool-18-thread-1/DEBUG] [mixin/]: lithium.mixins.json:ai.raid.RaiderMixin from mod lithium: Class version 69 required is higher than the class version supported by the current version of Mixin (JAVA_21 supports class version 65)
[15mai.2026 20:39:11.411] [pool-18-thread-1/DEBUG] [mixin/]: Renaming synthetic method lambda$static$0(Lnet/minecraft/world/entity/item/ItemEntity;)Z to md94a32b$lithium$lambda$static$0$0 in lithium.mixins.json:ai.raid.RaiderMixin from mod lithium
[15mai.2026 20:39:11.416] [pool-18-thread-1/DEBUG] [mixin/]: Mixing ai.raid.Raider$ObtainRaidLeaderBannerGoalMixin from lithium.mixins.json into net.minecraft.world.entity.raid.Raider$ObtainRaidLeaderBannerGoal
[15mai.2026 20:39:11.418] [pool-18-thread-1/DEBUG] [mixin/]: lithium.mixins.json:ai.raid.Raider$ObtainRaidLeaderBannerGoalMixin from mod lithium: Class version 69 required is higher than the class version supported by the current version of Mixin (JAVA_21 supports class version 65)
[15mai.2026 20:39:11.419] [pool-18-thread-1/DEBUG] [mixin/]: Mixing ai.poi.tasks.RaiderEntityAttackHomeGoalMixin from lithium.mixins.json into net.minecraft.world.entity.raid.Raider$RaiderMoveThroughVillageGoal
[15mai.2026 20:39:11.419] [pool-18-thread-1/DEBUG] [mixin/]: lithium.mixins.json:ai.poi.tasks.RaiderEntityAttackHomeGoalMixin from mod lithium: Class version 69 required is higher than the class version supported by the current version of Mixin (JAVA_21 supports class version 65)
[15mai.2026 20:39:11.453] [pool-18-thread-1/DEBUG] [mixin/]: Mixing ai.useless_sensors.goat_item_sensor.GoatMixin from lithium.mixins.json into net.minecraft.world.entity.animal.goat.Goat
[15mai.2026 20:39:11.453] [pool-18-thread-1/DEBUG] [mixin/]: lithium.mixins.json:ai.useless_sensors.goat_item_sensor.GoatMixin from mod lithium: Class version 69 required is higher than the class version supported by the current version of Mixin (JAVA_21 supports class version 65)
[15mai.2026 20:39:11.454] [pool-18-thread-1/DEBUG] [mixin/]: lithium.mixins.json:ai.useless_sensors.goat_item_sensor.GoatMixin from mod lithium->@Inject::disableItemSensor(Lorg/spongepowered/asm/mixin/injection/callback/CallbackInfo;)V doesn't use it's CallbackInfo
[15mai.2026 20:39:11.454] [pool-18-thread-1/DEBUG] [mixin/]: lithium.mixins.json:ai.useless_sensors.goat_item_sensor.GoatMixin from mod lithium->@Inject::disableItemSensor(Lorg/spongepowered/asm/mixin/injection/callback/CallbackInfo;)V has 0 override(s) in child classes
[15mai.2026 20:39:11.454] [pool-18-thread-1/DEBUG] [mixin/]: lithium.mixins.json:ai.useless_sensors.goat_item_sensor.GoatMixin from mod lithium->@Inject::disableItemSensor(Lorg/spongepowered/asm/mixin/injection/callback/CallbackInfo;)V won't be passed a CallbackInfo as a result
[15mai.2026 20:39:11.468] [pool-18-thread-1/DEBUG] [mixin/]: Mixing entity.replace_entitytype_predicates.GolemRandomStrollInVillageGoalMixin from lithium.mixins.json into net.minecraft.world.entity.ai.goal.GolemRandomStrollInVillageGoal
[15mai.2026 20:39:11.469] [pool-18-thread-1/DEBUG] [mixin/]: lithium.mixins.json:entity.replace_entitytype_predicates.GolemRandomStrollInVillageGoalMixin from mod lithium: Class version 69 required is higher than the class version supported by the current version of Mixin (JAVA_21 supports class version 65)
[15mai.2026 20:39:11.475] [pool-18-thread-1/DEBUG] [mixin/]: Mixing entity.replace_entitytype_predicates.LlamaFollowCaravanGoalMixin from lithium.mixins.json into net.minecraft.world.entity.ai.goal.LlamaFollowCaravanGoal
[15mai.2026 20:39:11.475] [pool-18-thread-1/DEBUG] [mixin/]: lithium.mixins.json:entity.replace_entitytype_predicates.LlamaFollowCaravanGoalMixin from mod lithium: Class version 69 required is higher than the class version supported by the current version of Mixin (JAVA_21 supports class version 65)
[15mai.2026 20:39:11.475] [pool-18-thread-1/DEBUG] [mixin/]: Renaming synthetic method lambda$getLlamasForCaravan$0(Lnet/minecraft/world/entity/Entity;Lnet/minecraft/world/entity/animal/equine/Llama;)Z to md94a32b$lithium$lambda$getLlamasForCaravan$0$0 in lithium.mixins.json:entity.replace_entitytype_predicates.LlamaFollowCaravanGoalMixin from mod lithium
[15mai.2026 20:39:11.488] [pool-18-thread-1/DEBUG] [mixin/]: Mixing perf.ticking_chunk_alloc.ChunkAccessMixin from modernfix-modernfix.mixins.json into net.minecraft.world.level.chunk.ChunkAccess
[15mai.2026 20:39:11.488] [pool-18-thread-1/DEBUG] [mixin/]: modernfix-modernfix.mixins.json:perf.ticking_chunk_alloc.ChunkAccessMixin from mod modernfix: Class version 69 required is higher than the class version supported by the current version of Mixin (JAVA_21 supports class version 65)
[15mai.2026 20:39:11.488] [pool-18-thread-1/DEBUG] [mixin/]: Mixing perf.compact_imposterprotochunks.ChunkAccessMixin from modernfix-modernfix.mixins.json into net.minecraft.world.level.chunk.ChunkAccess
[15mai.2026 20:39:11.488] [pool-18-thread-1/DEBUG] [mixin/]: modernfix-modernfix.mixins.json:perf.compact_imposterprotochunks.ChunkAccessMixin from mod modernfix: Class version 69 required is higher than the class version supported by the current version of Mixin (JAVA_21 supports class version 65)
[15mai.2026 20:39:11.493] [pool-18-thread-1/DEBUG] [mixin/]: Mixing world.inline_block_access.LevelChunkMixin from lithium.mixins.json into net.minecraft.world.level.chunk.LevelChunk
[15mai.2026 20:39:11.493] [pool-18-thread-1/DEBUG] [mixin/]: lithium.mixins.json:world.inline_block_access.LevelChunkMixin from mod lithium: Class version 69 required is higher than the class version supported by the current version of Mixin (JAVA_21 supports class version 65)
[15mai.2026 20:39:11.494] [pool-18-thread-1/DEBUG] [mixin/]: Mixing collections.block_entity_tickers.LevelChunkMixin from lithium.mixins.json into net.minecraft.world.level.chunk.LevelChunk
[15mai.2026 20:39:11.494] [pool-18-thread-1/DEBUG] [mixin/]: lithium.mixins.json:collections.block_entity_tickers.LevelChunkMixin from mod lithium: Class version 69 required is higher than the class version supported by the current version of Mixin (JAVA_21 supports class version 65)
[15mai.2026 20:39:11.494] [pool-18-thread-1/DEBUG] [mixin/]: Mixing minimal_nonvanilla.world.block_entity_ticking.support_cache.LevelChunkMixin from lithium.mixins.json into net.minecraft.world.level.chunk.LevelChunk
[15mai.2026 20:39:11.494] [pool-18-thread-1/DEBUG] [mixin/]: lithium.mixins.json:minimal_nonvanilla.world.block_entity_ticking.support_cache.LevelChunkMixin from mod lithium: Class version 69 required is higher than the class version supported by the current version of Mixin (JAVA_21 supports class version 65)
[15mai.2026 20:39:11.494] [pool-18-thread-1/DEBUG] [mixin/]: Mixing util.chunk_status_tracking.LevelChunkMixin from lithium.mixins.json into net.minecraft.world.level.chunk.LevelChunk
[15mai.2026 20:39:11.494] [pool-18-thread-1/DEBUG] [mixin/]: lithium.mixins.json:util.chunk_status_tracking.LevelChunkMixin from mod lithium: Class version 69 required is higher than the class version supported by the current version of Mixin (JAVA_21 supports class version 65)
[15mai.2026 20:39:11.494] [pool-18-thread-1/DEBUG] [mixin/]: Mixing world.block_entity_ticking.sleeping.LevelChunkMixin from lithium.mixins.json into net.minecraft.world.level.chunk.LevelChunk
[15mai.2026 20:39:11.494] [pool-18-thread-1/DEBUG] [mixin/]: lithium.mixins.json:world.block_entity_ticking.sleeping.LevelChunkMixin from mod lithium: Class version 69 required is higher than the class version supported by the current version of Mixin (JAVA_21 supports class version 65)
[15mai.2026 20:39:11.495] [pool-18-thread-1/DEBUG] [mixin/]: Mixing world.combined_heightmap_update.LevelChunkMixin from lithium.mixins.json into net.minecraft.world.level.chunk.LevelChunk
[15mai.2026 20:39:11.495] [pool-18-thread-1/DEBUG] [mixin/]: lithium.mixins.json:world.combined_heightmap_update.LevelChunkMixin from mod lithium: Class version 69 required is higher than the class version supported by the current version of Mixin (JAVA_21 supports class version 65)
[15mai.2026 20:39:11.495] [pool-18-thread-1/DEBUG] [mixin/]: Mixing world.game_events.dispatch.LevelChunkMixin from lithium.mixins.json into net.minecraft.world.level.chunk.LevelChunk
[15mai.2026 20:39:11.495] [pool-18-thread-1/DEBUG] [mixin/]: lithium.mixins.json:world.game_events.dispatch.LevelChunkMixin from mod lithium: Class version 69 required is higher than the class version supported by the current version of Mixin (JAVA_21 supports class version 65)
[15mai.2026 20:39:11.495] [pool-18-thread-1/DEBUG] [mixin/]: Renaming synthetic method lambda$static$1(Lnet/minecraft/server/level/ServerLevel;Lnet/minecraft/world/level/ChunkPos;)V to md94a32b$lithium$lambda$static$1$0 in lithium.mixins.json:world.game_events.dispatch.LevelChunkMixin from mod lithium
[15mai.2026 20:39:11.495] [pool-18-thread-1/DEBUG] [mixin/]: Renaming synthetic method lambda$static$0(Lnet/minecraft/server/level/ServerLevel;Lnet/minecraft/world/level/chunk/LevelChunk;)V to md94a32b$lithium$lambda$static$0$1 in lithium.mixins.json:world.game_events.dispatch.LevelChunkMixin from mod lithium
[15mai.2026 20:39:11.495] [pool-18-thread-1/DEBUG] [mixin/]: Mixing world.inline_height.LevelChunkMixin from lithium.mixins.json into net.minecraft.world.level.chunk.LevelChunk
[15mai.2026 20:39:11.495] [pool-18-thread-1/DEBUG] [mixin/]: lithium.mixins.json:world.inline_height.LevelChunkMixin from mod lithium: Class version 69 required is higher than the class version supported by the current version of Mixin (JAVA_21 supports class version 65)
[15mai.2026 20:39:11.504] [pool-18-thread-1/DEBUG] [mixin/]: lithium.mixins.json:collections.block_entity_tickers.LevelChunkMixin from mod lithium->@Inject::createFastUtilMap(Lnet/minecraft/world/level/Level;Lnet/minecraft/world/level/ChunkPos;Lnet/minecraft/world/level/chunk/UpgradeData;Lnet/minecraft/world/ticks/LevelChunkTicks;Lnet/minecraft/world/ticks/LevelChunkTicks;J[Lnet/minecraft/world/level/chunk/LevelChunkSection;Lnet/minecraft/world/level/chunk/LevelChunk$PostLoadProcessor;Lnet/minecraft/world/level/levelgen/blending/BlendingData;Lorg/spongepowered/asm/mixin/injection/callback/CallbackInfo;)V doesn't use it's CallbackInfo
[15mai.2026 20:39:11.504] [pool-18-thread-1/DEBUG] [mixin/]: lithium.mixins.json:collections.block_entity_tickers.LevelChunkMixin from mod lithium->@Inject::createFastUtilMap(Lnet/minecraft/world/level/Level;Lnet/minecraft/world/level/ChunkPos;Lnet/minecraft/world/level/chunk/UpgradeData;Lnet/minecraft/world/ticks/LevelChunkTicks;Lnet/minecraft/world/ticks/LevelChunkTicks;J[Lnet/minecraft/world/level/chunk/LevelChunkSection;Lnet/minecraft/world/level/chunk/LevelChunk$PostLoadProcessor;Lnet/minecraft/world/level/levelgen/blending/BlendingData;Lorg/spongepowered/asm/mixin/injection/callback/CallbackInfo;)V has 0 override(s) in child classes
[15mai.2026 20:39:11.504] [pool-18-thread-1/DEBUG] [mixin/]: lithium.mixins.json:collections.block_entity_tickers.LevelChunkMixin from mod lithium->@Inject::createFastUtilMap(Lnet/minecraft/world/level/Level;Lnet/minecraft/world/level/ChunkPos;Lnet/minecraft/world/level/chunk/UpgradeData;Lnet/minecraft/world/ticks/LevelChunkTicks;Lnet/minecraft/world/ticks/LevelChunkTicks;J[Lnet/minecraft/world/level/chunk/LevelChunkSection;Lnet/minecraft/world/level/chunk/LevelChunk$PostLoadProcessor;Lnet/minecraft/world/level/levelgen/blending/BlendingData;Lorg/spongepowered/asm/mixin/injection/callback/CallbackInfo;)V won't be passed a CallbackInfo as a result
[15mai.2026 20:39:11.504] [pool-18-thread-1/DEBUG] [mixin/]: lithium.mixins.json:minimal_nonvanilla.world.block_entity_ticking.support_cache.LevelChunkMixin from mod lithium->@Inject::fixCachedState(Lnet/minecraft/core/BlockPos;Lnet/minecraft/world/level/block/state/BlockState;ILorg/spongepowered/asm/mixin/injection/callback/CallbackInfoReturnable;)V doesn't use it's CallbackInfoReturnable
[15mai.2026 20:39:11.505] [pool-18-thread-1/DEBUG] [mixin/]: lithium.mixins.json:minimal_nonvanilla.world.block_entity_ticking.support_cache.LevelChunkMixin from mod lithium->@Inject::fixCachedState(Lnet/minecraft/core/BlockPos;Lnet/minecraft/world/level/block/state/BlockState;ILorg/spongepowered/asm/mixin/injection/callback/CallbackInfoReturnable;)V has 0 override(s) in child classes
[15mai.2026 20:39:11.505] [pool-18-thread-1/DEBUG] [mixin/]: lithium.mixins.json:minimal_nonvanilla.world.block_entity_ticking.support_cache.LevelChunkMixin from mod lithium->@Inject::fixCachedState(Lnet/minecraft/core/BlockPos;Lnet/minecraft/world/level/block/state/BlockState;ILorg/spongepowered/asm/mixin/injection/callback/CallbackInfoReturnable;)V won't be passed a CallbackInfoReturnable as a result
[15mai.2026 20:39:11.505] [pool-18-thread-1/DEBUG] [mixin/]: lithium.mixins.json:util.chunk_status_tracking.LevelChunkMixin from mod lithium->@Inject::onChunkFull(Ljava/util/function/Supplier;Lorg/spongepowered/asm/mixin/injection/callback/CallbackInfo;)V doesn't use it's CallbackInfo
[15mai.2026 20:39:11.505] [pool-18-thread-1/DEBUG] [mixin/]: lithium.mixins.json:util.chunk_status_tracking.LevelChunkMixin from mod lithium->@Inject::onChunkFull(Ljava/util/function/Supplier;Lorg/spongepowered/asm/mixin/injection/callback/CallbackInfo;)V has 0 override(s) in child classes
[15mai.2026 20:39:11.505] [pool-18-thread-1/DEBUG] [mixin/]: lithium.mixins.json:util.chunk_status_tracking.LevelChunkMixin from mod lithium->@Inject::onChunkFull(Ljava/util/function/Supplier;Lorg/spongepowered/asm/mixin/injection/callback/CallbackInfo;)V won't be passed a CallbackInfo as a result
[15mai.2026 20:39:11.505] [pool-18-thread-1/DEBUG] [mixin/]: lithium.mixins.json:world.block_entity_ticking.sleeping.LevelChunkMixin from mod lithium->@Inject::setBlockEntityTickingOrder(Lnet/minecraft/world/level/block/entity/BlockEntity;Lnet/minecraft/world/level/block/entity/BlockEntityTicker;Lnet/minecraft/core/BlockPos;Lnet/minecraft/world/level/chunk/LevelChunk$RebindableTickingBlockEntityWrapper;Lorg/spongepowered/asm/mixin/injection/callback/CallbackInfoReturnable;)V doesn't use it's CallbackInfoReturnable
[15mai.2026 20:39:11.505] [pool-18-thread-1/DEBUG] [mixin/]: lithium.mixins.json:world.block_entity_ticking.sleeping.LevelChunkMixin from mod lithium->@Inject::setBlockEntityTickingOrder(Lnet/minecraft/world/level/block/entity/BlockEntity;Lnet/minecraft/world/level/block/entity/BlockEntityTicker;Lnet/minecraft/core/BlockPos;Lnet/minecraft/world/level/chunk/LevelChunk$RebindableTickingBlockEntityWrapper;Lorg/spongepowered/asm/mixin/injection/callback/CallbackInfoReturnable;)V has 0 override(s) in child classes
[15mai.2026 20:39:11.505] [pool-18-thread-1/DEBUG] [mixin/]: lithium.mixins.json:world.block_entity_ticking.sleeping.LevelChunkMixin from mod lithium->@Inject::setBlockEntityTickingOrder(Lnet/minecraft/world/level/block/entity/BlockEntity;Lnet/minecraft/world/level/block/entity/BlockEntityTicker;Lnet/minecraft/core/BlockPos;Lnet/minecraft/world/level/chunk/LevelChunk$RebindableTickingBlockEntityWrapper;Lorg/spongepowered/asm/mixin/injection/callback/CallbackInfoReturnable;)V won't be passed a CallbackInfoReturnable as a result
[15mai.2026 20:39:11.505] [pool-18-thread-1/DEBUG] [mixin/]: lithium.mixins.json:world.block_entity_ticking.sleeping.LevelChunkMixin from mod lithium->@Inject::setBlockEntityTickingOrder(Lnet/minecraft/world/level/block/entity/BlockEntity;Lnet/minecraft/world/level/block/entity/BlockEntityTicker;Lnet/minecraft/core/BlockPos;Lnet/minecraft/world/level/chunk/LevelChunk$RebindableTickingBlockEntityWrapper;Lorg/spongepowered/asm/mixin/injection/callback/CallbackInfoReturnable;)V doesn't use it's CallbackInfoReturnable
[15mai.2026 20:39:11.505] [pool-18-thread-1/DEBUG] [mixin/]: lithium.mixins.json:world.block_entity_ticking.sleeping.LevelChunkMixin from mod lithium->@Inject::setBlockEntityTickingOrder(Lnet/minecraft/world/level/block/entity/BlockEntity;Lnet/minecraft/world/level/block/entity/BlockEntityTicker;Lnet/minecraft/core/BlockPos;Lnet/minecraft/world/level/chunk/LevelChunk$RebindableTickingBlockEntityWrapper;Lorg/spongepowered/asm/mixin/injection/callback/CallbackInfoReturnable;)V has 0 override(s) in child classes
[15mai.2026 20:39:11.505] [pool-18-thread-1/DEBUG] [mixin/]: lithium.mixins.json:world.block_entity_ticking.sleeping.LevelChunkMixin from mod lithium->@Inject::setBlockEntityTickingOrder(Lnet/minecraft/world/level/block/entity/BlockEntity;Lnet/minecraft/world/level/block/entity/BlockEntityTicker;Lnet/minecraft/core/BlockPos;Lnet/minecraft/world/level/chunk/LevelChunk$RebindableTickingBlockEntityWrapper;Lorg/spongepowered/asm/mixin/injection/callback/CallbackInfoReturnable;)V won't be passed a CallbackInfoReturnable as a result
[15mai.2026 20:39:11.505] [pool-18-thread-1/DEBUG] [mixin/]: lithium.mixins.json:world.combined_heightmap_update.LevelChunkMixin from mod lithium->@Inject::updateHeightmapsCombined(Lnet/minecraft/core/BlockPos;Lnet/minecraft/world/level/block/state/BlockState;ILorg/spongepowered/asm/mixin/injection/callback/CallbackInfoReturnable;)V doesn't use it's CallbackInfoReturnable
[15mai.2026 20:39:11.505] [pool-18-thread-1/DEBUG] [mixin/]: lithium.mixins.json:world.combined_heightmap_update.LevelChunkMixin from mod lithium->@Inject::updateHeightmapsCombined(Lnet/minecraft/core/BlockPos;Lnet/minecraft/world/level/block/state/BlockState;ILorg/spongepowered/asm/mixin/injection/callback/CallbackInfoReturnable;)V has 0 override(s) in child classes
[15mai.2026 20:39:11.505] [pool-18-thread-1/DEBUG] [mixin/]: lithium.mixins.json:world.combined_heightmap_update.LevelChunkMixin from mod lithium->@Inject::updateHeightmapsCombined(Lnet/minecraft/core/BlockPos;Lnet/minecraft/world/level/block/state/BlockState;ILorg/spongepowered/asm/mixin/injection/callback/CallbackInfoReturnable;)V won't be passed a CallbackInfoReturnable as a result
[15mai.2026 20:39:11.505] [pool-18-thread-1/DEBUG] [mixin/]: lithium.mixins.json:world.game_events.dispatch.LevelChunkMixin from mod lithium->@Inject::initGameEventDispatchers(Lorg/spongepowered/asm/mixin/injection/callback/CallbackInfo;)V doesn't use it's CallbackInfo
[15mai.2026 20:39:11.505] [pool-18-thread-1/DEBUG] [mixin/]: lithium.mixins.json:world.game_events.dispatch.LevelChunkMixin from mod lithium->@Inject::initGameEventDispatchers(Lorg/spongepowered/asm/mixin/injection/callback/CallbackInfo;)V has 0 override(s) in child classes
[15mai.2026 20:39:11.505] [pool-18-thread-1/DEBUG] [mixin/]: lithium.mixins.json:world.game_events.dispatch.LevelChunkMixin from mod lithium->@Inject::initGameEventDispatchers(Lorg/spongepowered/asm/mixin/injection/callback/CallbackInfo;)V won't be passed a CallbackInfo as a result
[15mai.2026 20:39:11.505] [pool-18-thread-1/DEBUG] [mixin/]: lithium.mixins.json:world.game_events.dispatch.LevelChunkMixin from mod lithium->@Inject::removeGameEventDispatcher(ILorg/spongepowered/asm/mixin/injection/callback/CallbackInfo;)V doesn't use it's CallbackInfo
[15mai.2026 20:39:11.505] [pool-18-thread-1/DEBUG] [mixin/]: lithium.mixins.json:world.game_events.dispatch.LevelChunkMixin from mod lithium->@Inject::removeGameEventDispatcher(ILorg/spongepowered/asm/mixin/injection/callback/CallbackInfo;)V has 0 override(s) in child classes
[15mai.2026 20:39:11.505] [pool-18-thread-1/DEBUG] [mixin/]: lithium.mixins.json:world.game_events.dispatch.LevelChunkMixin from mod lithium->@Inject::removeGameEventDispatcher(ILorg/spongepowered/asm/mixin/injection/callback/CallbackInfo;)V won't be passed a CallbackInfo as a result
[15mai.2026 20:39:11.505] [pool-18-thread-1/DEBUG] [mixin/]: lithium.mixins.json:world.game_events.dispatch.LevelChunkMixin from mod lithium->@Inject::initializeCollection(Lorg/spongepowered/asm/mixin/injection/callback/CallbackInfoReturnable;)V doesn't use it's CallbackInfoReturnable
[15mai.2026 20:39:11.505] [pool-18-thread-1/DEBUG] [mixin/]: lithium.mixins.json:world.game_events.dispatch.LevelChunkMixin from mod lithium->@Inject::initializeCollection(Lorg/spongepowered/asm/mixin/injection/callback/CallbackInfoReturnable;)V has 0 override(s) in child classes
[15mai.2026 20:39:11.505] [pool-18-thread-1/DEBUG] [mixin/]: lithium.mixins.json:world.game_events.dispatch.LevelChunkMixin from mod lithium->@Inject::initializeCollection(Lorg/spongepowered/asm/mixin/injection/callback/CallbackInfoReturnable;)V won't be passed a CallbackInfoReturnable as a result
[15mai.2026 20:39:11.511] [pool-18-thread-1/DEBUG] [mixin/]: Mixing collections.mob_spawning.WeightedListMixin from lithium.mixins.json into net.minecraft.util.random.WeightedList
[15mai.2026 20:39:11.511] [pool-18-thread-1/DEBUG] [mixin/]: lithium.mixins.json:collections.mob_spawning.WeightedListMixin from mod lithium: Class version 69 required is higher than the class version supported by the current version of Mixin (JAVA_21 supports class version 65)
[15mai.2026 20:39:11.583] [pool-18-thread-1/DEBUG] [mixin/]: Mixing entity.collisions.block_effects.InsideBlockEffectApplier$StepBasedCollectorMixin from lithium.mixins.json into net.minecraft.world.entity.InsideBlockEffectApplier$StepBasedCollector
[15mai.2026 20:39:11.583] [pool-18-thread-1/DEBUG] [mixin/]: lithium.mixins.json:entity.collisions.block_effects.InsideBlockEffectApplier$StepBasedCollectorMixin from mod lithium: Class version 69 required is higher than the class version supported by the current version of Mixin (JAVA_21 supports class version 65)
[15mai.2026 20:39:11.584] [pool-18-thread-1/DEBUG] [mixin/]: Renaming synthetic method lambda$initAfterAndGet$0(Ljava/lang/Object;)Ljava/lang/Object; to md94a32b$lithium$lambda$initAfterAndGet$0$0 in lithium.mixins.json:entity.collisions.block_effects.InsideBlockEffectApplier$StepBasedCollectorMixin from mod lithium
[15mai.2026 20:39:11.584] [pool-18-thread-1/DEBUG] [mixin/]: Renaming synthetic method lambda$initBeforeAndGet$0(Ljava/lang/Object;)Ljava/lang/Object; to md94a32b$lithium$lambda$initBeforeAndGet$0$1 in lithium.mixins.json:entity.collisions.block_effects.InsideBlockEffectApplier$StepBasedCollectorMixin from mod lithium
[15mai.2026 20:39:11.586] [pool-18-thread-1/DEBUG] [mixin/]: lithium.mixins.json:entity.collisions.block_effects.InsideBlockEffectApplier$StepBasedCollectorMixin from mod lithium->@Inject::trySkip(Lorg/spongepowered/asm/mixin/injection/callback/CallbackInfo;)V does use it's CallbackInfo
[15mai.2026 20:39:11.587] [pool-18-thread-1/DEBUG] [mixin/]: lithium.mixins.json:entity.collisions.block_effects.InsideBlockEffectApplier$StepBasedCollectorMixin from mod lithium->@Inject::init(Lnet/minecraft/world/entity/InsideBlockEffectType;Lorg/spongepowered/asm/mixin/injection/callback/CallbackInfo;)V doesn't use it's CallbackInfo
[15mai.2026 20:39:11.587] [pool-18-thread-1/DEBUG] [mixin/]: lithium.mixins.json:entity.collisions.block_effects.InsideBlockEffectApplier$StepBasedCollectorMixin from mod lithium->@Inject::init(Lnet/minecraft/world/entity/InsideBlockEffectType;Lorg/spongepowered/asm/mixin/injection/callback/CallbackInfo;)V has 0 override(s) in child classes
[15mai.2026 20:39:11.587] [pool-18-thread-1/DEBUG] [mixin/]: lithium.mixins.json:entity.collisions.block_effects.InsideBlockEffectApplier$StepBasedCollectorMixin from mod lithium->@Inject::init(Lnet/minecraft/world/entity/InsideBlockEffectType;Lorg/spongepowered/asm/mixin/injection/callback/CallbackInfo;)V won't be passed a CallbackInfo as a result
[15mai.2026 20:39:11.590] [pool-18-thread-1/DEBUG] [mixin/]: Mixing collections.attributes.AttributeMapMixin from lithium.mixins.json into net.minecraft.world.entity.ai.attributes.AttributeMap
[15mai.2026 20:39:11.591] [pool-18-thread-1/DEBUG] [mixin/]: lithium.mixins.json:collections.attributes.AttributeMapMixin from mod lithium: Class version 69 required is higher than the class version supported by the current version of Mixin (JAVA_21 supports class version 65)
[15mai.2026 20:39:11.591] [pool-18-thread-1/DEBUG] [mixin/]: lithium.mixins.json:collections.attributes.AttributeMapMixin from mod lithium->@Inject::initCollections(Lnet/minecraft/world/entity/ai/attributes/AttributeSupplier;Lorg/spongepowered/asm/mixin/injection/callback/CallbackInfo;)V doesn't use it's CallbackInfo
[15mai.2026 20:39:11.591] [pool-18-thread-1/DEBUG] [mixin/]: lithium.mixins.json:collections.attributes.AttributeMapMixin from mod lithium->@Inject::initCollections(Lnet/minecraft/world/entity/ai/attributes/AttributeSupplier;Lorg/spongepowered/asm/mixin/injection/callback/CallbackInfo;)V has 0 override(s) in child classes
[15mai.2026 20:39:11.591] [pool-18-thread-1/DEBUG] [mixin/]: lithium.mixins.json:collections.attributes.AttributeMapMixin from mod lithium->@Inject::initCollections(Lnet/minecraft/world/entity/ai/attributes/AttributeSupplier;Lorg/spongepowered/asm/mixin/injection/callback/CallbackInfo;)V won't be passed a CallbackInfo as a result
[15mai.2026 20:39:11.594] [pool-18-thread-1/DEBUG] [mixin/]: Mixing ai.task.launch.BrainMixin from lithium.mixins.json into net.minecraft.world.entity.ai.Brain
[15mai.2026 20:39:11.595] [pool-18-thread-1/DEBUG] [mixin/]: lithium.mixins.json:ai.task.launch.BrainMixin from mod lithium: Class version 69 required is higher than the class version supported by the current version of Mixin (JAVA_21 supports class version 65)
[15mai.2026 20:39:11.595] [pool-18-thread-1/DEBUG] [mixin/]: Mixing ai.task.memory_changes.BrainMixin from lithium.mixins.json into net.minecraft.world.entity.ai.Brain
[15mai.2026 20:39:11.595] [pool-18-thread-1/DEBUG] [mixin/]: lithium.mixins.json:ai.task.memory_changes.BrainMixin from mod lithium: Class version 69 required is higher than the class version supported by the current version of Mixin (JAVA_21 supports class version 65)
[15mai.2026 20:39:11.597] [pool-18-thread-1/DEBUG] [mixin/]: Renaming synthetic method lambda$tickExpiringSlotsTrackingChanges$0(Lnet/minecraft/world/entity/ai/memory/MemorySlot;)V to md94a32b$lithium$lambda$tickExpiringSlotsTrackingChanges$0$0 in lithium.mixins.json:ai.task.memory_changes.BrainMixin from mod lithium
[15mai.2026 20:39:11.597] [pool-18-thread-1/DEBUG] [mixin/]: Mixing ai.useless_behaviors.BrainMixin from lithium.mixins.json into net.minecraft.world.entity.ai.Brain
[15mai.2026 20:39:11.597] [pool-18-thread-1/DEBUG] [mixin/]: lithium.mixins.json:ai.useless_behaviors.BrainMixin from mod lithium: Class version 69 required is higher than the class version supported by the current version of Mixin (JAVA_21 supports class version 65)
[15mai.2026 20:39:11.597] [pool-18-thread-1/DEBUG] [mixin/]: Mixing ai.useless_sensors.BrainAccessor from lithium.mixins.json into net.minecraft.world.entity.ai.Brain
[15mai.2026 20:39:11.597] [pool-18-thread-1/DEBUG] [mixin/]: lithium.mixins.json:ai.useless_sensors.BrainAccessor from mod lithium: Class version 69 required is higher than the class version supported by the current version of Mixin (JAVA_21 supports class version 65)
[15mai.2026 20:39:11.597] [pool-18-thread-1/DEBUG] [mixin/]: Mixing collections.brain.BrainMixin from lithium.mixins.json into net.minecraft.world.entity.ai.Brain
[15mai.2026 20:39:11.597] [pool-18-thread-1/DEBUG] [mixin/]: lithium.mixins.json:collections.brain.BrainMixin from mod lithium: Class version 69 required is higher than the class version supported by the current version of Mixin (JAVA_21 supports class version 65)
[15mai.2026 20:39:11.603] [pool-18-thread-1/DEBUG] [mixin/]: lithium.mixins.json:ai.task.launch.BrainMixin from mod lithium->@Inject::reinitializeBrainCollections(Ljava/util/Collection;Ljava/util/Collection;Ljava/util/List;Lnet/minecraft/world/entity/ai/memory/MemoryMap;Lnet/minecraft/util/RandomSource;Lorg/spongepowered/asm/mixin/injection/callback/CallbackInfo;)V doesn't use it's CallbackInfo
[15mai.2026 20:39:11.603] [pool-18-thread-1/DEBUG] [mixin/]: lithium.mixins.json:ai.task.launch.BrainMixin from mod lithium->@Inject::reinitializeBrainCollections(Ljava/util/Collection;Ljava/util/Collection;Ljava/util/List;Lnet/minecraft/world/entity/ai/memory/MemoryMap;Lnet/minecraft/util/RandomSource;Lorg/spongepowered/asm/mixin/injection/callback/CallbackInfo;)V has 0 override(s) in child classes
[15mai.2026 20:39:11.603] [pool-18-thread-1/DEBUG] [mixin/]: lithium.mixins.json:ai.task.launch.BrainMixin from mod lithium->@Inject::reinitializeBrainCollections(Ljava/util/Collection;Ljava/util/Collection;Ljava/util/List;Lnet/minecraft/world/entity/ai/memory/MemoryMap;Lnet/minecraft/util/RandomSource;Lorg/spongepowered/asm/mixin/injection/callback/CallbackInfo;)V won't be passed a CallbackInfo as a result
[15mai.2026 20:39:11.603] [pool-18-thread-1/DEBUG] [mixin/]: lithium.mixins.json:ai.task.launch.BrainMixin from mod lithium->@Inject::reinitializeTasksSorted(Lnet/minecraft/world/entity/schedule/Activity;Lcom/google/common/collect/ImmutableList;Ljava/util/Set;Ljava/util/Set;Lorg/spongepowered/asm/mixin/injection/callback/CallbackInfo;)V doesn't use it's CallbackInfo
[15mai.2026 20:39:11.603] [pool-18-thread-1/DEBUG] [mixin/]: lithium.mixins.json:ai.task.launch.BrainMixin from mod lithium->@Inject::reinitializeTasksSorted(Lnet/minecraft/world/entity/schedule/Activity;Lcom/google/common/collect/ImmutableList;Ljava/util/Set;Ljava/util/Set;Lorg/spongepowered/asm/mixin/injection/callback/CallbackInfo;)V has 0 override(s) in child classes
[15mai.2026 20:39:11.603] [pool-18-thread-1/DEBUG] [mixin/]: lithium.mixins.json:ai.task.launch.BrainMixin from mod lithium->@Inject::reinitializeTasksSorted(Lnet/minecraft/world/entity/schedule/Activity;Lcom/google/common/collect/ImmutableList;Ljava/util/Set;Ljava/util/Set;Lorg/spongepowered/asm/mixin/injection/callback/CallbackInfo;)V won't be passed a CallbackInfo as a result
[15mai.2026 20:39:11.603] [pool-18-thread-1/DEBUG] [mixin/]: lithium.mixins.json:ai.task.launch.BrainMixin from mod lithium->@Inject::reinitializeTasksSorted(Lorg/spongepowered/asm/mixin/injection/callback/CallbackInfo;)V doesn't use it's CallbackInfo
[15mai.2026 20:39:11.603] [pool-18-thread-1/DEBUG] [mixin/]: lithium.mixins.json:ai.task.launch.BrainMixin from mod lithium->@Inject::reinitializeTasksSorted(Lorg/spongepowered/asm/mixin/injection/callback/CallbackInfo;)V has 0 override(s) in child classes
[15mai.2026 20:39:11.603] [pool-18-thread-1/DEBUG] [mixin/]: lithium.mixins.json:ai.task.launch.BrainMixin from mod lithium->@Inject::reinitializeTasksSorted(Lorg/spongepowered/asm/mixin/injection/callback/CallbackInfo;)V won't be passed a CallbackInfo as a result
[15mai.2026 20:39:11.603] [pool-18-thread-1/DEBUG] [mixin/]: lithium.mixins.json:ai.task.launch.BrainMixin from mod lithium->@Inject::onPossibleActivitiesChanged(Lnet/minecraft/world/entity/schedule/Activity;Lorg/spongepowered/asm/mixin/injection/callback/CallbackInfo;)V doesn't use it's CallbackInfo
[15mai.2026 20:39:11.603] [pool-18-thread-1/DEBUG] [mixin/]: lithium.mixins.json:ai.task.launch.BrainMixin from mod lithium->@Inject::onPossibleActivitiesChanged(Lnet/minecraft/world/entity/schedule/Activity;Lorg/spongepowered/asm/mixin/injection/callback/CallbackInfo;)V has 0 override(s) in child classes
[15mai.2026 20:39:11.603] [pool-18-thread-1/DEBUG] [mixin/]: lithium.mixins.json:ai.task.launch.BrainMixin from mod lithium->@Inject::onPossibleActivitiesChanged(Lnet/minecraft/world/entity/schedule/Activity;Lorg/spongepowered/asm/mixin/injection/callback/CallbackInfo;)V won't be passed a CallbackInfo as a result
[15mai.2026 20:39:11.603] [pool-18-thread-1/DEBUG] [mixin/]: lithium.mixins.json:ai.task.launch.BrainMixin from mod lithium->@Inject::removeStoppedTask(Lnet/minecraft/server/level/ServerLevel;Lnet/minecraft/world/entity/LivingEntity;Lorg/spongepowered/asm/mixin/injection/callback/CallbackInfo;JLjava/util/Iterator;Lnet/minecraft/world/entity/ai/behavior/BehaviorControl;)V doesn't use it's CallbackInfo
[15mai.2026 20:39:11.603] [pool-18-thread-1/DEBUG] [mixin/]: lithium.mixins.json:ai.task.launch.BrainMixin from mod lithium->@Inject::removeStoppedTask(Lnet/minecraft/server/level/ServerLevel;Lnet/minecraft/world/entity/LivingEntity;Lorg/spongepowered/asm/mixin/injection/callback/CallbackInfo;JLjava/util/Iterator;Lnet/minecraft/world/entity/ai/behavior/BehaviorControl;)V has 0 override(s) in child classes
[15mai.2026 20:39:11.603] [pool-18-thread-1/DEBUG] [mixin/]: lithium.mixins.json:ai.task.launch.BrainMixin from mod lithium->@Inject::removeStoppedTask(Lnet/minecraft/server/level/ServerLevel;Lnet/minecraft/world/entity/LivingEntity;Lorg/spongepowered/asm/mixin/injection/callback/CallbackInfo;JLjava/util/Iterator;Lnet/minecraft/world/entity/ai/behavior/BehaviorControl;)V won't be passed a CallbackInfo as a result
[15mai.2026 20:39:11.603] [pool-18-thread-1/DEBUG] [mixin/]: lithium.mixins.json:ai.task.launch.BrainMixin from mod lithium->@Inject::removeTaskIfStopped(Lnet/minecraft/server/level/ServerLevel;Lnet/minecraft/world/entity/LivingEntity;Lorg/spongepowered/asm/mixin/injection/callback/CallbackInfo;JLjava/util/Iterator;Lnet/minecraft/world/entity/ai/behavior/BehaviorControl;)V doesn't use it's CallbackInfo
[15mai.2026 20:39:11.603] [pool-18-thread-1/DEBUG] [mixin/]: lithium.mixins.json:ai.task.launch.BrainMixin from mod lithium->@Inject::removeTaskIfStopped(Lnet/minecraft/server/level/ServerLevel;Lnet/minecraft/world/entity/LivingEntity;Lorg/spongepowered/asm/mixin/injection/callback/CallbackInfo;JLjava/util/Iterator;Lnet/minecraft/world/entity/ai/behavior/BehaviorControl;)V has 0 override(s) in child classes
[15mai.2026 20:39:11.603] [pool-18-thread-1/DEBUG] [mixin/]: lithium.mixins.json:ai.task.launch.BrainMixin from mod lithium->@Inject::removeTaskIfStopped(Lnet/minecraft/server/level/ServerLevel;Lnet/minecraft/world/entity/LivingEntity;Lorg/spongepowered/asm/mixin/injection/callback/CallbackInfo;JLjava/util/Iterator;Lnet/minecraft/world/entity/ai/behavior/BehaviorControl;)V won't be passed a CallbackInfo as a result
[15mai.2026 20:39:11.603] [pool-18-thread-1/DEBUG] [mixin/]: lithium.mixins.json:ai.task.memory_changes.BrainMixin from mod lithium->@Inject::increaseMemoryModCount(Lorg/spongepowered/asm/mixin/injection/callback/CallbackInfo;)V doesn't use it's CallbackInfo
[15mai.2026 20:39:11.603] [pool-18-thread-1/DEBUG] [mixin/]: lithium.mixins.json:ai.task.memory_changes.BrainMixin from mod lithium->@Inject::increaseMemoryModCount(Lorg/spongepowered/asm/mixin/injection/callback/CallbackInfo;)V has 0 override(s) in child classes
[15mai.2026 20:39:11.603] [pool-18-thread-1/DEBUG] [mixin/]: lithium.mixins.json:ai.task.memory_changes.BrainMixin from mod lithium->@Inject::increaseMemoryModCount(Lorg/spongepowered/asm/mixin/injection/callback/CallbackInfo;)V won't be passed a CallbackInfo as a result
[15mai.2026 20:39:11.603] [pool-18-thread-1/DEBUG] [mixin/]: lithium.mixins.json:ai.task.memory_changes.BrainMixin from mod lithium->@Inject::increaseMemoryModCount(Lorg/spongepowered/asm/mixin/injection/callback/CallbackInfo;)V doesn't use it's CallbackInfo
[15mai.2026 20:39:11.603] [pool-18-thread-1/DEBUG] [mixin/]: lithium.mixins.json:ai.task.memory_changes.BrainMixin from mod lithium->@Inject::increaseMemoryModCount(Lorg/spongepowered/asm/mixin/injection/callback/CallbackInfo;)V has 0 override(s) in child classes
[15mai.2026 20:39:11.603] [pool-18-thread-1/DEBUG] [mixin/]: lithium.mixins.json:ai.task.memory_changes.BrainMixin from mod lithium->@Inject::increaseMemoryModCount(Lorg/spongepowered/asm/mixin/injection/callback/CallbackInfo;)V won't be passed a CallbackInfo as a result
[15mai.2026 20:39:11.604] [pool-18-thread-1/DEBUG] [mixin/]: lithium.mixins.json:ai.task.memory_changes.BrainMixin from mod lithium->@Inject::increaseMemoryModCount(Lnet/minecraft/world/entity/ai/memory/MemoryModuleType;Lorg/spongepowered/asm/mixin/injection/callback/CallbackInfo;)V doesn't use it's CallbackInfo
[15mai.2026 20:39:11.604] [pool-18-thread-1/DEBUG] [mixin/]: lithium.mixins.json:ai.task.memory_changes.BrainMixin from mod lithium->@Inject::increaseMemoryModCount(Lnet/minecraft/world/entity/ai/memory/MemoryModuleType;Lorg/spongepowered/asm/mixin/injection/callback/CallbackInfo;)V has 0 override(s) in child classes
[15mai.2026 20:39:11.604] [pool-18-thread-1/DEBUG] [mixin/]: lithium.mixins.json:ai.task.memory_changes.BrainMixin from mod lithium->@Inject::increaseMemoryModCount(Lnet/minecraft/world/entity/ai/memory/MemoryModuleType;Lorg/spongepowered/asm/mixin/injection/callback/CallbackInfo;)V won't be passed a CallbackInfo as a result
[15mai.2026 20:39:11.604] [pool-18-thread-1/DEBUG] [mixin/]: lithium.mixins.json:collections.brain.BrainMixin from mod lithium->@Inject::reinitializeBrainCollections(Lorg/spongepowered/asm/mixin/injection/callback/CallbackInfo;)V doesn't use it's CallbackInfo
[15mai.2026 20:39:11.604] [pool-18-thread-1/DEBUG] [mixin/]: lithium.mixins.json:collections.brain.BrainMixin from mod lithium->@Inject::reinitializeBrainCollections(Lorg/spongepowered/asm/mixin/injection/callback/CallbackInfo;)V has 0 override(s) in child classes
[15mai.2026 20:39:11.604] [pool-18-thread-1/DEBUG] [mixin/]: lithium.mixins.json:collections.brain.BrainMixin from mod lithium->@Inject::reinitializeBrainCollections(Lorg/spongepowered/asm/mixin/injection/callback/CallbackInfo;)V won't be passed a CallbackInfo as a result
[15mai.2026 20:39:11.608] [pool-18-thread-1/DEBUG] [mixin/]: Mixing entity.equipment_tracking.EntityEquipmentMixin from lithium.mixins.json into net.minecraft.world.entity.EntityEquipment
[15mai.2026 20:39:11.608] [pool-18-thread-1/DEBUG] [mixin/]: lithium.mixins.json:entity.equipment_tracking.EntityEquipmentMixin from mod lithium: Class version 69 required is higher than the class version supported by the current version of Mixin (JAVA_21 supports class version 65)
[15mai.2026 20:39:11.611] [pool-18-thread-1/DEBUG] [mixin/]: lithium.mixins.json:entity.equipment_tracking.EntityEquipmentMixin from mod lithium->@Inject::updateBeforeSetAll(Lnet/minecraft/world/entity/EntityEquipment;Lorg/spongepowered/asm/mixin/injection/callback/CallbackInfo;)V doesn't use it's CallbackInfo
[15mai.2026 20:39:11.611] [pool-18-thread-1/DEBUG] [mixin/]: lithium.mixins.json:entity.equipment_tracking.EntityEquipmentMixin from mod lithium->@Inject::updateBeforeSetAll(Lnet/minecraft/world/entity/EntityEquipment;Lorg/spongepowered/asm/mixin/injection/callback/CallbackInfo;)V has 0 override(s) in child classes
[15mai.2026 20:39:11.611] [pool-18-thread-1/DEBUG] [mixin/]: lithium.mixins.json:entity.equipment_tracking.EntityEquipmentMixin from mod lithium->@Inject::updateBeforeSetAll(Lnet/minecraft/world/entity/EntityEquipment;Lorg/spongepowered/asm/mixin/injection/callback/CallbackInfo;)V won't be passed a CallbackInfo as a result
[15mai.2026 20:39:11.611] [pool-18-thread-1/DEBUG] [mixin/]: lithium.mixins.json:entity.equipment_tracking.EntityEquipmentMixin from mod lithium->@Inject::updateAfterSetAll(Lnet/minecraft/world/entity/EntityEquipment;Lorg/spongepowered/asm/mixin/injection/callback/CallbackInfo;)V doesn't use it's CallbackInfo
[15mai.2026 20:39:11.611] [pool-18-thread-1/DEBUG] [mixin/]: lithium.mixins.json:entity.equipment_tracking.EntityEquipmentMixin from mod lithium->@Inject::updateAfterSetAll(Lnet/minecraft/world/entity/EntityEquipment;Lorg/spongepowered/asm/mixin/injection/callback/CallbackInfo;)V has 0 override(s) in child classes
[15mai.2026 20:39:11.611] [pool-18-thread-1/DEBUG] [mixin/]: lithium.mixins.json:entity.equipment_tracking.EntityEquipmentMixin from mod lithium->@Inject::updateAfterSetAll(Lnet/minecraft/world/entity/EntityEquipment;Lorg/spongepowered/asm/mixin/injection/callback/CallbackInfo;)V won't be passed a CallbackInfo as a result
[15mai.2026 20:39:11.611] [pool-18-thread-1/DEBUG] [mixin/]: lithium.mixins.json:entity.equipment_tracking.EntityEquipmentMixin from mod lithium->@Inject::updateOnClear(Lorg/spongepowered/asm/mixin/injection/callback/CallbackInfo;)V doesn't use it's CallbackInfo
[15mai.2026 20:39:11.611] [pool-18-thread-1/DEBUG] [mixin/]: lithium.mixins.json:entity.equipment_tracking.EntityEquipmentMixin from mod lithium->@Inject::updateOnClear(Lorg/spongepowered/asm/mixin/injection/callback/CallbackInfo;)V has 0 override(s) in child classes
[15mai.2026 20:39:11.611] [pool-18-thread-1/DEBUG] [mixin/]: lithium.mixins.json:entity.equipment_tracking.EntityEquipmentMixin from mod lithium->@Inject::updateOnClear(Lorg/spongepowered/asm/mixin/injection/callback/CallbackInfo;)V won't be passed a CallbackInfo as a result
[15mai.2026 20:39:11.749] [pool-18-thread-1/DEBUG] [mixin/]: Mixing RegistryOpsAccessor from lambdynlights.mixins.json into net.minecraft.resources.RegistryOps
[15mai.2026 20:39:12.095] [pool-18-thread-1/DEBUG] [mixin/]: Mixing world.combined_heightmap_update.HeightmapAccessor from lithium.mixins.json into net.minecraft.world.level.levelgen.Heightmap
[15mai.2026 20:39:12.095] [pool-18-thread-1/DEBUG] [mixin/]: lithium.mixins.json:world.combined_heightmap_update.HeightmapAccessor from mod lithium: Class version 69 required is higher than the class version supported by the current version of Mixin (JAVA_21 supports class version 65)
[15mai.2026 20:39:12.108] [pool-18-thread-1/DEBUG] [mixin/]: Mixing InventoryMixin from palladium.mixins.json into net.minecraft.world.entity.player.Inventory
[15mai.2026 20:39:12.109] [pool-18-thread-1/DEBUG] [mixin/]: palladium.mixins.json:InventoryMixin from mod palladium->@Inject::getFreeSlot(Lorg/spongepowered/asm/mixin/injection/callback/CallbackInfoReturnable;)V does use it's CallbackInfoReturnable
[15mai.2026 20:39:12.109] [pool-18-thread-1/DEBUG] [mixin/]: palladium.mixins.json:InventoryMixin from mod palladium->@Inject::getFreeSlot(Lorg/spongepowered/asm/mixin/injection/callback/CallbackInfoReturnable;)V does use it's CallbackInfoReturnable
[15mai.2026 20:39:12.109] [pool-18-thread-1/DEBUG] [mixin/]: palladium.mixins.json:InventoryMixin from mod palladium->@Inject::getSlotWithRemainingSpace(Lnet/minecraft/world/item/ItemStack;Lorg/spongepowered/asm/mixin/injection/callback/CallbackInfoReturnable;)V does use it's CallbackInfoReturnable
[15mai.2026 20:39:12.110] [pool-18-thread-1/DEBUG] [mixin/]: palladium.mixins.json:InventoryMixin from mod palladium->@Inject::getSlotWithRemainingSpace(Lnet/minecraft/world/item/ItemStack;Lorg/spongepowered/asm/mixin/injection/callback/CallbackInfoReturnable;)V does use it's CallbackInfoReturnable
[15mai.2026 20:39:12.110] [pool-18-thread-1/DEBUG] [mixin/]: palladium.mixins.json:InventoryMixin from mod palladium->@Inject::getSlotWithRemainingSpace(Lnet/minecraft/world/item/ItemStack;Lorg/spongepowered/asm/mixin/injection/callback/CallbackInfoReturnable;)V does use it's CallbackInfoReturnable
[15mai.2026 20:39:12.110] [pool-18-thread-1/DEBUG] [mixin/]: palladium.mixins.json:InventoryMixin from mod palladium->@Inject::getSlotWithRemainingSpace(Lnet/minecraft/world/item/ItemStack;Lorg/spongepowered/asm/mixin/injection/callback/CallbackInfoReturnable;)V does use it's CallbackInfoReturnable
[15mai.2026 20:39:12.203] [pool-18-thread-1/DEBUG] [mixin/]: Mixing ai.useless_sensors.SensorAccessor from lithium.mixins.json into net.minecraft.world.entity.ai.sensing.Sensor
[15mai.2026 20:39:12.203] [pool-18-thread-1/DEBUG] [mixin/]: lithium.mixins.json:ai.useless_sensors.SensorAccessor from mod lithium: Class version 69 required is higher than the class version supported by the current version of Mixin (JAVA_21 supports class version 65)
[15mai.2026 20:39:12.208] [pool-18-thread-1/DEBUG] [mixin/]: Mixing ai.sensor.secondary_poi.SecondaryPoiSensorMixin from lithium.mixins.json into net.minecraft.world.entity.ai.sensing.SecondaryPoiSensor
[15mai.2026 20:39:12.208] [pool-18-thread-1/DEBUG] [mixin/]: lithium.mixins.json:ai.sensor.secondary_poi.SecondaryPoiSensorMixin from mod lithium: Class version 69 required is higher than the class version supported by the current version of Mixin (JAVA_21 supports class version 65)
[15mai.2026 20:39:12.209] [pool-18-thread-1/DEBUG] [mixin/]: lithium.mixins.json:ai.sensor.secondary_poi.SecondaryPoiSensorMixin from mod lithium->@Inject::skipUselessSense(Lnet/minecraft/server/level/ServerLevel;Lnet/minecraft/world/entity/npc/villager/Villager;Lorg/spongepowered/asm/mixin/injection/callback/CallbackInfo;)V does use it's CallbackInfo
[15mai.2026 20:39:12.210] [pool-18-thread-1/DEBUG] [mixin/]: Mixing ai.non_poi_block_search.PiglinSpecificSensorMixin from lithium.mixins.json into net.minecraft.world.entity.ai.sensing.PiglinSpecificSensor
[15mai.2026 20:39:12.210] [pool-18-thread-1/DEBUG] [mixin/]: lithium.mixins.json:ai.non_poi_block_search.PiglinSpecificSensorMixin from mod lithium: Class version 69 required is higher than the class version supported by the current version of Mixin (JAVA_21 supports class version 65)
[15mai.2026 20:39:12.212] [pool-18-thread-1/DEBUG] [mixin/]: Mixing ai.non_poi_block_search.HoglinSpecificSensorMixin from lithium.mixins.json into net.minecraft.world.entity.ai.sensing.HoglinSpecificSensor
[15mai.2026 20:39:12.212] [pool-18-thread-1/DEBUG] [mixin/]: lithium.mixins.json:ai.non_poi_block_search.HoglinSpecificSensorMixin from mod lithium: Class version 69 required is higher than the class version supported by the current version of Mixin (JAVA_21 supports class version 65)
[15mai.2026 20:39:12.214] [pool-18-thread-1/DEBUG] [mixin/]: Mixing ai.sensor.replace_streams.tempting.TemptingSensorMixin from lithium.mixins.json into net.minecraft.world.entity.ai.sensing.TemptingSensor
[15mai.2026 20:39:12.214] [pool-18-thread-1/DEBUG] [mixin/]: lithium.mixins.json:ai.sensor.replace_streams.tempting.TemptingSensorMixin from mod lithium: Class version 69 required is higher than the class version supported by the current version of Mixin (JAVA_21 supports class version 65)
[15mai.2026 20:39:12.215] [pool-18-thread-1/DEBUG] [mixin/]: Mixing minimal_nonvanilla.ai.sensor.frog_attackables.FrogAttackablesSensorMixin from lithium.mixins.json into net.minecraft.world.entity.ai.sensing.FrogAttackablesSensor
[15mai.2026 20:39:12.215] [pool-18-thread-1/DEBUG] [mixin/]: lithium.mixins.json:minimal_nonvanilla.ai.sensor.frog_attackables.FrogAttackablesSensorMixin from mod lithium: Class version 69 required is higher than the class version supported by the current version of Mixin (JAVA_21 supports class version 65)
[15mai.2026 20:39:12.382] [pool-18-thread-1/DEBUG] [mixin/]: Mixing bugfix.chunk_deadlock.ChunkMapLoadMixin from modernfix-modernfix.mixins.json into net.minecraft.world.level.chunk.status.ChunkStatusTasks
[15mai.2026 20:39:12.382] [pool-18-thread-1/DEBUG] [mixin/]: modernfix-modernfix.mixins.json:bugfix.chunk_deadlock.ChunkMapLoadMixin from mod modernfix: Class version 69 required is higher than the class version supported by the current version of Mixin (JAVA_21 supports class version 65)
[15mai.2026 20:39:12.382] [pool-18-thread-1/DEBUG] [mixin/]: Renaming synthetic method lambda$createSurrogateFuture$2(Ljava/util/concurrent/CompletableFuture;Lnet/minecraft/server/level/ServerChunkCache$MainThreadExecutor;Lnet/minecraft/world/level/chunk/ChunkAccess;Ljava/lang/Throwable;)V to md94a32b$modernfix$lambda$createSurrogateFuture$2$0 in modernfix-modernfix.mixins.json:bugfix.chunk_deadlock.ChunkMapLoadMixin from mod modernfix
[15mai.2026 20:39:12.382] [pool-18-thread-1/DEBUG] [mixin/]: Renaming synthetic method lambda$createSurrogateFuture$3(Lnet/minecraft/ReportedException;)V to md94a32b$modernfix$lambda$createSurrogateFuture$3$1 in modernfix-modernfix.mixins.json:bugfix.chunk_deadlock.ChunkMapLoadMixin from mod modernfix
[15mai.2026 20:39:12.382] [pool-18-thread-1/DEBUG] [mixin/]: Renaming synthetic method lambda$createSurrogateFuture$1(Ljava/util/concurrent/CompletableFuture;Ljava/util/function/Supplier;Ljava/lang/Void;)Lnet/minecraft/world/level/chunk/ChunkAccess; to md94a32b$modernfix$lambda$createSurrogateFuture$1$2 in modernfix-modernfix.mixins.json:bugfix.chunk_deadlock.ChunkMapLoadMixin from mod modernfix
[15mai.2026 20:39:12.382] [pool-18-thread-1/DEBUG] [mixin/]: Renaming synthetic method lambda$createSurrogateFuture$0()V to md94a32b$modernfix$lambda$createSurrogateFuture$0$3 in modernfix-modernfix.mixins.json:bugfix.chunk_deadlock.ChunkMapLoadMixin from mod modernfix
[15mai.2026 20:39:12.385] [pool-18-thread-1/DEBUG] [mixin/]: modernfix-modernfix.mixins.json:bugfix.chunk_deadlock.ChunkMapLoadMixin from mod modernfix->@Inject::completeSurrogateFuture(Lorg/spongepowered/asm/mixin/injection/callback/CallbackInfoReturnable;)V doesn't use it's CallbackInfoReturnable
[15mai.2026 20:39:12.470] [pool-18-thread-1/DEBUG] [mixin/]: Mixing perf.dynamic_structure_manager.StructureManagerMixin from modernfix-modernfix.mixins.json into net.minecraft.world.level.levelgen.structure.templatesystem.StructureTemplateManager
[15mai.2026 20:39:12.471] [pool-18-thread-1/DEBUG] [mixin/]: modernfix-modernfix.mixins.json:perf.dynamic_structure_manager.StructureManagerMixin from mod modernfix: Class version 69 required is higher than the class version supported by the current version of Mixin (JAVA_21 supports class version 65)
[15mai.2026 20:39:12.471] [pool-18-thread-1/DEBUG] [mixin/]: modernfix-modernfix.mixins.json:perf.dynamic_structure_manager.StructureManagerMixin from mod modernfix->@Inject::makeStructuresSafe(Lnet/minecraft/server/packs/resources/ResourceManager;Lnet/minecraft/world/level/storage/LevelStorageSource$LevelStorageAccess;Lcom/mojang/datafixers/DataFixer;Lnet/minecraft/core/HolderGetter;Lorg/spongepowered/asm/mixin/injection/callback/CallbackInfo;)V doesn't use it's CallbackInfo
[15mai.2026 20:39:12.471] [pool-18-thread-1/DEBUG] [mixin/]: modernfix-modernfix.mixins.json:perf.dynamic_structure_manager.StructureManagerMixin from mod modernfix->@Inject::makeStructuresSafe(Lnet/minecraft/server/packs/resources/ResourceManager;Lnet/minecraft/world/level/storage/LevelStorageSource$LevelStorageAccess;Lcom/mojang/datafixers/DataFixer;Lnet/minecraft/core/HolderGetter;Lorg/spongepowered/asm/mixin/injection/callback/CallbackInfo;)V has 0 override(s) in child classes
[15mai.2026 20:39:12.471] [pool-18-thread-1/DEBUG] [mixin/]: modernfix-modernfix.mixins.json:perf.dynamic_structure_manager.StructureManagerMixin from mod modernfix->@Inject::makeStructuresSafe(Lnet/minecraft/server/packs/resources/ResourceManager;Lnet/minecraft/world/level/storage/LevelStorageSource$LevelStorageAccess;Lcom/mojang/datafixers/DataFixer;Lnet/minecraft/core/HolderGetter;Lorg/spongepowered/asm/mixin/injection/callback/CallbackInfo;)V won't be passed a CallbackInfo as a result
[15mai.2026 20:39:12.485] [pool-18-thread-1/DEBUG] [mixin/]: Mixing collections.mob_spawning.MobSpawnSettingsMixin from lithium.mixins.json into net.minecraft.world.level.biome.MobSpawnSettings
[15mai.2026 20:39:12.486] [pool-18-thread-1/DEBUG] [mixin/]: lithium.mixins.json:collections.mob_spawning.MobSpawnSettingsMixin from mod lithium: Class version 69 required is higher than the class version supported by the current version of Mixin (JAVA_21 supports class version 65)
[15mai.2026 20:39:12.486] [pool-18-thread-1/DEBUG] [mixin/]: lithium.mixins.json:collections.mob_spawning.MobSpawnSettingsMixin from mod lithium->@Inject::reinit(FLjava/util/Map;Ljava/util/Map;Lorg/spongepowered/asm/mixin/injection/callback/CallbackInfo;)V doesn't use it's CallbackInfo
[15mai.2026 20:39:12.486] [pool-18-thread-1/DEBUG] [mixin/]: lithium.mixins.json:collections.mob_spawning.MobSpawnSettingsMixin from mod lithium->@Inject::reinit(FLjava/util/Map;Ljava/util/Map;Lorg/spongepowered/asm/mixin/injection/callback/CallbackInfo;)V has 0 override(s) in child classes
[15mai.2026 20:39:12.486] [pool-18-thread-1/DEBUG] [mixin/]: lithium.mixins.json:collections.mob_spawning.MobSpawnSettingsMixin from mod lithium->@Inject::reinit(FLjava/util/Map;Ljava/util/Map;Lorg/spongepowered/asm/mixin/injection/callback/CallbackInfo;)V won't be passed a CallbackInfo as a result
[15mai.2026 20:39:12.537] [pool-18-thread-1/DEBUG] [mixin/]: Mixing MixinBiomeSource from terrablender.mixins.json into net.minecraft.world.level.biome.BiomeSource
[15mai.2026 20:39:12.537] [pool-18-thread-1/DEBUG] [mixin/]: terrablender.mixins.json:MixinBiomeSource from mod terrablender: Class version 69 required is higher than the class version supported by the current version of Mixin (JAVA_17 supports class version 61)
[15mai.2026 20:39:12.537] [pool-18-thread-1/DEBUG] [mixin/]: Renaming synthetic method lambda$appendDeferredBiomesList$0(Ljava/util/List;)Ljava/util/Set; to md94a32b$terrablender$lambda$appendDeferredBiomesList$0$0 in terrablender.mixins.json:MixinBiomeSource from mod terrablender
[15mai.2026 20:39:12.557] [pool-18-thread-1/DEBUG] [mixin/]: Mixing MixinMultiNoiseBiomeSource from terrablender.mixins.json into net.minecraft.world.level.biome.MultiNoiseBiomeSource
[15mai.2026 20:39:12.557] [pool-18-thread-1/DEBUG] [mixin/]: terrablender.mixins.json:MixinMultiNoiseBiomeSource from mod terrablender: Class version 69 required is higher than the class version supported by the current version of Mixin (JAVA_17 supports class version 61)
[15mai.2026 20:39:12.558] [pool-18-thread-1/DEBUG] [mixin/]: Mixing MultiNoiseBiomeSourceAccess from terrablender.mixins.json into net.minecraft.world.level.biome.MultiNoiseBiomeSource
[15mai.2026 20:39:12.558] [pool-18-thread-1/DEBUG] [mixin/]: terrablender.mixins.json:MultiNoiseBiomeSourceAccess from mod terrablender: Class version 69 required is higher than the class version supported by the current version of Mixin (JAVA_17 supports class version 61)
[15mai.2026 20:39:12.558] [pool-18-thread-1/DEBUG] [mixin/]: terrablender.mixins.json:MixinMultiNoiseBiomeSource from mod terrablender->@Inject::getNoiseBiome(IIILnet/minecraft/world/level/biome/Climate$Sampler;Lorg/spongepowered/asm/mixin/injection/callback/CallbackInfoReturnable;)V does use it's CallbackInfoReturnable
[15mai.2026 20:39:12.558] [pool-18-thread-1/DEBUG] [mixin/]: terrablender.mixins.json:MixinMultiNoiseBiomeSource from mod terrablender->@Inject::addDebugInfo(Ljava/util/List;Lnet/minecraft/core/BlockPos;Lnet/minecraft/world/level/biome/Climate$Sampler;Lorg/spongepowered/asm/mixin/injection/callback/CallbackInfo;)V doesn't use it's CallbackInfo
[15mai.2026 20:39:12.558] [pool-18-thread-1/DEBUG] [mixin/]: terrablender.mixins.json:MixinMultiNoiseBiomeSource from mod terrablender->@Inject::addDebugInfo(Ljava/util/List;Lnet/minecraft/core/BlockPos;Lnet/minecraft/world/level/biome/Climate$Sampler;Lorg/spongepowered/asm/mixin/injection/callback/CallbackInfo;)V has 0 override(s) in child classes
[15mai.2026 20:39:12.558] [pool-18-thread-1/DEBUG] [mixin/]: terrablender.mixins.json:MixinMultiNoiseBiomeSource from mod terrablender->@Inject::addDebugInfo(Ljava/util/List;Lnet/minecraft/core/BlockPos;Lnet/minecraft/world/level/biome/Climate$Sampler;Lorg/spongepowered/asm/mixin/injection/callback/CallbackInfo;)V won't be passed a CallbackInfo as a result
[15mai.2026 20:39:12.559] [pool-18-thread-1/DEBUG] [mixin/]: Mixing MixinParameterList from terrablender.mixins.json into net.minecraft.world.level.biome.Climate$ParameterList
[15mai.2026 20:39:12.560] [pool-18-thread-1/DEBUG] [mixin/]: terrablender.mixins.json:MixinParameterList from mod terrablender: Class version 69 required is higher than the class version supported by the current version of Mixin (JAVA_17 supports class version 61)
[15mai.2026 20:39:12.560] [pool-18-thread-1/DEBUG] [mixin/]: Renaming synthetic method lambda$initializeForTerraBlender$1(Lnet/minecraft/core/Registry;Ljava/util/List;Lcom/mojang/datafixers/util/Pair;)V to md94a32b$terrablender$lambda$initializeForTerraBlender$1$0 in terrablender.mixins.json:MixinParameterList from mod terrablender
[15mai.2026 20:39:12.560] [pool-18-thread-1/DEBUG] [mixin/]: Renaming synthetic method lambda$initializeForTerraBlender$0(Lterrablender/api/RegionType;JLterrablender/worldgen/noise/InitialLayer;)Lterrablender/worldgen/noise/Area; to md94a32b$terrablender$lambda$initializeForTerraBlender$0$1 in terrablender.mixins.json:MixinParameterList from mod terrablender
[15mai.2026 20:39:12.567] [pool-18-thread-1/DEBUG] [mixin/]: Mixing MixinTheEndBiomeSource from terrablender.mixins.json into net.minecraft.world.level.biome.TheEndBiomeSource
[15mai.2026 20:39:12.567] [pool-18-thread-1/DEBUG] [mixin/]: terrablender.mixins.json:MixinTheEndBiomeSource from mod terrablender: Class version 69 required is higher than the class version supported by the current version of Mixin (JAVA_17 supports class version 61)
[15mai.2026 20:39:12.568] [pool-18-thread-1/DEBUG] [mixin/]: Renaming synthetic method lambda$initializeForTerraBlender$0(Lnet/minecraft/resources/ResourceKey;)V to md94a32b$terrablender$lambda$initializeForTerraBlender$0$0 in terrablender.mixins.json:MixinTheEndBiomeSource from mod terrablender
[15mai.2026 20:39:12.569] [pool-18-thread-1/DEBUG] [mixin/]: terrablender.mixins.json:MixinTheEndBiomeSource from mod terrablender->@Inject::onCollectPossibleBiomes(Lorg/spongepowered/asm/mixin/injection/callback/CallbackInfoReturnable;)V does use it's CallbackInfoReturnable
[15mai.2026 20:39:12.569] [pool-18-thread-1/DEBUG] [mixin/]: terrablender.mixins.json:MixinTheEndBiomeSource from mod terrablender->@Inject::onGetNoiseBiome(IIILnet/minecraft/world/level/biome/Climate$Sampler;Lorg/spongepowered/asm/mixin/injection/callback/CallbackInfoReturnable;)V does use it's CallbackInfoReturnable
[15mai.2026 20:39:12.571] [pool-18-thread-1/DEBUG] [mixin/]: Mixing MixinNoiseBasedChunkGenerator from terrablender.mixins.json into net.minecraft.world.level.levelgen.NoiseBasedChunkGenerator
[15mai.2026 20:39:12.571] [pool-18-thread-1/DEBUG] [mixin/]: terrablender.mixins.json:MixinNoiseBasedChunkGenerator from mod terrablender: Class version 69 required is higher than the class version supported by the current version of Mixin (JAVA_17 supports class version 61)
[15mai.2026 20:39:12.571] [pool-18-thread-1/DEBUG] [mixin/]: Mixing gen.cached_generator_settings.NoiseBasedChunkGeneratorMixin from lithium.mixins.json into net.minecraft.world.level.levelgen.NoiseBasedChunkGenerator
[15mai.2026 20:39:12.571] [pool-18-thread-1/DEBUG] [mixin/]: lithium.mixins.json:gen.cached_generator_settings.NoiseBasedChunkGeneratorMixin from mod lithium: Class version 69 required is higher than the class version supported by the current version of Mixin (JAVA_21 supports class version 65)
[15mai.2026 20:39:12.573] [pool-18-thread-1/DEBUG] [mixin/]: Mixing MixinChunkGenerator from terrablender.mixins.json into net.minecraft.world.level.chunk.ChunkGenerator
[15mai.2026 20:39:12.573] [pool-18-thread-1/DEBUG] [mixin/]: terrablender.mixins.json:MixinChunkGenerator from mod terrablender: Class version 69 required is higher than the class version supported by the current version of Mixin (JAVA_17 supports class version 61)
[15mai.2026 20:39:12.574] [pool-18-thread-1/DEBUG] [mixin/]: terrablender.mixins.json:MixinChunkGenerator from mod terrablender->@Inject::validate(Lorg/spongepowered/asm/mixin/injection/callback/CallbackInfo;)V does use it's CallbackInfo
[15mai.2026 20:39:12.578] [pool-18-thread-1/DEBUG] [mixin/]: Mixing MixinNoiseGeneratorSettings from terrablender.mixins.json into net.minecraft.world.level.levelgen.NoiseGeneratorSettings
[15mai.2026 20:39:12.578] [pool-18-thread-1/DEBUG] [mixin/]: terrablender.mixins.json:MixinNoiseGeneratorSettings from mod terrablender: Class version 69 required is higher than the class version supported by the current version of Mixin (JAVA_17 supports class version 61)
[15mai.2026 20:39:12.580] [pool-18-thread-1/DEBUG] [mixin/]: terrablender.mixins.json:MixinNoiseGeneratorSettings from mod terrablender->@Inject::surfaceRule(Lorg/spongepowered/asm/mixin/injection/callback/CallbackInfoReturnable;)V does use it's CallbackInfoReturnable
[15mai.2026 20:39:12.594] [pool-18-thread-1/DEBUG] [mixin/]: Mixing perf.forge_registry_alloc.DebugLevelSourceMixin from modernfix-modernfix.mixins.json into net.minecraft.world.level.levelgen.DebugLevelSource
[15mai.2026 20:39:12.594] [pool-18-thread-1/DEBUG] [mixin/]: modernfix-modernfix.mixins.json:perf.forge_registry_alloc.DebugLevelSourceMixin from mod modernfix: Class version 69 required is higher than the class version supported by the current version of Mixin (JAVA_21 supports class version 65)
[15mai.2026 20:39:12.608] [pool-18-thread-1/DEBUG] [mixin/]: Mixing perf.optimize_surface_rules.SequenceRuleSourceMixin from modernfix-modernfix.mixins.json into net.minecraft.world.level.levelgen.SurfaceRules$SequenceRuleSource
[15mai.2026 20:39:12.608] [pool-18-thread-1/DEBUG] [mixin/]: modernfix-modernfix.mixins.json:perf.optimize_surface_rules.SequenceRuleSourceMixin from mod modernfix: Class version 69 required is higher than the class version supported by the current version of Mixin (JAVA_21 supports class version 65)
[15mai.2026 20:39:12.608] [pool-18-thread-1/DEBUG] [mixin/]: modernfix-modernfix.mixins.json:perf.optimize_surface_rules.SequenceRuleSourceMixin from mod modernfix->@Inject::optimizeApply(Lnet/minecraft/world/level/levelgen/SurfaceRules$Context;Lorg/spongepowered/asm/mixin/injection/callback/CallbackInfoReturnable;)V does use it's CallbackInfoReturnable
[15mai.2026 20:39:12.832] [pool-18-thread-1/INFO] [dev.yumi.mc.core.impl.YumiFoundationMod/]: Initializing mods (entrypoint yumi:init)...
[15mai.2026 20:39:12.834] [pool-18-thread-1/DEBUG] [mixin/]: Mixing DeferredRegisterMixin from yumi_mc_core.neoforge.mixins.json into net.neoforged.neoforge.registries.DeferredRegister
[15mai.2026 20:39:12.915] [pool-18-thread-1/INFO] [net.minecraft.server.Bootstrap/]: Vanilla bootstrap took 3932 milliseconds
[15mai.2026 20:39:12.985] [main/DEBUG] [mixin/]: Mixing perf.compact_mojang_registries.VanillaRegistriesMixin from modernfix-modernfix.mixins.json into net.minecraft.data.registries.VanillaRegistries
[15mai.2026 20:39:12.985] [main/DEBUG] [mixin/]: modernfix-modernfix.mixins.json:perf.compact_mojang_registries.VanillaRegistriesMixin from mod modernfix: Class version 69 required is higher than the class version supported by the current version of Mixin (JAVA_21 supports class version 65)
[15mai.2026 20:39:13.020] [main/DEBUG] [mixin/]: Mixing minimal_nonvanilla.spawning.ServerChunkCacheMixin from lithium.mixins.json into net.minecraft.server.level.ServerChunkCache
[15mai.2026 20:39:13.021] [main/DEBUG] [mixin/]: lithium.mixins.json:minimal_nonvanilla.spawning.ServerChunkCacheMixin from mod lithium: Class version 69 required is higher than the class version supported by the current version of Mixin (JAVA_21 supports class version 65)
[15mai.2026 20:39:13.021] [main/DEBUG] [mixin/]: Mixing world.chunk_access.ServerChunkCacheMixin from lithium.mixins.json into net.minecraft.server.level.ServerChunkCache
[15mai.2026 20:39:13.021] [main/DEBUG] [mixin/]: lithium.mixins.json:world.chunk_access.ServerChunkCacheMixin from mod lithium: Class version 69 required is higher than the class version supported by the current version of Mixin (JAVA_21 supports class version 65)
[15mai.2026 20:39:13.021] [main/DEBUG] [mixin/]: Renaming synthetic method lambda$getChunkOffThread$0(IILnet/minecraft/world/level/chunk/status/ChunkStatus;Z)Lnet/minecraft/world/level/chunk/ChunkAccess; to md94a32b$lithium$lambda$getChunkOffThread$0$0 in lithium.mixins.json:world.chunk_access.ServerChunkCacheMixin from mod lithium
[15mai.2026 20:39:13.021] [main/DEBUG] [mixin/]: Mixing bugfix.chunk_deadlock.ServerChunkCacheAccessor from modernfix-modernfix.mixins.json into net.minecraft.server.level.ServerChunkCache
[15mai.2026 20:39:13.022] [main/DEBUG] [mixin/]: modernfix-modernfix.mixins.json:bugfix.chunk_deadlock.ServerChunkCacheAccessor from mod modernfix: Class version 69 required is higher than the class version supported by the current version of Mixin (JAVA_21 supports class version 65)
[15mai.2026 20:39:13.023] [main/DEBUG] [mixin/]: lithium.mixins.json:world.chunk_access.ServerChunkCacheMixin from mod lithium->@Inject::preTick(Ljava/util/function/BooleanSupplier;ZLorg/spongepowered/asm/mixin/injection/callback/CallbackInfo;)V doesn't use it's CallbackInfo
[15mai.2026 20:39:13.023] [main/DEBUG] [mixin/]: lithium.mixins.json:world.chunk_access.ServerChunkCacheMixin from mod lithium->@Inject::preTick(Ljava/util/function/BooleanSupplier;ZLorg/spongepowered/asm/mixin/injection/callback/CallbackInfo;)V has 0 override(s) in child classes
[15mai.2026 20:39:13.023] [main/DEBUG] [mixin/]: lithium.mixins.json:world.chunk_access.ServerChunkCacheMixin from mod lithium->@Inject::preTick(Ljava/util/function/BooleanSupplier;ZLorg/spongepowered/asm/mixin/injection/callback/CallbackInfo;)V won't be passed a CallbackInfo as a result
[15mai.2026 20:39:13.023] [main/DEBUG] [mixin/]: lithium.mixins.json:world.chunk_access.ServerChunkCacheMixin from mod lithium->@Inject::onCachesCleared(Lorg/spongepowered/asm/mixin/injection/callback/CallbackInfo;)V doesn't use it's CallbackInfo
[15mai.2026 20:39:13.023] [main/DEBUG] [mixin/]: lithium.mixins.json:world.chunk_access.ServerChunkCacheMixin from mod lithium->@Inject::onCachesCleared(Lorg/spongepowered/asm/mixin/injection/callback/CallbackInfo;)V has 0 override(s) in child classes
[15mai.2026 20:39:13.023] [main/DEBUG] [mixin/]: lithium.mixins.json:world.chunk_access.ServerChunkCacheMixin from mod lithium->@Inject::onCachesCleared(Lorg/spongepowered/asm/mixin/injection/callback/CallbackInfo;)V won't be passed a CallbackInfo as a result
[15mai.2026 20:39:13.027] [main/DEBUG] [mixin/]: Mixing entity.framed_maps.MapItemSavedDataMixin from lithium.mixins.json into net.minecraft.world.level.saveddata.maps.MapItemSavedData
[15mai.2026 20:39:13.027] [main/DEBUG] [mixin/]: lithium.mixins.json:entity.framed_maps.MapItemSavedDataMixin from mod lithium: Class version 69 required is higher than the class version supported by the current version of Mixin (JAVA_21 supports class version 65)
[15mai.2026 20:39:13.336] [main/DEBUG] [mixin/]: Mixing block.hopper.EntityDataAccessorMixin from lithium.mixins.json into net.minecraft.server.commands.data.EntityDataAccessor
[15mai.2026 20:39:13.336] [main/DEBUG] [mixin/]: lithium.mixins.json:block.hopper.EntityDataAccessorMixin from mod lithium: Class version 69 required is higher than the class version supported by the current version of Mixin (JAVA_21 supports class version 65)
[15mai.2026 20:39:13.337] [main/DEBUG] [mixin/]: lithium.mixins.json:block.hopper.EntityDataAccessorMixin from mod lithium->@Inject::updateEntityTrackerEngine(Lnet/minecraft/nbt/CompoundTag;Lorg/spongepowered/asm/mixin/injection/callback/CallbackInfo;)V doesn't use it's CallbackInfo
[15mai.2026 20:39:13.337] [main/DEBUG] [mixin/]: lithium.mixins.json:block.hopper.EntityDataAccessorMixin from mod lithium->@Inject::updateEntityTrackerEngine(Lnet/minecraft/nbt/CompoundTag;Lorg/spongepowered/asm/mixin/injection/callback/CallbackInfo;)V has 0 override(s) in child classes
[15mai.2026 20:39:13.337] [main/DEBUG] [mixin/]: lithium.mixins.json:block.hopper.EntityDataAccessorMixin from mod lithium->@Inject::updateEntityTrackerEngine(Lnet/minecraft/nbt/CompoundTag;Lorg/spongepowered/asm/mixin/injection/callback/CallbackInfo;)V won't be passed a CallbackInfo as a result
[15mai.2026 20:39:13.567] [main/WARN] [net.minecraft.commands.Commands/]: Ambiguity between arguments [teleport, location] and [teleport, destination] with inputs: [0.1 -0.5 .9, 0 0 0]
[15mai.2026 20:39:13.569] [main/WARN] [net.minecraft.commands.Commands/]: Ambiguity between arguments [teleport, location] and [teleport, targets] with inputs: [0.1 -0.5 .9, 0 0 0]
[15mai.2026 20:39:13.571] [main/WARN] [net.minecraft.commands.Commands/]: Ambiguity between arguments [teleport, destination] and [teleport, targets] with inputs: [Player, 0123, @e, dd12be42-52a9-4a91-a8a1-11c01849e498]
[15mai.2026 20:39:13.572] [main/WARN] [net.minecraft.commands.Commands/]: Ambiguity between arguments [teleport, targets] and [teleport, destination] with inputs: [Player, 0123, dd12be42-52a9-4a91-a8a1-11c01849e498]
[15mai.2026 20:39:13.573] [main/WARN] [net.minecraft.commands.Commands/]: Ambiguity between arguments [teleport, targets, location] and [teleport, targets, destination] with inputs: [0.1 -0.5 .9, 0 0 0]
[15mai.2026 20:39:13.574] [main/WARN] [net.minecraft.commands.Commands/]: Ambiguity between arguments [time, set, time] and [time, set, timemarker] with inputs: [0, 0s, 0d, 0t]
[15mai.2026 20:39:13.575] [main/WARN] [net.minecraft.commands.Commands/]: Ambiguity between arguments [time, set, timemarker] and [time, set, time] with inputs: [012]
[15mai.2026 20:39:13.575] [main/WARN] [net.minecraft.commands.Commands/]: Ambiguity between arguments [time, of, clock, set, time] and [time, of, clock, set, timemarker] with inputs: [0, 0s, 0d, 0t]
[15mai.2026 20:39:13.576] [main/WARN] [net.minecraft.commands.Commands/]: Ambiguity between arguments [time, of, clock, set, timemarker] and [time, of, clock, set, time] with inputs: [012]
[15mai.2026 20:39:13.577] [main/WARN] [net.minecraft.commands.Commands/]: Ambiguity between arguments [waypoint, modify, waypoint, color, reset] and [waypoint, modify, waypoint, color, color] with inputs: [reset]
[15mai.2026 20:39:13.582] [main/DEBUG] [mixin/]: Mixing client.ScreenMixin from palladium.mixins.json into net.minecraft.client.gui.screens.Screen
[15mai.2026 20:39:13.583] [main/DEBUG] [mixin/]: Mixing ScreenMixin from spruceui.mixins.json into net.minecraft.client.gui.screens.Screen
[15mai.2026 20:39:13.584] [main/DEBUG] [mixin/]: palladium.mixins.json:client.ScreenMixin from mod palladium->@Inject::widgetTick(Lorg/spongepowered/asm/mixin/injection/callback/CallbackInfo;)V doesn't use it's CallbackInfo
[15mai.2026 20:39:13.585] [main/DEBUG] [mixin/]: palladium.mixins.json:client.ScreenMixin from mod palladium->@Inject::widgetTick(Lorg/spongepowered/asm/mixin/injection/callback/CallbackInfo;)V has 0 override(s) in child classes
[15mai.2026 20:39:13.585] [main/DEBUG] [mixin/]: palladium.mixins.json:client.ScreenMixin from mod palladium->@Inject::widgetTick(Lorg/spongepowered/asm/mixin/injection/callback/CallbackInfo;)V won't be passed a CallbackInfo as a result
[15mai.2026 20:39:13.585] [main/DEBUG] [mixin/]: spruceui.mixins.json:ScreenMixin from mod spruceui->@Inject::spruceui$beforeInit(IILorg/spongepowered/asm/mixin/injection/callback/CallbackInfo;)V doesn't use it's CallbackInfo
[15mai.2026 20:39:13.585] [main/DEBUG] [mixin/]: spruceui.mixins.json:ScreenMixin from mod spruceui->@Inject::spruceui$beforeInit(IILorg/spongepowered/asm/mixin/injection/callback/CallbackInfo;)V has 0 override(s) in child classes
[15mai.2026 20:39:13.585] [main/DEBUG] [mixin/]: spruceui.mixins.json:ScreenMixin from mod spruceui->@Inject::spruceui$beforeInit(IILorg/spongepowered/asm/mixin/injection/callback/CallbackInfo;)V won't be passed a CallbackInfo as a result
[15mai.2026 20:39:13.585] [main/DEBUG] [mixin/]: spruceui.mixins.json:ScreenMixin from mod spruceui->@Inject::spruceui$afterInit(IILorg/spongepowered/asm/mixin/injection/callback/CallbackInfo;)V doesn't use it's CallbackInfo
[15mai.2026 20:39:13.585] [main/DEBUG] [mixin/]: spruceui.mixins.json:ScreenMixin from mod spruceui->@Inject::spruceui$afterInit(IILorg/spongepowered/asm/mixin/injection/callback/CallbackInfo;)V has 0 override(s) in child classes
[15mai.2026 20:39:13.585] [main/DEBUG] [mixin/]: spruceui.mixins.json:ScreenMixin from mod spruceui->@Inject::spruceui$afterInit(IILorg/spongepowered/asm/mixin/injection/callback/CallbackInfo;)V won't be passed a CallbackInfo as a result
[15mai.2026 20:39:13.585] [main/DEBUG] [mixin/]: spruceui.mixins.json:ScreenMixin from mod spruceui->@Inject::spruceui$beforeResizeScreen(IILorg/spongepowered/asm/mixin/injection/callback/CallbackInfo;)V doesn't use it's CallbackInfo
[15mai.2026 20:39:13.585] [main/DEBUG] [mixin/]: spruceui.mixins.json:ScreenMixin from mod spruceui->@Inject::spruceui$beforeResizeScreen(IILorg/spongepowered/asm/mixin/injection/callback/CallbackInfo;)V has 0 override(s) in child classes
[15mai.2026 20:39:13.585] [main/DEBUG] [mixin/]: spruceui.mixins.json:ScreenMixin from mod spruceui->@Inject::spruceui$beforeResizeScreen(IILorg/spongepowered/asm/mixin/injection/callback/CallbackInfo;)V won't be passed a CallbackInfo as a result
[15mai.2026 20:39:13.585] [main/DEBUG] [mixin/]: spruceui.mixins.json:ScreenMixin from mod spruceui->@Inject::spruceui$afterResizeScreen(IILorg/spongepowered/asm/mixin/injection/callback/CallbackInfo;)V doesn't use it's CallbackInfo
[15mai.2026 20:39:13.585] [main/DEBUG] [mixin/]: spruceui.mixins.json:ScreenMixin from mod spruceui->@Inject::spruceui$afterResizeScreen(IILorg/spongepowered/asm/mixin/injection/callback/CallbackInfo;)V has 0 override(s) in child classes
[15mai.2026 20:39:13.585] [main/DEBUG] [mixin/]: spruceui.mixins.json:ScreenMixin from mod spruceui->@Inject::spruceui$afterResizeScreen(IILorg/spongepowered/asm/mixin/injection/callback/CallbackInfo;)V won't be passed a CallbackInfo as a result
[15mai.2026 20:39:13.611] [main/DEBUG] [net.neoforged.fml.ModWorkManager/LOADING]: Using 16 threads for parallel mod-loading
[15mai.2026 20:39:13.620] [main/DEBUG] [net.neoforged.fml.javafmlmod.FMLModContainer/LOADING]: Creating FMLModContainer instance for lambdynlights with entrypoints [dev.lambdaurora.lambdynlights.platform.neoforge.NeoForgeInitializer]
[15mai.2026 20:39:13.622] [main/DEBUG] [net.neoforged.fml.javafmlmod.FMLModContainer/LOADING]: Creating FMLModContainer instance for ce with entrypoints [net.hekopdcre.cursedenergy.CursedEnergy, net.hekopdcre.cursedenergy.CursedEnergyClient]
[15mai.2026 20:39:13.624] [main/DEBUG] [net.neoforged.fml.javafmlmod.FMLModContainer/LOADING]: Creating FMLModContainer instance for yumi_mc_core with entrypoints []
[15mai.2026 20:39:13.624] [main/DEBUG] [net.neoforged.fml.javafmlmod.FMLModContainer/LOADING]: Creating FMLModContainer instance for terrablender with entrypoints [terrablender.core.TerraBlenderNeoForge]
[15mai.2026 20:39:13.625] [main/DEBUG] [net.neoforged.fml.javafmlmod.FMLModContainer/LOADING]: Creating FMLModContainer instance for mousetweaks with entrypoints [yalter.mousetweaks.neoforge.MouseTweaksNeo]
[15mai.2026 20:39:13.625] [main/DEBUG] [net.neoforged.fml.javafmlmod.FMLModContainer/LOADING]: Creating FMLModContainer instance for immediatelyfast with entrypoints [net.raphimc.immediatelyfast.neoforge.ImmediatelyFastNeoForge]
[15mai.2026 20:39:13.626] [main/DEBUG] [net.neoforged.fml.javafmlmod.FMLModContainer/LOADING]: Creating FMLModContainer instance for lambdynlights_api with entrypoints []
[15mai.2026 20:39:13.626] [main/DEBUG] [net.neoforged.fml.javafmlmod.FMLModContainer/LOADING]: Creating FMLModContainer instance for jade with entrypoints [snownee.jade.util.CommonProxy]
[15mai.2026 20:39:13.627] [main/DEBUG] [net.neoforged.fml.javafmlmod.FMLModContainer/LOADING]: Creating FMLModContainer instance for ferritecore with entrypoints [malte0811.ferritecore.ModMainForge]
[15mai.2026 20:39:13.628] [main/DEBUG] [net.neoforged.fml.javafmlmod.FMLModContainer/LOADING]: Creating FMLModContainer instance for jei with entrypoints [mezz.jei.neoforge.JustEnoughItems]
[15mai.2026 20:39:13.628] [main/DEBUG] [net.neoforged.fml.javafmlmod.FMLModContainer/LOADING]: Creating FMLModContainer instance for dynamic_fps with entrypoints [net.lostluma.dynamic_fps.impl.neoforge.DynamicFPSNeoForgeMod]
[15mai.2026 20:39:13.629] [main/DEBUG] [net.neoforged.fml.javafmlmod.FMLModContainer/LOADING]: Creating FMLModContainer instance for lithium with entrypoints [net.caffeinemc.mods.lithium.neoforge.LithiumNeoForgeMod]
[15mai.2026 20:39:13.630] [main/DEBUG] [net.neoforged.fml.javafmlmod.FMLModContainer/LOADING]: Creating FMLModContainer instance for chat_heads with entrypoints [dzwdz.chat_heads.neoforge.ChatHeadsNeoForge]
[15mai.2026 20:39:13.630] [main/DEBUG] [net.neoforged.fml.javafmlmod.FMLModContainer/LOADING]: Creating FMLModContainer instance for player_animation_library with entrypoints [com.zigythebird.playeranim.neoforge.PlayerAnimLibModNeo]
[15mai.2026 20:39:13.631] [main/DEBUG] [net.neoforged.fml.javafmlmod.FMLModContainer/LOADING]: Creating FMLModContainer instance for badoptimizations with entrypoints [me.thosea.badoptimizations.forge.BadOptimizations]
[15mai.2026 20:39:13.632] [main/DEBUG] [net.neoforged.fml.javafmlmod.FMLModContainer/LOADING]: Creating FMLModContainer instance for pride with entrypoints [io.github.queerbric.pride.impl.platform.neoforge.NeoForgeInitializer]
[15mai.2026 20:39:13.632] [main/DEBUG] [net.neoforged.fml.javafmlmod.FMLModContainer/LOADING]: Creating FMLModContainer instance for palladium with entrypoints [net.threetag.palladium.Palladium, net.threetag.palladium.client.PalladiumClient]
[15mai.2026 20:39:13.633] [main/DEBUG] [net.neoforged.fml.javafmlmod.FMLModContainer/LOADING]: Creating FMLModContainer instance for clumps with entrypoints [com.blamejared.clumps.Clumps]
[15mai.2026 20:39:13.635] [main/DEBUG] [net.neoforged.fml.javafmlmod.FMLModContainer/LOADING]: Creating FMLModContainer instance for neoforge with entrypoints [net.neoforged.neoforge.common.NeoForgeMod, net.neoforged.neoforge.common.OnlyInWarningsHandler, net.neoforged.neoforge.client.ClientNeoForgeMod]
[15mai.2026 20:39:13.636] [main/DEBUG] [net.neoforged.fml.javafmlmod.FMLModContainer/LOADING]: Creating FMLModContainer instance for modernfix with entrypoints [org.embeddedt.modernfix.neoforge.init.ModernFixForge]
[15mai.2026 20:39:13.637] [main/DEBUG] [net.neoforged.fml.javafmlmod.FMLModContainer/LOADING]: Creating FMLModContainer instance for spruceui with entrypoints []
[15mai.2026 20:39:13.637] [main/DEBUG] [net.neoforged.fml.javafmlmod.FMLModContainer/LOADING]: Creating FMLModContainer instance for dynamic_fps_common with entrypoints []
[15mai.2026 20:39:13.640] [modloading-worker-0/DEBUG] [net.neoforged.fml.javafmlmod.AutomaticEventSubscriber/LOADING]: Attempting to inject @EventBusSubscriber classes into the eventbus for yumi_mc_core
[15mai.2026 20:39:13.641] [modloading-worker-0/DEBUG] [net.neoforged.fml.javafmlmod.AutomaticEventSubscriber/LOADING]: Attempting to inject @EventBusSubscriber classes into the eventbus for immediatelyfast
[15mai.2026 20:39:13.641] [modloading-worker-0/DEBUG] [net.neoforged.fml.javafmlmod.AutomaticEventSubscriber/LOADING]: Attempting to inject @EventBusSubscriber classes into the eventbus for lambdynlights_api
[15mai.2026 20:39:13.641] [modloading-worker-0/DEBUG] [net.neoforged.fml.javafmlmod.AutomaticEventSubscriber/LOADING]: Scanning class net.raphimc.immediatelyfast.neoforge.ImmediatelyFastNeoForge for @SubscribeEvent-annotated methods
[15mai.2026 20:39:13.641] [modloading-worker-0/DEBUG] [net.neoforged.fml.javafmlmod.AutomaticEventSubscriber/LOADING]: Attempting to inject @EventBusSubscriber classes into the eventbus for ferritecore
[15mai.2026 20:39:13.642] [modloading-worker-0/DEBUG] [net.neoforged.fml.javafmlmod.AutomaticEventSubscriber/LOADING]: Attempting to inject @EventBusSubscriber classes into the eventbus for lithium
[15mai.2026 20:39:13.642] [modloading-worker-0/DEBUG] [net.neoforged.fml.javafmlmod.AutomaticEventSubscriber/LOADING]: Subscribing method private static void net.raphimc.immediatelyfast.neoforge.ImmediatelyFastNeoForge.onAddClientReloadListeners(net.neoforged.neoforge.client.event.AddClientReloadListenersEvent) to the event bus of mod immediatelyfast
[15mai.2026 20:39:13.642] [modloading-worker-0/DEBUG] [net.neoforged.fml.javafmlmod.AutomaticEventSubscriber/LOADING]: Attempting to inject @EventBusSubscriber classes into the eventbus for pride
[15mai.2026 20:39:13.643] [modloading-worker-0/DEBUG] [net.neoforged.fml.javafmlmod.AutomaticEventSubscriber/LOADING]: Attempting to inject @EventBusSubscriber classes into the eventbus for badoptimizations
[15mai.2026 20:39:13.643] [modloading-worker-0/DEBUG] [net.neoforged.fml.javafmlmod.AutomaticEventSubscriber/LOADING]: Attempting to inject @EventBusSubscriber classes into the eventbus for lambdynlights
[15mai.2026 20:39:13.643] [modloading-worker-0/DEBUG] [net.neoforged.fml.javafmlmod.AutomaticEventSubscriber/LOADING]: Attempting to inject @EventBusSubscriber classes into the eventbus for spruceui
[15mai.2026 20:39:13.643] [modloading-worker-0/DEBUG] [net.neoforged.fml.javafmlmod.AutomaticEventSubscriber/LOADING]: Attempting to inject @EventBusSubscriber classes into the eventbus for dynamic_fps_common
[15mai.2026 20:39:13.643] [modloading-worker-0/DEBUG] [net.neoforged.fml.javafmlmod.AutomaticEventSubscriber/LOADING]: Attempting to inject @EventBusSubscriber classes into the eventbus for clumps
[15mai.2026 20:39:13.655] [modloading-worker-0/DEBUG] [net.neoforged.fml.javafmlmod.AutomaticEventSubscriber/LOADING]: Attempting to inject @EventBusSubscriber classes into the eventbus for terrablender
[15mai.2026 20:39:13.655] [modloading-worker-0/DEBUG] [net.neoforged.fml.javafmlmod.AutomaticEventSubscriber/LOADING]: Attempting to inject @EventBusSubscriber classes into the eventbus for player_animation_library
[15mai.2026 20:39:13.656] [modloading-worker-0/DEBUG] [net.neoforged.fml.config.ConfigTracker/CONFIG]: Config file jei-server.toml for jei tracking
[15mai.2026 20:39:13.656] [modloading-worker-0/DEBUG] [net.neoforged.fml.config.ConfigTracker/CONFIG]: Config file palladium-client.toml for palladium tracking
[15mai.2026 20:39:13.656] [modloading-worker-0/DEBUG] [net.neoforged.fml.javafmlmod.AutomaticEventSubscriber/LOADING]: Attempting to inject @EventBusSubscriber classes into the eventbus for chat_heads
[15mai.2026 20:39:13.656] [modloading-worker-0/DEBUG] [net.neoforged.fml.javafmlmod.AutomaticEventSubscriber/LOADING]: Attempting to inject @EventBusSubscriber classes into the eventbus for dynamic_fps
[15mai.2026 20:39:13.658] [modloading-worker-0/DEBUG] [net.neoforged.fml.javafmlmod.AutomaticEventSubscriber/LOADING]: Attempting to inject @EventBusSubscriber classes into the eventbus for mousetweaks
[15mai.2026 20:39:13.658] [modloading-worker-0/INFO] [net.neoforged.neoforge.common.NeoForgeMod/NEOFORGE-MOD]: NeoForge mod loading, version 26.1.2.55-beta, for MC 26.1.2
[15mai.2026 20:39:13.658] [modloading-worker-0/DEBUG] [net.neoforged.fml.config.ConfigTracker/CONFIG]: Config file palladium-server.toml for palladium tracking
[15mai.2026 20:39:13.659] [modloading-worker-0/DEBUG] [mixin/]: Mixing core.MinecraftServerMixin from modernfix-modernfix.mixins.json into net.minecraft.server.MinecraftServer
[15mai.2026 20:39:13.659] [modloading-worker-0/DEBUG] [mixin/]: modernfix-modernfix.mixins.json:core.MinecraftServerMixin from mod modernfix: Class version 69 required is higher than the class version supported by the current version of Mixin (JAVA_21 supports class version 65)
[15mai.2026 20:39:13.660] [modloading-worker-0/DEBUG] [mixin/]: Renaming synthetic method lambda$mfix$endReloadTrack$0(Ljava/lang/Void;)V to md94a32b$modernfix$lambda$mfix$endReloadTrack$0$0 in modernfix-modernfix.mixins.json:core.MinecraftServerMixin from mod modernfix
[15mai.2026 20:39:13.660] [modloading-worker-0/DEBUG] [mixin/]: Mixing perf.dedicated_reload_executor.MinecraftServerMixin from modernfix-modernfix.mixins.json into net.minecraft.server.MinecraftServer
[15mai.2026 20:39:13.660] [modloading-worker-0/DEBUG] [mixin/]: modernfix-modernfix.mixins.json:perf.dedicated_reload_executor.MinecraftServerMixin from mod modernfix: Class version 69 required is higher than the class version supported by the current version of Mixin (JAVA_21 supports class version 65)
[15mai.2026 20:39:13.664] [modloading-worker-0/DEBUG] [mixin/]: modernfix-modernfix.mixins.json:core.MinecraftServerMixin from mod modernfix->@Inject::startReloadTrack(Ljava/util/Collection;Lorg/spongepowered/asm/mixin/injection/callback/CallbackInfoReturnable;)V doesn't use it's CallbackInfoReturnable
[15mai.2026 20:39:13.664] [modloading-worker-0/DEBUG] [mixin/]: modernfix-modernfix.mixins.json:core.MinecraftServerMixin from mod modernfix->@Inject::startReloadTrack(Ljava/util/Collection;Lorg/spongepowered/asm/mixin/injection/callback/CallbackInfoReturnable;)V has 0 override(s) in child classes
[15mai.2026 20:39:13.664] [modloading-worker-0/DEBUG] [mixin/]: modernfix-modernfix.mixins.json:core.MinecraftServerMixin from mod modernfix->@Inject::startReloadTrack(Ljava/util/Collection;Lorg/spongepowered/asm/mixin/injection/callback/CallbackInfoReturnable;)V won't be passed a CallbackInfoReturnable as a result
[15mai.2026 20:39:13.664] [modloading-worker-0/DEBUG] [mixin/]: modernfix-modernfix.mixins.json:core.MinecraftServerMixin from mod modernfix->@Inject::trackTickTime(Lorg/spongepowered/asm/mixin/injection/callback/CallbackInfo;)V doesn't use it's CallbackInfo
[15mai.2026 20:39:13.664] [modloading-worker-0/DEBUG] [mixin/]: modernfix-modernfix.mixins.json:core.MinecraftServerMixin from mod modernfix->@Inject::trackTickTime(Lorg/spongepowered/asm/mixin/injection/callback/CallbackInfo;)V has 0 override(s) in child classes
[15mai.2026 20:39:13.664] [modloading-worker-0/DEBUG] [mixin/]: modernfix-modernfix.mixins.json:core.MinecraftServerMixin from mod modernfix->@Inject::trackTickTime(Lorg/spongepowered/asm/mixin/injection/callback/CallbackInfo;)V won't be passed a CallbackInfo as a result
[15mai.2026 20:39:13.840] [modloading-worker-0/DEBUG] [net.neoforged.fml.config.ConfigTracker/CONFIG]: Config file neoforge-server.toml for neoforge tracking
[15mai.2026 20:39:13.841] [modloading-worker-0/DEBUG] [net.neoforged.fml.config.ConfigTracker/CONFIG]: Config file neoforge-common.toml for neoforge tracking
[15mai.2026 20:39:13.844] [modloading-worker-0/DEBUG] [net.neoforged.fml.javafmlmod.AutomaticEventSubscriber/LOADING]: Attempting to inject @EventBusSubscriber classes into the eventbus for modernfix
[15mai.2026 20:39:13.845] [modloading-worker-0/DEBUG] [mixin/]: Mixing bugfix.BlockableEventLoopMixin from dynamic_fps.common.mixins.json into net.minecraft.util.thread.BlockableEventLoop
[15mai.2026 20:39:13.848] [modloading-worker-0/DEBUG] [mixin/]: Mixing KeyAccess from jade.mixins.json into com.mojang.blaze3d.platform.InputConstants$Key
[15mai.2026 20:39:13.848] [modloading-worker-0/DEBUG] [mixin/]: jade.mixins.json:KeyAccess from mod jade: Class version 69 required is higher than the class version supported by the current version of Mixin (JAVA_21 supports class version 65)
[15mai.2026 20:39:13.851] [modloading-worker-0/DEBUG] [mixin/]: Mixing SimpleJsonResourceReloadListenerMixin from palladium.mixins.json into net.minecraft.server.packs.resources.SimpleJsonResourceReloadListener
[15mai.2026 20:39:13.857] [modloading-worker-0/DEBUG] [mixin/]: palladium.mixins.json:SimpleJsonResourceReloadListenerMixin from mod palladium->@Inject::scanDirectory(Lnet/minecraft/server/packs/resources/ResourceManager;Lnet/minecraft/resources/FileToIdConverter;Lcom/mojang/serialization/DynamicOps;Lcom/mojang/serialization/Codec;Ljava/util/Map;Lorg/spongepowered/asm/mixin/injection/callback/CallbackInfo;)V doesn't use it's CallbackInfo
[15mai.2026 20:39:13.870] [modloading-worker-0/DEBUG] [mixin/]: Mixing ClientLevelMixin from lambdynlights.mixins.json into net.minecraft.client.multiplayer.ClientLevel
[15mai.2026 20:39:13.871] [modloading-worker-0/DEBUG] [mixin/]: Mixing chunk.entity_class_groups.ClientLevelMixin from lithium.mixins.json into net.minecraft.client.multiplayer.ClientLevel
[15mai.2026 20:39:13.871] [modloading-worker-0/DEBUG] [mixin/]: lithium.mixins.json:chunk.entity_class_groups.ClientLevelMixin from mod lithium: Class version 69 required is higher than the class version supported by the current version of Mixin (JAVA_21 supports class version 65)
[15mai.2026 20:39:13.872] [modloading-worker-0/DEBUG] [mixin/]: lambdynlights.mixins.json:ClientLevelMixin from mod lambdynlights->@Inject::lambdynlights$onStartWorldTick(Lorg/spongepowered/asm/mixin/injection/callback/CallbackInfo;)V doesn't use it's CallbackInfo
[15mai.2026 20:39:13.872] [modloading-worker-0/DEBUG] [mixin/]: lambdynlights.mixins.json:ClientLevelMixin from mod lambdynlights->@Inject::lambdynlights$onStartWorldTick(Lorg/spongepowered/asm/mixin/injection/callback/CallbackInfo;)V has 0 override(s) in child classes
[15mai.2026 20:39:13.872] [modloading-worker-0/DEBUG] [mixin/]: lambdynlights.mixins.json:ClientLevelMixin from mod lambdynlights->@Inject::lambdynlights$onStartWorldTick(Lorg/spongepowered/asm/mixin/injection/callback/CallbackInfo;)V won't be passed a CallbackInfo as a result
[15mai.2026 20:39:13.872] [modloading-worker-0/DEBUG] [mixin/]: lambdynlights.mixins.json:ClientLevelMixin from mod lambdynlights->@Inject::lambdynlights$onEndWorldTick(Lorg/spongepowered/asm/mixin/injection/callback/CallbackInfo;)V doesn't use it's CallbackInfo
[15mai.2026 20:39:13.872] [modloading-worker-0/DEBUG] [mixin/]: lambdynlights.mixins.json:ClientLevelMixin from mod lambdynlights->@Inject::lambdynlights$onEndWorldTick(Lorg/spongepowered/asm/mixin/injection/callback/CallbackInfo;)V has 0 override(s) in child classes
[15mai.2026 20:39:13.872] [modloading-worker-0/DEBUG] [mixin/]: lambdynlights.mixins.json:ClientLevelMixin from mod lambdynlights->@Inject::lambdynlights$onEndWorldTick(Lorg/spongepowered/asm/mixin/injection/callback/CallbackInfo;)V won't be passed a CallbackInfo as a result
[15mai.2026 20:39:13.872] [modloading-worker-0/DEBUG] [mixin/]: lambdynlights.mixins.json:ClientLevelMixin from mod lambdynlights->@Inject::lambdynlights$onTickNonPassenger(Lnet/minecraft/world/entity/Entity;Lorg/spongepowered/asm/mixin/injection/callback/CallbackInfo;)V doesn't use it's CallbackInfo
[15mai.2026 20:39:13.872] [modloading-worker-0/DEBUG] [mixin/]: lambdynlights.mixins.json:ClientLevelMixin from mod lambdynlights->@Inject::lambdynlights$onTickNonPassenger(Lnet/minecraft/world/entity/Entity;Lorg/spongepowered/asm/mixin/injection/callback/CallbackInfo;)V has 0 override(s) in child classes
[15mai.2026 20:39:13.872] [modloading-worker-0/DEBUG] [mixin/]: lambdynlights.mixins.json:ClientLevelMixin from mod lambdynlights->@Inject::lambdynlights$onTickNonPassenger(Lnet/minecraft/world/entity/Entity;Lorg/spongepowered/asm/mixin/injection/callback/CallbackInfo;)V won't be passed a CallbackInfo as a result
[15mai.2026 20:39:13.872] [modloading-worker-0/DEBUG] [mixin/]: lambdynlights.mixins.json:ClientLevelMixin from mod lambdynlights->@Inject::lambdynlights$onTickPassenger(Lnet/minecraft/world/entity/Entity;Lnet/minecraft/world/entity/Entity;Lorg/spongepowered/asm/mixin/injection/callback/CallbackInfo;)V doesn't use it's CallbackInfo
[15mai.2026 20:39:13.872] [modloading-worker-0/DEBUG] [mixin/]: lambdynlights.mixins.json:ClientLevelMixin from mod lambdynlights->@Inject::lambdynlights$onTickPassenger(Lnet/minecraft/world/entity/Entity;Lnet/minecraft/world/entity/Entity;Lorg/spongepowered/asm/mixin/injection/callback/CallbackInfo;)V has 0 override(s) in child classes
[15mai.2026 20:39:13.872] [modloading-worker-0/DEBUG] [mixin/]: lambdynlights.mixins.json:ClientLevelMixin from mod lambdynlights->@Inject::lambdynlights$onTickPassenger(Lnet/minecraft/world/entity/Entity;Lnet/minecraft/world/entity/Entity;Lorg/spongepowered/asm/mixin/injection/callback/CallbackInfo;)V won't be passed a CallbackInfo as a result
[15mai.2026 20:39:13.872] [modloading-worker-0/DEBUG] [mixin/]: lambdynlights.mixins.json:ClientLevelMixin from mod lambdynlights->@Inject::lambdynlights$onFinishRemovingEntity(ILnet/minecraft/world/entity/Entity$RemovalReason;Lorg/spongepowered/asm/mixin/injection/callback/CallbackInfo;)V doesn't use it's CallbackInfo
[15mai.2026 20:39:13.872] [modloading-worker-0/DEBUG] [mixin/]: lambdynlights.mixins.json:ClientLevelMixin from mod lambdynlights->@Inject::lambdynlights$onFinishRemovingEntity(ILnet/minecraft/world/entity/Entity$RemovalReason;Lorg/spongepowered/asm/mixin/injection/callback/CallbackInfo;)V has 0 override(s) in child classes
[15mai.2026 20:39:13.872] [modloading-worker-0/DEBUG] [mixin/]: lambdynlights.mixins.json:ClientLevelMixin from mod lambdynlights->@Inject::lambdynlights$onFinishRemovingEntity(ILnet/minecraft/world/entity/Entity$RemovalReason;Lorg/spongepowered/asm/mixin/injection/callback/CallbackInfo;)V won't be passed a CallbackInfo as a result
[15mai.2026 20:39:13.874] [modloading-worker-0/DEBUG] [mixin/]: Mixing client.LocalPlayerMixin from palladium.mixins.json into net.minecraft.client.player.LocalPlayer
[15mai.2026 20:39:13.875] [modloading-worker-0/DEBUG] [mixin/]: Mixing accessors.PlayerAccessor from badoptimizations.mixins.json into net.minecraft.client.player.LocalPlayer
[15mai.2026 20:39:13.875] [modloading-worker-0/DEBUG] [mixin/]: badoptimizations.mixins.json:accessors.PlayerAccessor from mod badoptimizations: Class version 69 required is higher than the class version supported by the current version of Mixin (JAVA_17 supports class version 61)
[15mai.2026 20:39:13.875] [modloading-worker-0/DEBUG] [mixin/]: palladium.mixins.json:client.LocalPlayerMixin from mod palladium->@Inject::onFlyChange(Lorg/spongepowered/asm/mixin/injection/callback/CallbackInfo;)V doesn't use it's CallbackInfo
[15mai.2026 20:39:13.876] [modloading-worker-0/DEBUG] [mixin/]: palladium.mixins.json:client.LocalPlayerMixin from mod palladium->@Inject::onFlyChange(Lorg/spongepowered/asm/mixin/injection/callback/CallbackInfo;)V has 0 override(s) in child classes
[15mai.2026 20:39:13.876] [modloading-worker-0/DEBUG] [mixin/]: palladium.mixins.json:client.LocalPlayerMixin from mod palladium->@Inject::onFlyChange(Lorg/spongepowered/asm/mixin/injection/callback/CallbackInfo;)V won't be passed a CallbackInfo as a result
[15mai.2026 20:39:13.876] [modloading-worker-0/DEBUG] [mixin/]: palladium.mixins.json:client.LocalPlayerMixin from mod palladium->@Inject::isCrouching(Lorg/spongepowered/asm/mixin/injection/callback/CallbackInfoReturnable;)V does use it's CallbackInfoReturnable
[15mai.2026 20:39:13.876] [modloading-worker-0/DEBUG] [mixin/]: palladium.mixins.json:client.LocalPlayerMixin from mod palladium->@Inject::aiStepTop(Lorg/spongepowered/asm/mixin/injection/callback/CallbackInfo;)V doesn't use it's CallbackInfo
[15mai.2026 20:39:13.876] [modloading-worker-0/DEBUG] [mixin/]: palladium.mixins.json:client.LocalPlayerMixin from mod palladium->@Inject::aiStepTop(Lorg/spongepowered/asm/mixin/injection/callback/CallbackInfo;)V has 0 override(s) in child classes
[15mai.2026 20:39:13.876] [modloading-worker-0/DEBUG] [mixin/]: palladium.mixins.json:client.LocalPlayerMixin from mod palladium->@Inject::aiStepTop(Lorg/spongepowered/asm/mixin/injection/callback/CallbackInfo;)V won't be passed a CallbackInfo as a result
[15mai.2026 20:39:13.876] [modloading-worker-0/DEBUG] [mixin/]: palladium.mixins.json:client.LocalPlayerMixin from mod palladium->@Inject::aiStepBottom(Lorg/spongepowered/asm/mixin/injection/callback/CallbackInfo;)V doesn't use it's CallbackInfo
[15mai.2026 20:39:13.876] [modloading-worker-0/DEBUG] [mixin/]: palladium.mixins.json:client.LocalPlayerMixin from mod palladium->@Inject::aiStepBottom(Lorg/spongepowered/asm/mixin/injection/callback/CallbackInfo;)V has 0 override(s) in child classes
[15mai.2026 20:39:13.876] [modloading-worker-0/DEBUG] [mixin/]: palladium.mixins.json:client.LocalPlayerMixin from mod palladium->@Inject::aiStepBottom(Lorg/spongepowered/asm/mixin/injection/callback/CallbackInfo;)V won't be passed a CallbackInfo as a result
[15mai.2026 20:39:13.878] [modloading-worker-0/DEBUG] [mixin/]: Mixing perf.capability_list_compaction.CapabilityHooksMixin from modernfix-modernfix.mixins.json into net.neoforged.neoforge.capabilities.CapabilityHooks
[15mai.2026 20:39:13.878] [modloading-worker-0/DEBUG] [mixin/]: modernfix-modernfix.mixins.json:perf.capability_list_compaction.CapabilityHooksMixin from mod modernfix: Class version 69 required is higher than the class version supported by the current version of Mixin (JAVA_21 supports class version 65)
[15mai.2026 20:39:13.879] [modloading-worker-0/DEBUG] [mixin/]: modernfix-modernfix.mixins.json:perf.capability_list_compaction.CapabilityHooksMixin from mod modernfix->@Inject::deduplicateCaps(Lorg/spongepowered/asm/mixin/injection/callback/CallbackInfo;)V doesn't use it's CallbackInfo
[15mai.2026 20:39:13.880] [modloading-worker-0/DEBUG] [mixin/]: Mixing client.AbstractClientPlayerMixin from palladium.mixins.json into net.minecraft.client.player.AbstractClientPlayer
[15mai.2026 20:39:13.880] [modloading-worker-0/DEBUG] [mixin/]: Mixing renderer.entity.MixinClientPlayer from badoptimizations.mixins.json into net.minecraft.client.player.AbstractClientPlayer
[15mai.2026 20:39:13.880] [modloading-worker-0/DEBUG] [mixin/]: badoptimizations.mixins.json:renderer.entity.MixinClientPlayer from mod badoptimizations: Class version 69 required is higher than the class version supported by the current version of Mixin (JAVA_17 supports class version 61)
[15mai.2026 20:39:13.880] [modloading-worker-0/DEBUG] [mixin/]: palladium.mixins.json:client.AbstractClientPlayerMixin from mod palladium->@Inject::getSkin(Lorg/spongepowered/asm/mixin/injection/callback/CallbackInfoReturnable;)V does use it's CallbackInfoReturnable
[15mai.2026 20:39:13.880] [modloading-worker-0/DEBUG] [mixin/]: Mixing perf.capability_list_compaction.RegisterCapabilitiesEventMixin from modernfix-modernfix.mixins.json into net.neoforged.neoforge.capabilities.RegisterCapabilitiesEvent
[15mai.2026 20:39:13.881] [modloading-worker-0/DEBUG] [mixin/]: modernfix-modernfix.mixins.json:perf.capability_list_compaction.RegisterCapabilitiesEventMixin from mod modernfix: Class version 69 required is higher than the class version supported by the current version of Mixin (JAVA_21 supports class version 65)
[15mai.2026 20:39:13.882] [modloading-worker-0/DEBUG] [mixin/]: modernfix-modernfix.mixins.json:perf.capability_list_compaction.RegisterCapabilitiesEventMixin from mod modernfix->@Inject::trackBlockCap(Lnet/neoforged/neoforge/capabilities/BlockCapability;Lnet/neoforged/neoforge/capabilities/IBlockCapabilityProvider;[Lnet/minecraft/world/level/block/Block;Lorg/spongepowered/asm/mixin/injection/callback/CallbackInfo;)V doesn't use it's CallbackInfo
[15mai.2026 20:39:13.882] [modloading-worker-0/DEBUG] [mixin/]: modernfix-modernfix.mixins.json:perf.capability_list_compaction.RegisterCapabilitiesEventMixin from mod modernfix->@Inject::trackBlockCap(Lnet/neoforged/neoforge/capabilities/BlockCapability;Lnet/neoforged/neoforge/capabilities/IBlockCapabilityProvider;[Lnet/minecraft/world/level/block/Block;Lorg/spongepowered/asm/mixin/injection/callback/CallbackInfo;)V has 0 override(s) in child classes
[15mai.2026 20:39:13.882] [modloading-worker-0/DEBUG] [mixin/]: modernfix-modernfix.mixins.json:perf.capability_list_compaction.RegisterCapabilitiesEventMixin from mod modernfix->@Inject::trackBlockCap(Lnet/neoforged/neoforge/capabilities/BlockCapability;Lnet/neoforged/neoforge/capabilities/IBlockCapabilityProvider;[Lnet/minecraft/world/level/block/Block;Lorg/spongepowered/asm/mixin/injection/callback/CallbackInfo;)V won't be passed a CallbackInfo as a result
[15mai.2026 20:39:13.882] [modloading-worker-0/DEBUG] [mixin/]: modernfix-modernfix.mixins.json:perf.capability_list_compaction.RegisterCapabilitiesEventMixin from mod modernfix->@Inject::trackBlockEntityCap(Lnet/neoforged/neoforge/capabilities/BlockCapability;Lnet/minecraft/world/level/block/entity/BlockEntityType;Lnet/neoforged/neoforge/capabilities/ICapabilityProvider;Lorg/spongepowered/asm/mixin/injection/callback/CallbackInfo;)V doesn't use it's CallbackInfo
[15mai.2026 20:39:13.882] [modloading-worker-0/DEBUG] [mixin/]: modernfix-modernfix.mixins.json:perf.capability_list_compaction.RegisterCapabilitiesEventMixin from mod modernfix->@Inject::trackBlockEntityCap(Lnet/neoforged/neoforge/capabilities/BlockCapability;Lnet/minecraft/world/level/block/entity/BlockEntityType;Lnet/neoforged/neoforge/capabilities/ICapabilityProvider;Lorg/spongepowered/asm/mixin/injection/callback/CallbackInfo;)V has 0 override(s) in child classes
[15mai.2026 20:39:13.882] [modloading-worker-0/DEBUG] [mixin/]: modernfix-modernfix.mixins.json:perf.capability_list_compaction.RegisterCapabilitiesEventMixin from mod modernfix->@Inject::trackBlockEntityCap(Lnet/neoforged/neoforge/capabilities/BlockCapability;Lnet/minecraft/world/level/block/entity/BlockEntityType;Lnet/neoforged/neoforge/capabilities/ICapabilityProvider;Lorg/spongepowered/asm/mixin/injection/callback/CallbackInfo;)V won't be passed a CallbackInfo as a result
[15mai.2026 20:39:13.882] [modloading-worker-0/DEBUG] [mixin/]: modernfix-modernfix.mixins.json:perf.capability_list_compaction.RegisterCapabilitiesEventMixin from mod modernfix->@Inject::trackItemCap(Lnet/neoforged/neoforge/capabilities/ItemCapability;Lnet/neoforged/neoforge/capabilities/ICapabilityProvider;[Lnet/minecraft/world/level/ItemLike;Lorg/spongepowered/asm/mixin/injection/callback/CallbackInfo;)V doesn't use it's CallbackInfo
[15mai.2026 20:39:13.882] [modloading-worker-0/DEBUG] [mixin/]: modernfix-modernfix.mixins.json:perf.capability_list_compaction.RegisterCapabilitiesEventMixin from mod modernfix->@Inject::trackItemCap(Lnet/neoforged/neoforge/capabilities/ItemCapability;Lnet/neoforged/neoforge/capabilities/ICapabilityProvider;[Lnet/minecraft/world/level/ItemLike;Lorg/spongepowered/asm/mixin/injection/callback/CallbackInfo;)V has 0 override(s) in child classes
[15mai.2026 20:39:13.882] [modloading-worker-0/DEBUG] [mixin/]: modernfix-modernfix.mixins.json:perf.capability_list_compaction.RegisterCapabilitiesEventMixin from mod modernfix->@Inject::trackItemCap(Lnet/neoforged/neoforge/capabilities/ItemCapability;Lnet/neoforged/neoforge/capabilities/ICapabilityProvider;[Lnet/minecraft/world/level/ItemLike;Lorg/spongepowered/asm/mixin/injection/callback/CallbackInfo;)V won't be passed a CallbackInfo as a result
[15mai.2026 20:39:13.882] [modloading-worker-0/DEBUG] [mixin/]: modernfix-modernfix.mixins.json:perf.capability_list_compaction.RegisterCapabilitiesEventMixin from mod modernfix->@Inject::trackEntityCap(Lnet/neoforged/neoforge/capabilities/EntityCapability;Lnet/minecraft/world/entity/EntityType;Lnet/neoforged/neoforge/capabilities/ICapabilityProvider;Lorg/spongepowered/asm/mixin/injection/callback/CallbackInfo;)V doesn't use it's CallbackInfo
[15mai.2026 20:39:13.882] [modloading-worker-0/DEBUG] [mixin/]: modernfix-modernfix.mixins.json:perf.capability_list_compaction.RegisterCapabilitiesEventMixin from mod modernfix->@Inject::trackEntityCap(Lnet/neoforged/neoforge/capabilities/EntityCapability;Lnet/minecraft/world/entity/EntityType;Lnet/neoforged/neoforge/capabilities/ICapabilityProvider;Lorg/spongepowered/asm/mixin/injection/callback/CallbackInfo;)V has 0 override(s) in child classes
[15mai.2026 20:39:13.882] [modloading-worker-0/DEBUG] [mixin/]: modernfix-modernfix.mixins.json:perf.capability_list_compaction.RegisterCapabilitiesEventMixin from mod modernfix->@Inject::trackEntityCap(Lnet/neoforged/neoforge/capabilities/EntityCapability;Lnet/minecraft/world/entity/EntityType;Lnet/neoforged/neoforge/capabilities/ICapabilityProvider;Lorg/spongepowered/asm/mixin/injection/callback/CallbackInfo;)V won't be passed a CallbackInfo as a result
[15mai.2026 20:39:13.886] [modloading-worker-0/DEBUG] [mixin/]: Mixing key_extension.KeyMappingMixin from jade.mixins.json into net.minecraft.client.KeyMapping
[15mai.2026 20:39:13.886] [modloading-worker-0/DEBUG] [mixin/]: jade.mixins.json:key_extension.KeyMappingMixin from mod jade: Class version 69 required is higher than the class version supported by the current version of Mixin (JAVA_21 supports class version 65)
[15mai.2026 20:39:13.887] [modloading-worker-0/DEBUG] [mixin/]: Renaming synthetic method lambda$keyEx$resetMapping$0(Lnet/minecraft/client/KeyMapping;)Z to md94a32b$jade$lambda$keyEx$resetMapping$0$0 in jade.mixins.json:key_extension.KeyMappingMixin from mod jade
[15mai.2026 20:39:13.888] [modloading-worker-0/DEBUG] [mixin/]: jade.mixins.json:key_extension.KeyMappingMixin from mod jade->@Inject::keyEx$checkDirty(Lorg/spongepowered/asm/mixin/injection/callback/CallbackInfo;)V doesn't use it's CallbackInfo
[15mai.2026 20:39:13.888] [modloading-worker-0/DEBUG] [mixin/]: jade.mixins.json:key_extension.KeyMappingMixin from mod jade->@Inject::keyEx$checkDirty(Lorg/spongepowered/asm/mixin/injection/callback/CallbackInfo;)V doesn't use it's CallbackInfo
[15mai.2026 20:39:13.888] [modloading-worker-0/DEBUG] [mixin/]: jade.mixins.json:key_extension.KeyMappingMixin from mod jade->@Inject::keyEx$resetMapping(Lorg/spongepowered/asm/mixin/injection/callback/CallbackInfo;)V doesn't use it's CallbackInfo
[15mai.2026 20:39:13.898] [modloading-worker-0/DEBUG] [net.neoforged.fml.javafmlmod.AutomaticEventSubscriber/LOADING]: Attempting to inject @EventBusSubscriber classes into the eventbus for ce
[15mai.2026 20:39:13.899] [modloading-worker-0/DEBUG] [net.neoforged.fml.javafmlmod.AutomaticEventSubscriber/LOADING]: Scanning class net.hekopdcre.cursedenergy.CursedEnergyClient for @SubscribeEvent-annotated methods
[15mai.2026 20:39:13.899] [modloading-worker-0/DEBUG] [net.neoforged.fml.javafmlmod.AutomaticEventSubscriber/LOADING]: Subscribing method static void net.hekopdcre.cursedenergy.CursedEnergyClient.onClientSetup(net.neoforged.fml.event.lifecycle.FMLClientSetupEvent) to the event bus of mod ce
[15mai.2026 20:39:13.899] [modloading-worker-0/DEBUG] [net.neoforged.fml.javafmlmod.AutomaticEventSubscriber/LOADING]: Scanning class net.hekopdcre.cursedenergy.event.ComedianExplosionHandler for @SubscribeEvent-annotated methods
[15mai.2026 20:39:13.900] [modloading-worker-0/DEBUG] [net.neoforged.fml.javafmlmod.AutomaticEventSubscriber/LOADING]: Subscribing method public static void net.hekopdcre.cursedenergy.event.ComedianExplosionHandler.onDamage(net.neoforged.neoforge.event.entity.living.LivingIncomingDamageEvent) to the game event bus
[15mai.2026 20:39:13.903] [modloading-worker-0/DEBUG] [mezz.jei.common.platform.Services/]: Loaded mezz.jei.neoforge.platform.PlatformHelper@782e49dd for service interface mezz.jei.common.platform.IPlatformHelper
[15mai.2026 20:39:13.907] [modloading-worker-0/DEBUG] [net.neoforged.fml.config.ConfigTracker/CONFIG]: Config file neoforge-client.toml for neoforge tracking
[15mai.2026 20:39:13.909] [modloading-worker-0/DEBUG] [net.neoforged.fml.javafmlmod.AutomaticEventSubscriber/LOADING]: Attempting to inject @EventBusSubscriber classes into the eventbus for neoforge
[15mai.2026 20:39:13.909] [modloading-worker-0/DEBUG] [net.neoforged.fml.javafmlmod.AutomaticEventSubscriber/LOADING]: Scanning class net.neoforged.neoforge.attachment.AttachmentInternals for @SubscribeEvent-annotated methods
[15mai.2026 20:39:13.910] [modloading-worker-0/DEBUG] [net.neoforged.fml.javafmlmod.AutomaticEventSubscriber/LOADING]: Subscribing method public static void net.neoforged.neoforge.attachment.AttachmentInternals.onLivingConvert(net.neoforged.neoforge.event.entity.living.LivingConversionEvent$Post) to the game event bus
[15mai.2026 20:39:13.910] [modloading-worker-0/DEBUG] [net.neoforged.fml.javafmlmod.AutomaticEventSubscriber/LOADING]: Subscribing method public static void net.neoforged.neoforge.attachment.AttachmentInternals.onPlayerClone(net.neoforged.neoforge.event.entity.player.PlayerEvent$Clone) to the game event bus
[15mai.2026 20:39:13.910] [modloading-worker-0/DEBUG] [net.neoforged.fml.javafmlmod.AutomaticEventSubscriber/LOADING]: Scanning class net.neoforged.neoforge.attachment.AttachmentSync for @SubscribeEvent-annotated methods
[15mai.2026 20:39:13.911] [modloading-worker-0/DEBUG] [mezz.jei.common.config.file.ConfigSerializer/]: Loading config file: C:\Users\arthu\Downloads\Cursed Energy\ce-26.x\run\config\jei\jei-debug.ini
[15mai.2026 20:39:13.913] [modloading-worker-0/DEBUG] [mezz.jei.common.config.file.ConfigSchema/]: Localization has not loaded yet, waiting to save the config file until JEI starts.
[15mai.2026 20:39:13.913] [modloading-worker-0/DEBUG] [net.neoforged.fml.javafmlmod.AutomaticEventSubscriber/LOADING]: Subscribing method public static void net.neoforged.neoforge.attachment.AttachmentSync.onChunkSent(net.neoforged.neoforge.event.level.ChunkWatchEvent$Sent) to the game event bus
[15mai.2026 20:39:13.914] [modloading-worker-0/DEBUG] [net.neoforged.fml.javafmlmod.AutomaticEventSubscriber/LOADING]: Scanning class net.neoforged.neoforge.client.BlockEntityRenderBoundsDebugRenderer for @SubscribeEvent-annotated methods
[15mai.2026 20:39:13.915] [modloading-worker-0/DEBUG] [mezz.jei.common.config.file.ConfigSerializer/]: Loading config file: C:\Users\arthu\Downloads\Cursed Energy\ce-26.x\run\config\jei\jei-mod-id-format.ini
[15mai.2026 20:39:13.916] [modloading-worker-0/DEBUG] [mixin/]: Mixing renderer.blockentity.MixinBlockEntityRenderDispatcher from badoptimizations.mixins.json into net.minecraft.client.renderer.blockentity.BlockEntityRenderDispatcher
[15mai.2026 20:39:13.916] [modloading-worker-0/DEBUG] [mixin/]: badoptimizations.mixins.json:renderer.blockentity.MixinBlockEntityRenderDispatcher from mod badoptimizations: Class version 69 required is higher than the class version supported by the current version of Mixin (JAVA_17 supports class version 61)
[15mai.2026 20:39:13.916] [modloading-worker-0/DEBUG] [mezz.jei.common.config.file.ConfigSchema/]: Localization has not loaded yet, waiting to save the config file until JEI starts.
[15mai.2026 20:39:13.917] [modloading-worker-0/DEBUG] [mixin/]: badoptimizations.mixins.json:renderer.blockentity.MixinBlockEntityRenderDispatcher from mod badoptimizations->@Inject::afterReload(Lnet/minecraft/server/packs/resources/ResourceManager;Lorg/spongepowered/asm/mixin/injection/callback/CallbackInfo;)V doesn't use it's CallbackInfo
[15mai.2026 20:39:13.917] [modloading-worker-0/DEBUG] [mixin/]: badoptimizations.mixins.json:renderer.blockentity.MixinBlockEntityRenderDispatcher from mod badoptimizations->@Inject::afterReload(Lnet/minecraft/server/packs/resources/ResourceManager;Lorg/spongepowered/asm/mixin/injection/callback/CallbackInfo;)V has 0 override(s) in child classes
[15mai.2026 20:39:13.917] [modloading-worker-0/DEBUG] [mixin/]: badoptimizations.mixins.json:renderer.blockentity.MixinBlockEntityRenderDispatcher from mod badoptimizations->@Inject::afterReload(Lnet/minecraft/server/packs/resources/ResourceManager;Lorg/spongepowered/asm/mixin/injection/callback/CallbackInfo;)V won't be passed a CallbackInfo as a result
[15mai.2026 20:39:13.917] [modloading-worker-0/DEBUG] [net.neoforged.fml.javafmlmod.AutomaticEventSubscriber/LOADING]: Subscribing method public static void net.neoforged.neoforge.client.BlockEntityRenderBoundsDebugRenderer.onRenderLevelStage(net.neoforged.neoforge.client.event.RenderLevelStageEvent$AfterOpaqueFeatures) to the game event bus
[15mai.2026 20:39:13.918] [modloading-worker-0/DEBUG] [net.neoforged.fml.javafmlmod.AutomaticEventSubscriber/LOADING]: Subscribing method public static void net.neoforged.neoforge.client.BlockEntityRenderBoundsDebugRenderer.onRegisterClientCommands(net.neoforged.neoforge.client.event.RegisterClientCommandsEvent) to the game event bus
[15mai.2026 20:39:13.918] [modloading-worker-0/DEBUG] [net.neoforged.fml.javafmlmod.AutomaticEventSubscriber/LOADING]: Subscribing method public static void net.neoforged.neoforge.client.BlockEntityRenderBoundsDebugRenderer.onExtractLevelRenderState(net.neoforged.neoforge.client.event.ExtractLevelRenderStateEvent) to the game event bus
[15mai.2026 20:39:13.918] [modloading-worker-0/DEBUG] [net.neoforged.fml.javafmlmod.AutomaticEventSubscriber/LOADING]: Scanning class net.neoforged.neoforge.client.NeoForgeRenderPipelines for @SubscribeEvent-annotated methods
[15mai.2026 20:39:13.919] [modloading-worker-0/DEBUG] [net.neoforged.fml.javafmlmod.AutomaticEventSubscriber/LOADING]: Attempting to inject @EventBusSubscriber classes into the eventbus for jade
[15mai.2026 20:39:13.919] [modloading-worker-0/DEBUG] [mezz.jei.common.config.file.ConfigSerializer/]: Loading config file: C:\Users\arthu\Downloads\Cursed Energy\ce-26.x\run\config\jei\jei-colors.ini
[15mai.2026 20:39:13.920] [modloading-worker-0/DEBUG] [mezz.jei.common.config.file.ConfigSchema/]: Localization has not loaded yet, waiting to save the config file until JEI starts.
[15mai.2026 20:39:13.930] [modloading-worker-0/DEBUG] [mezz.jei.common.config.file.ConfigSerializer/]: Loading config file: C:\Users\arthu\Downloads\Cursed Energy\ce-26.x\run\config\jei\jei-client.ini
[15mai.2026 20:39:13.931] [modloading-worker-0/DEBUG] [mezz.jei.common.config.file.ConfigSchema/]: Localization has not loaded yet, waiting to save the config file until JEI starts.
[15mai.2026 20:39:13.933] [modloading-worker-0/DEBUG] [net.neoforged.fml.javafmlmod.AutomaticEventSubscriber/LOADING]: Subscribing method static void net.neoforged.neoforge.client.NeoForgeRenderPipelines.registerPipelines(net.neoforged.neoforge.client.event.RegisterRenderPipelinesEvent) to the event bus of mod neoforge
[15mai.2026 20:39:13.934] [modloading-worker-0/DEBUG] [net.neoforged.fml.javafmlmod.AutomaticEventSubscriber/LOADING]: Scanning class net.neoforged.neoforge.client.network.ClientPayloadHandler for @SubscribeEvent-annotated methods
[15mai.2026 20:39:13.934] [modloading-worker-0/INFO] [mezz.jei.library.load.PluginCaller/]: Sending ConfigManager...
[15mai.2026 20:39:13.935] [modloading-worker-0/DEBUG] [mezz.jei.library.load.PluginCallerTimerRunnable/]: Sending ConfigManager: jei:minecraft...
[15mai.2026 20:39:13.935] [modloading-worker-0/DEBUG] [mezz.jei.library.load.PluginCallerTimerRunnable/]: Sending ConfigManager: jade:main...
[15mai.2026 20:39:13.936] [modloading-worker-0/DEBUG] [mezz.jei.library.load.PluginCallerTimerRunnable/]: Sending ConfigManager: jei:gui...
[15mai.2026 20:39:13.936] [modloading-worker-0/DEBUG] [mezz.jei.library.load.PluginCallerTimerRunnable/]: Sending ConfigManager: jei:debug...
[15mai.2026 20:39:13.936] [modloading-worker-0/DEBUG] [mezz.jei.library.load.PluginCallerTimerRunnable/]: Sending ConfigManager: jei:neoforge_gui...
[15mai.2026 20:39:13.936] [modloading-worker-0/DEBUG] [mezz.jei.library.load.PluginCallerTimerRunnable/]: Sending ConfigManager: jei:internal...
[15mai.2026 20:39:13.936] [modloading-worker-0/INFO] [mezz.jei.library.load.PluginCaller/]: Sending ConfigManager took 1.465 milliseconds
[15mai.2026 20:39:13.940] [modloading-worker-0/DEBUG] [net.neoforged.fml.javafmlmod.AutomaticEventSubscriber/LOADING]: Attempting to inject @EventBusSubscriber classes into the eventbus for jei
[15mai.2026 20:39:13.942] [modloading-worker-0/DEBUG] [mixin/]: Mixing MinecraftClientMixin from lambdynlights.mixins.json into net.minecraft.client.Minecraft
[15mai.2026 20:39:13.942] [modloading-worker-0/DEBUG] [mixin/]: Mixing client.MinecraftClientMixin from yumi_mc_core.mixins.json into net.minecraft.client.Minecraft
[15mai.2026 20:39:13.942] [modloading-worker-0/DEBUG] [mixin/]: Mixing core.MixinMinecraft from immediatelyfast-common.mixins.json into net.minecraft.client.Minecraft
[15mai.2026 20:39:13.942] [modloading-worker-0/DEBUG] [mixin/]: Mixing startup.MinecraftMixin from lithium-neoforge.mixins.json into net.minecraft.client.Minecraft
[15mai.2026 20:39:13.942] [modloading-worker-0/DEBUG] [mixin/]: lithium-neoforge.mixins.json:startup.MinecraftMixin from mod lithium: Class version 69 required is higher than the class version supported by the current version of Mixin (JAVA_21 supports class version 65)
[15mai.2026 20:39:13.942] [modloading-worker-0/DEBUG] [mixin/]: Renaming synthetic method lambda$lithium$loadConfig$0(Lnet/neoforged/fml/ModContainer;)Ljava/lang/String; to md94a32b$lithium$lambda$lithium$loadConfig$0$0 in lithium-neoforge.mixins.json:startup.MinecraftMixin from mod lithium
[15mai.2026 20:39:13.942] [modloading-worker-0/DEBUG] [mixin/]: Mixing bugfix.world_leaks.MinecraftMixin from modernfix-modernfix.mixins.json into net.minecraft.client.Minecraft
[15mai.2026 20:39:13.942] [modloading-worker-0/DEBUG] [mixin/]: modernfix-modernfix.mixins.json:bugfix.world_leaks.MinecraftMixin from mod modernfix: Class version 69 required is higher than the class version supported by the current version of Mixin (JAVA_21 supports class version 65)
[15mai.2026 20:39:13.942] [modloading-worker-0/DEBUG] [mixin/]: Mixing devenv.MinecraftMixin from modernfix-modernfix.mixins.json into net.minecraft.client.Minecraft
[15mai.2026 20:39:13.942] [modloading-worker-0/DEBUG] [mixin/]: modernfix-modernfix.mixins.json:devenv.MinecraftMixin from mod modernfix: Class version 69 required is higher than the class version supported by the current version of Mixin (JAVA_21 supports class version 65)
[15mai.2026 20:39:13.942] [modloading-worker-0/DEBUG] [mixin/]: Mixing perf.dedicated_reload_executor.MinecraftMixin from modernfix-modernfix.mixins.json into net.minecraft.client.Minecraft
[15mai.2026 20:39:13.942] [modloading-worker-0/DEBUG] [mixin/]: modernfix-modernfix.mixins.json:perf.dedicated_reload_executor.MinecraftMixin from mod modernfix: Class version 69 required is higher than the class version supported by the current version of Mixin (JAVA_21 supports class version 65)
[15mai.2026 20:39:13.942] [modloading-worker-0/DEBUG] [mixin/]: Mixing perf.encoder_cache_leak.MinecraftMixin from modernfix-modernfix.mixins.json into net.minecraft.client.Minecraft
[15mai.2026 20:39:13.942] [modloading-worker-0/DEBUG] [mixin/]: modernfix-modernfix.mixins.json:perf.encoder_cache_leak.MinecraftMixin from mod modernfix: Class version 69 required is higher than the class version supported by the current version of Mixin (JAVA_21 supports class version 65)
[15mai.2026 20:39:13.942] [modloading-worker-0/DEBUG] [mixin/]: Mixing feature.measure_time.MinecraftMixin_Forge from modernfix-modernfix.mixins.json into net.minecraft.client.Minecraft
[15mai.2026 20:39:13.942] [modloading-worker-0/DEBUG] [mixin/]: modernfix-modernfix.mixins.json:feature.measure_time.MinecraftMixin_Forge from mod modernfix: Class version 69 required is higher than the class version supported by the current version of Mixin (JAVA_21 supports class version 65)
[15mai.2026 20:39:13.942] [modloading-worker-0/DEBUG] [mixin/]: Mixing feature.measure_time.MinecraftMixin from modernfix-modernfix.mixins.json into net.minecraft.client.Minecraft
[15mai.2026 20:39:13.942] [modloading-worker-0/DEBUG] [mixin/]: modernfix-modernfix.mixins.json:feature.measure_time.MinecraftMixin from mod modernfix: Class version 69 required is higher than the class version supported by the current version of Mixin (JAVA_21 supports class version 65)
[15mai.2026 20:39:13.943] [modloading-worker-0/DEBUG] [mixin/]: Mixing MinecraftClientMixin from spruceui.mixins.json into net.minecraft.client.Minecraft
[15mai.2026 20:39:13.943] [modloading-worker-0/DEBUG] [mixin/]: Mixing MinecraftMixin from dynamic_fps.common.mixins.json into net.minecraft.client.Minecraft
[15mai.2026 20:39:13.943] [modloading-worker-0/DEBUG] [mixin/]: Mixing feature.remove_telemetry.MinecraftMixin_Telemetry from modernfix-modernfix.mixins.json into net.minecraft.client.Minecraft
[15mai.2026 20:39:13.943] [modloading-worker-0/DEBUG] [mixin/]: modernfix-modernfix.mixins.json:feature.remove_telemetry.MinecraftMixin_Telemetry from mod modernfix: Class version 69 required is higher than the class version supported by the current version of Mixin (JAVA_21 supports class version 65)
[15mai.2026 20:39:13.949] [modloading-worker-0/DEBUG] [mixin/]: lambdynlights.mixins.json:MinecraftClientMixin from mod lambdynlights->@Inject::lambdynlights$onEndTick(Lorg/spongepowered/asm/mixin/injection/callback/CallbackInfo;)V doesn't use it's CallbackInfo
[15mai.2026 20:39:13.949] [modloading-worker-0/DEBUG] [mixin/]: lambdynlights.mixins.json:MinecraftClientMixin from mod lambdynlights->@Inject::lambdynlights$onEndTick(Lorg/spongepowered/asm/mixin/injection/callback/CallbackInfo;)V has 0 override(s) in child classes
[15mai.2026 20:39:13.949] [modloading-worker-0/DEBUG] [mixin/]: lambdynlights.mixins.json:MinecraftClientMixin from mod lambdynlights->@Inject::lambdynlights$onEndTick(Lorg/spongepowered/asm/mixin/injection/callback/CallbackInfo;)V won't be passed a CallbackInfo as a result
[15mai.2026 20:39:13.951] [modloading-worker-0/DEBUG] [mixin/]: lambdynlights.mixins.json:MinecraftClientMixin from mod lambdynlights->@Inject::onUpdateLevelInEngines(Lnet/minecraft/client/multiplayer/ClientLevel;Lorg/spongepowered/asm/mixin/injection/callback/CallbackInfo;)V doesn't use it's CallbackInfo
[15mai.2026 20:39:13.951] [modloading-worker-0/DEBUG] [mixin/]: lambdynlights.mixins.json:MinecraftClientMixin from mod lambdynlights->@Inject::onUpdateLevelInEngines(Lnet/minecraft/client/multiplayer/ClientLevel;Lorg/spongepowered/asm/mixin/injection/callback/CallbackInfo;)V has 0 override(s) in child classes
[15mai.2026 20:39:13.951] [modloading-worker-0/DEBUG] [mixin/]: lambdynlights.mixins.json:MinecraftClientMixin from mod lambdynlights->@Inject::onUpdateLevelInEngines(Lnet/minecraft/client/multiplayer/ClientLevel;Lorg/spongepowered/asm/mixin/injection/callback/CallbackInfo;)V won't be passed a CallbackInfo as a result
[15mai.2026 20:39:13.951] [modloading-worker-0/DEBUG] [mixin/]: yumi_mc_core.mixins.json:client.MinecraftClientMixin from mod yumi_mc_core->@Inject::onInit(Lnet/minecraft/client/main/GameConfig;Lorg/spongepowered/asm/mixin/injection/callback/CallbackInfo;)V doesn't use it's CallbackInfo
[15mai.2026 20:39:13.951] [modloading-worker-0/DEBUG] [mixin/]: yumi_mc_core.mixins.json:client.MinecraftClientMixin from mod yumi_mc_core->@Inject::onInit(Lnet/minecraft/client/main/GameConfig;Lorg/spongepowered/asm/mixin/injection/callback/CallbackInfo;)V has 0 override(s) in child classes
[15mai.2026 20:39:13.951] [modloading-worker-0/DEBUG] [mixin/]: yumi_mc_core.mixins.json:client.MinecraftClientMixin from mod yumi_mc_core->@Inject::onInit(Lnet/minecraft/client/main/GameConfig;Lorg/spongepowered/asm/mixin/injection/callback/CallbackInfo;)V won't be passed a CallbackInfo as a result
[15mai.2026 20:39:13.951] [modloading-worker-0/DEBUG] [mixin/]: immediatelyfast-common.mixins.json:core.MixinMinecraft from mod immediatelyfast->@Inject::initImmediatelyFast(Lorg/spongepowered/asm/mixin/injection/callback/CallbackInfo;)V doesn't use it's CallbackInfo
[15mai.2026 20:39:13.951] [modloading-worker-0/DEBUG] [mixin/]: immediatelyfast-common.mixins.json:core.MixinMinecraft from mod immediatelyfast->@Inject::initImmediatelyFast(Lorg/spongepowered/asm/mixin/injection/callback/CallbackInfo;)V has 0 override(s) in child classes
[15mai.2026 20:39:13.951] [modloading-worker-0/DEBUG] [mixin/]: immediatelyfast-common.mixins.json:core.MixinMinecraft from mod immediatelyfast->@Inject::initImmediatelyFast(Lorg/spongepowered/asm/mixin/injection/callback/CallbackInfo;)V won't be passed a CallbackInfo as a result
[15mai.2026 20:39:13.951] [modloading-worker-0/DEBUG] [mixin/]: immediatelyfast-common.mixins.json:core.MixinMinecraft from mod immediatelyfast->@Inject::hookLevelChange(Lorg/spongepowered/asm/mixin/injection/callback/CallbackInfo;)V doesn't use it's CallbackInfo
[15mai.2026 20:39:13.951] [modloading-worker-0/DEBUG] [mixin/]: immediatelyfast-common.mixins.json:core.MixinMinecraft from mod immediatelyfast->@Inject::hookLevelChange(Lorg/spongepowered/asm/mixin/injection/callback/CallbackInfo;)V has 0 override(s) in child classes
[15mai.2026 20:39:13.951] [modloading-worker-0/DEBUG] [mixin/]: immediatelyfast-common.mixins.json:core.MixinMinecraft from mod immediatelyfast->@Inject::hookLevelChange(Lorg/spongepowered/asm/mixin/injection/callback/CallbackInfo;)V won't be passed a CallbackInfo as a result
[15mai.2026 20:39:13.951] [modloading-worker-0/DEBUG] [mixin/]: lithium-neoforge.mixins.json:startup.MinecraftMixin from mod lithium->@Inject::lithium$loadConfig(Lnet/minecraft/client/main/GameConfig;Lorg/spongepowered/asm/mixin/injection/callback/CallbackInfo;)V doesn't use it's CallbackInfo
[15mai.2026 20:39:13.951] [modloading-worker-0/DEBUG] [mixin/]: lithium-neoforge.mixins.json:startup.MinecraftMixin from mod lithium->@Inject::lithium$loadConfig(Lnet/minecraft/client/main/GameConfig;Lorg/spongepowered/asm/mixin/injection/callback/CallbackInfo;)V has 0 override(s) in child classes
[15mai.2026 20:39:13.951] [modloading-worker-0/DEBUG] [mixin/]: lithium-neoforge.mixins.json:startup.MinecraftMixin from mod lithium->@Inject::lithium$loadConfig(Lnet/minecraft/client/main/GameConfig;Lorg/spongepowered/asm/mixin/injection/callback/CallbackInfo;)V won't be passed a CallbackInfo as a result
[15mai.2026 20:39:13.951] [modloading-worker-0/DEBUG] [mixin/]: modernfix-modernfix.mixins.json:bugfix.world_leaks.MinecraftMixin from mod modernfix->@Inject::clearLevelDataForLeaks(Lorg/spongepowered/asm/mixin/injection/callback/CallbackInfo;)V doesn't use it's CallbackInfo
[15mai.2026 20:39:13.951] [modloading-worker-0/DEBUG] [mixin/]: modernfix-modernfix.mixins.json:bugfix.world_leaks.MinecraftMixin from mod modernfix->@Inject::clearLevelDataForLeaks(Lorg/spongepowered/asm/mixin/injection/callback/CallbackInfo;)V has 0 override(s) in child classes
[15mai.2026 20:39:13.951] [modloading-worker-0/DEBUG] [mixin/]: modernfix-modernfix.mixins.json:bugfix.world_leaks.MinecraftMixin from mod modernfix->@Inject::clearLevelDataForLeaks(Lorg/spongepowered/asm/mixin/injection/callback/CallbackInfo;)V won't be passed a CallbackInfo as a result
[15mai.2026 20:39:13.951] [modloading-worker-0/DEBUG] [mixin/]: modernfix-modernfix.mixins.json:perf.encoder_cache_leak.MinecraftMixin from mod modernfix->@Inject::clearEncoderCache(Lorg/spongepowered/asm/mixin/injection/callback/CallbackInfo;)V doesn't use it's CallbackInfo
[15mai.2026 20:39:13.951] [modloading-worker-0/DEBUG] [mixin/]: modernfix-modernfix.mixins.json:perf.encoder_cache_leak.MinecraftMixin from mod modernfix->@Inject::clearEncoderCache(Lorg/spongepowered/asm/mixin/injection/callback/CallbackInfo;)V has 0 override(s) in child classes
[15mai.2026 20:39:13.951] [modloading-worker-0/DEBUG] [mixin/]: modernfix-modernfix.mixins.json:perf.encoder_cache_leak.MinecraftMixin from mod modernfix->@Inject::clearEncoderCache(Lorg/spongepowered/asm/mixin/injection/callback/CallbackInfo;)V won't be passed a CallbackInfo as a result
[15mai.2026 20:39:13.951] [modloading-worker-0/DEBUG] [mixin/]: modernfix-modernfix.mixins.json:perf.encoder_cache_leak.MinecraftMixin from mod modernfix->@Inject::clearEncoderCache(Lorg/spongepowered/asm/mixin/injection/callback/CallbackInfo;)V doesn't use it's CallbackInfo
[15mai.2026 20:39:13.951] [modloading-worker-0/DEBUG] [mixin/]: modernfix-modernfix.mixins.json:perf.encoder_cache_leak.MinecraftMixin from mod modernfix->@Inject::clearEncoderCache(Lorg/spongepowered/asm/mixin/injection/callback/CallbackInfo;)V has 0 override(s) in child classes
[15mai.2026 20:39:13.951] [modloading-worker-0/DEBUG] [mixin/]: modernfix-modernfix.mixins.json:perf.encoder_cache_leak.MinecraftMixin from mod modernfix->@Inject::clearEncoderCache(Lorg/spongepowered/asm/mixin/injection/callback/CallbackInfo;)V won't be passed a CallbackInfo as a result
[15mai.2026 20:39:13.951] [modloading-worker-0/DEBUG] [mixin/]: modernfix-modernfix.mixins.json:feature.measure_time.MinecraftMixin_Forge from mod modernfix->@Inject::recordWorldLoadStart(Lorg/spongepowered/asm/mixin/injection/callback/CallbackInfo;)V doesn't use it's CallbackInfo
[15mai.2026 20:39:13.951] [modloading-worker-0/DEBUG] [mixin/]: modernfix-modernfix.mixins.json:feature.measure_time.MinecraftMixin_Forge from mod modernfix->@Inject::recordWorldLoadStart(Lorg/spongepowered/asm/mixin/injection/callback/CallbackInfo;)V has 0 override(s) in child classes
[15mai.2026 20:39:13.951] [modloading-worker-0/DEBUG] [mixin/]: modernfix-modernfix.mixins.json:feature.measure_time.MinecraftMixin_Forge from mod modernfix->@Inject::recordWorldLoadStart(Lorg/spongepowered/asm/mixin/injection/callback/CallbackInfo;)V won't be passed a CallbackInfo as a result
[15mai.2026 20:39:13.951] [modloading-worker-0/DEBUG] [mixin/]: modernfix-modernfix.mixins.json:feature.measure_time.MinecraftMixin from mod modernfix->@Inject::onClientTick(Lorg/spongepowered/asm/mixin/injection/callback/CallbackInfo;)V doesn't use it's CallbackInfo
[15mai.2026 20:39:13.951] [modloading-worker-0/DEBUG] [mixin/]: modernfix-modernfix.mixins.json:feature.measure_time.MinecraftMixin from mod modernfix->@Inject::onClientTick(Lorg/spongepowered/asm/mixin/injection/callback/CallbackInfo;)V has 0 override(s) in child classes
[15mai.2026 20:39:13.951] [modloading-worker-0/DEBUG] [mixin/]: modernfix-modernfix.mixins.json:feature.measure_time.MinecraftMixin from mod modernfix->@Inject::onClientTick(Lorg/spongepowered/asm/mixin/injection/callback/CallbackInfo;)V won't be passed a CallbackInfo as a result
[15mai.2026 20:39:13.952] [modloading-worker-0/DEBUG] [mixin/]: modernfix-modernfix.mixins.json:feature.measure_time.MinecraftMixin from mod modernfix->@Inject::recordWorldLoadStart(Lorg/spongepowered/asm/mixin/injection/callback/CallbackInfo;)V doesn't use it's CallbackInfo
[15mai.2026 20:39:13.952] [modloading-worker-0/DEBUG] [mixin/]: modernfix-modernfix.mixins.json:feature.measure_time.MinecraftMixin from mod modernfix->@Inject::recordWorldLoadStart(Lorg/spongepowered/asm/mixin/injection/callback/CallbackInfo;)V has 0 override(s) in child classes
[15mai.2026 20:39:13.952] [modloading-worker-0/DEBUG] [mixin/]: modernfix-modernfix.mixins.json:feature.measure_time.MinecraftMixin from mod modernfix->@Inject::recordWorldLoadStart(Lorg/spongepowered/asm/mixin/injection/callback/CallbackInfo;)V won't be passed a CallbackInfo as a result
[15mai.2026 20:39:13.952] [modloading-worker-0/DEBUG] [mixin/]: spruceui.mixins.json:MinecraftClientMixin from mod spruceui->@Inject::onResolutionChanged(Lorg/spongepowered/asm/mixin/injection/callback/CallbackInfo;)V doesn't use it's CallbackInfo
[15mai.2026 20:39:13.952] [modloading-worker-0/DEBUG] [mixin/]: spruceui.mixins.json:MinecraftClientMixin from mod spruceui->@Inject::onResolutionChanged(Lorg/spongepowered/asm/mixin/injection/callback/CallbackInfo;)V has 0 override(s) in child classes
[15mai.2026 20:39:13.952] [modloading-worker-0/DEBUG] [mixin/]: spruceui.mixins.json:MinecraftClientMixin from mod spruceui->@Inject::onResolutionChanged(Lorg/spongepowered/asm/mixin/injection/callback/CallbackInfo;)V won't be passed a CallbackInfo as a result
[15mai.2026 20:39:13.952] [modloading-worker-0/DEBUG] [mixin/]: spruceui.mixins.json:MinecraftClientMixin from mod spruceui->@Inject::spruceui$onScreenRemove(Lnet/minecraft/client/gui/screens/Screen;Lorg/spongepowered/asm/mixin/injection/callback/CallbackInfo;)V doesn't use it's CallbackInfo
[15mai.2026 20:39:13.952] [modloading-worker-0/DEBUG] [mixin/]: spruceui.mixins.json:MinecraftClientMixin from mod spruceui->@Inject::spruceui$onScreenRemove(Lnet/minecraft/client/gui/screens/Screen;Lorg/spongepowered/asm/mixin/injection/callback/CallbackInfo;)V has 0 override(s) in child classes
[15mai.2026 20:39:13.952] [modloading-worker-0/DEBUG] [mixin/]: spruceui.mixins.json:MinecraftClientMixin from mod spruceui->@Inject::spruceui$onScreenRemove(Lnet/minecraft/client/gui/screens/Screen;Lorg/spongepowered/asm/mixin/injection/callback/CallbackInfo;)V won't be passed a CallbackInfo as a result
[15mai.2026 20:39:13.952] [modloading-worker-0/DEBUG] [mixin/]: spruceui.mixins.json:MinecraftClientMixin from mod spruceui->@Inject::spruceui$onScreenRemoveBecauseStopping(Lorg/spongepowered/asm/mixin/injection/callback/CallbackInfo;)V doesn't use it's CallbackInfo
[15mai.2026 20:39:13.952] [modloading-worker-0/DEBUG] [mixin/]: spruceui.mixins.json:MinecraftClientMixin from mod spruceui->@Inject::spruceui$onScreenRemoveBecauseStopping(Lorg/spongepowered/asm/mixin/injection/callback/CallbackInfo;)V has 0 override(s) in child classes
[15mai.2026 20:39:13.952] [modloading-worker-0/DEBUG] [mixin/]: spruceui.mixins.json:MinecraftClientMixin from mod spruceui->@Inject::spruceui$onScreenRemoveBecauseStopping(Lorg/spongepowered/asm/mixin/injection/callback/CallbackInfo;)V won't be passed a CallbackInfo as a result
[15mai.2026 20:39:13.952] [modloading-worker-0/DEBUG] [mixin/]: spruceui.mixins.json:MinecraftClientMixin from mod spruceui->@Inject::spruceui$onBeforeLoadingScreenTick(Lorg/spongepowered/asm/mixin/injection/callback/CallbackInfo;)V doesn't use it's CallbackInfo
[15mai.2026 20:39:13.952] [modloading-worker-0/DEBUG] [mixin/]: spruceui.mixins.json:MinecraftClientMixin from mod spruceui->@Inject::spruceui$onBeforeLoadingScreenTick(Lorg/spongepowered/asm/mixin/injection/callback/CallbackInfo;)V has 0 override(s) in child classes
[15mai.2026 20:39:13.952] [modloading-worker-0/DEBUG] [mixin/]: spruceui.mixins.json:MinecraftClientMixin from mod spruceui->@Inject::spruceui$onBeforeLoadingScreenTick(Lorg/spongepowered/asm/mixin/injection/callback/CallbackInfo;)V won't be passed a CallbackInfo as a result
[15mai.2026 20:39:13.952] [modloading-worker-0/DEBUG] [mixin/]: spruceui.mixins.json:MinecraftClientMixin from mod spruceui->@Inject::spruceui$onAfterLoadingScreenTick(Lorg/spongepowered/asm/mixin/injection/callback/CallbackInfo;)V doesn't use it's CallbackInfo
[15mai.2026 20:39:13.952] [modloading-worker-0/DEBUG] [mixin/]: spruceui.mixins.json:MinecraftClientMixin from mod spruceui->@Inject::spruceui$onAfterLoadingScreenTick(Lorg/spongepowered/asm/mixin/injection/callback/CallbackInfo;)V has 0 override(s) in child classes
[15mai.2026 20:39:13.952] [modloading-worker-0/DEBUG] [mixin/]: spruceui.mixins.json:MinecraftClientMixin from mod spruceui->@Inject::spruceui$onAfterLoadingScreenTick(Lorg/spongepowered/asm/mixin/injection/callback/CallbackInfo;)V won't be passed a CallbackInfo as a result
[15mai.2026 20:39:13.952] [modloading-worker-0/DEBUG] [mixin/]: dynamic_fps.common.mixins.json:MinecraftMixin from mod dynamic_fps_common->@Inject::onInit(Lorg/spongepowered/asm/mixin/injection/callback/CallbackInfo;)V doesn't use it's CallbackInfo
[15mai.2026 20:39:13.952] [modloading-worker-0/DEBUG] [mixin/]: dynamic_fps.common.mixins.json:MinecraftMixin from mod dynamic_fps_common->@Inject::onInit(Lorg/spongepowered/asm/mixin/injection/callback/CallbackInfo;)V has 0 override(s) in child classes
[15mai.2026 20:39:13.952] [modloading-worker-0/DEBUG] [mixin/]: dynamic_fps.common.mixins.json:MinecraftMixin from mod dynamic_fps_common->@Inject::onInit(Lorg/spongepowered/asm/mixin/injection/callback/CallbackInfo;)V won't be passed a CallbackInfo as a result
[15mai.2026 20:39:13.953] [modloading-worker-0/DEBUG] [mixin/]: dynamic_fps.common.mixins.json:MinecraftMixin from mod dynamic_fps_common->@Inject::setScreen(Lorg/spongepowered/asm/mixin/injection/callback/CallbackInfo;)V doesn't use it's CallbackInfo
[15mai.2026 20:39:13.953] [modloading-worker-0/DEBUG] [mixin/]: dynamic_fps.common.mixins.json:MinecraftMixin from mod dynamic_fps_common->@Inject::setScreen(Lorg/spongepowered/asm/mixin/injection/callback/CallbackInfo;)V has 0 override(s) in child classes
[15mai.2026 20:39:13.953] [modloading-worker-0/DEBUG] [mixin/]: dynamic_fps.common.mixins.json:MinecraftMixin from mod dynamic_fps_common->@Inject::setScreen(Lorg/spongepowered/asm/mixin/injection/callback/CallbackInfo;)V won't be passed a CallbackInfo as a result
[15mai.2026 20:39:13.953] [modloading-worker-0/DEBUG] [mixin/]: modernfix-modernfix.mixins.json:feature.remove_telemetry.MinecraftMixin_Telemetry from mod modernfix->@Inject::markTelemetryNotAllowed(Lorg/spongepowered/asm/mixin/injection/callback/CallbackInfoReturnable;)V does use it's CallbackInfoReturnable
[15mai.2026 20:39:13.961] [modloading-worker-0/DEBUG] [net.neoforged.fml.javafmlmod.AutomaticEventSubscriber/LOADING]: Subscribing method private static void net.neoforged.neoforge.client.network.ClientPayloadHandler.register(net.neoforged.neoforge.client.network.event.RegisterClientPayloadHandlersEvent) to the event bus of mod neoforge
[15mai.2026 20:39:13.962] [modloading-worker-0/DEBUG] [net.neoforged.fml.javafmlmod.AutomaticEventSubscriber/LOADING]: Scanning class net.neoforged.neoforge.common.MonsterRoomHooks for @SubscribeEvent-annotated methods
[15mai.2026 20:39:13.962] [modloading-worker-0/DEBUG] [net.neoforged.fml.javafmlmod.AutomaticEventSubscriber/LOADING]: Subscribing method public static void net.neoforged.neoforge.common.MonsterRoomHooks.onDataMapsUpdated(net.neoforged.neoforge.registries.datamaps.DataMapsUpdatedEvent) to the game event bus
[15mai.2026 20:39:13.962] [modloading-worker-0/DEBUG] [net.neoforged.fml.javafmlmod.AutomaticEventSubscriber/LOADING]: Scanning class net.neoforged.neoforge.model.data.ModelDataManager for @SubscribeEvent-annotated methods
[15mai.2026 20:39:13.963] [modloading-worker-0/DEBUG] [net.neoforged.fml.javafmlmod.AutomaticEventSubscriber/LOADING]: Subscribing method public static void net.neoforged.neoforge.model.data.ModelDataManager.onChunkUnload(net.neoforged.neoforge.event.level.ChunkEvent$Unload) to the game event bus
[15mai.2026 20:39:13.964] [modloading-worker-0/DEBUG] [net.neoforged.fml.javafmlmod.AutomaticEventSubscriber/LOADING]: Scanning class net.neoforged.neoforge.network.ConfigurationInitialization for @SubscribeEvent-annotated methods
[15mai.2026 20:39:13.966] [modloading-worker-0/DEBUG] [net.neoforged.fml.javafmlmod.AutomaticEventSubscriber/LOADING]: Subscribing method private static void net.neoforged.neoforge.network.ConfigurationInitialization.configureModdedClient(net.neoforged.neoforge.network.event.RegisterConfigurationTasksEvent) to the event bus of mod neoforge
[15mai.2026 20:39:13.966] [modloading-worker-0/DEBUG] [net.neoforged.fml.javafmlmod.AutomaticEventSubscriber/LOADING]: Scanning class net.neoforged.neoforge.network.NetworkInitialization for @SubscribeEvent-annotated methods
[15mai.2026 20:39:13.967] [modloading-worker-0/DEBUG] [net.neoforged.fml.javafmlmod.AutomaticEventSubscriber/LOADING]: Subscribing method private static void net.neoforged.neoforge.network.NetworkInitialization.register(net.neoforged.neoforge.network.event.RegisterPayloadHandlersEvent) to the event bus of mod neoforge
[15mai.2026 20:39:13.967] [modloading-worker-0/DEBUG] [net.neoforged.fml.javafmlmod.AutomaticEventSubscriber/LOADING]: Scanning class net.neoforged.neoforge.network.filters.GenericPacketSplitter for @SubscribeEvent-annotated methods
[15mai.2026 20:39:13.991] [modloading-worker-0/DEBUG] [net.neoforged.fml.javafmlmod.AutomaticEventSubscriber/LOADING]: Attempting to inject @EventBusSubscriber classes into the eventbus for palladium
[15mai.2026 20:39:13.991] [modloading-worker-0/DEBUG] [net.neoforged.fml.javafmlmod.AutomaticEventSubscriber/LOADING]: Scanning class net.threetag.palladium.Palladium for @SubscribeEvent-annotated methods
[15mai.2026 20:39:13.991] [modloading-worker-0/DEBUG] [io.netty.util.internal.PlatformDependent0/]: Java version: 25
[15mai.2026 20:39:13.991] [modloading-worker-0/DEBUG] [io.netty.util.internal.PlatformDependent0/]: -Dio.netty.noUnsafe: false
[15mai.2026 20:39:13.991] [modloading-worker-0/DEBUG] [net.neoforged.fml.javafmlmod.AutomaticEventSubscriber/LOADING]: Subscribing method static void net.threetag.palladium.Palladium.init(net.neoforged.fml.event.lifecycle.FMLCommonSetupEvent) to the event bus of mod palladium
[15mai.2026 20:39:13.992] [modloading-worker-0/DEBUG] [net.neoforged.fml.javafmlmod.AutomaticEventSubscriber/LOADING]: Subscribing method static void net.threetag.palladium.Palladium.commandRegister(net.neoforged.neoforge.event.RegisterCommandsEvent) to the game event bus
[15mai.2026 20:39:13.992] [modloading-worker-0/DEBUG] [net.neoforged.fml.javafmlmod.AutomaticEventSubscriber/LOADING]: Subscribing method static void net.threetag.palladium.Palladium.reloadListener(net.neoforged.neoforge.event.AddServerReloadListenersEvent) to the game event bus
[15mai.2026 20:39:13.992] [modloading-worker-0/DEBUG] [net.neoforged.fml.javafmlmod.AutomaticEventSubscriber/LOADING]: Subscribing method static void net.threetag.palladium.Palladium.palladiumCommands(net.threetag.palladium.command.RegisterPalladiumCommandsEvent) to the game event bus
[15mai.2026 20:39:13.992] [modloading-worker-0/DEBUG] [net.neoforged.fml.javafmlmod.AutomaticEventSubscriber/LOADING]: Scanning class net.threetag.palladium.addonpack.AddonPackManager for @SubscribeEvent-annotated methods
[15mai.2026 20:39:13.992] [modloading-worker-0/DEBUG] [io.netty.util.internal.PlatformDependent0/]: sun.misc.Unsafe.theUnsafe: available
[15mai.2026 20:39:13.993] [modloading-worker-0/DEBUG] [io.netty.util.internal.PlatformDependent0/]: sun.misc.Unsafe base methods: all available
[15mai.2026 20:39:13.993] [modloading-worker-0/DEBUG] [io.netty.util.internal.PlatformDependent0/]: java.nio.Buffer.address: available
[15mai.2026 20:39:13.993] [modloading-worker-0/DEBUG] [io.netty.util.internal.PlatformDependent0/]: direct buffer constructor: unavailable: Reflective setAccessible(true) disabled
[15mai.2026 20:39:13.994] [modloading-worker-0/DEBUG] [io.netty.util.internal.PlatformDependent0/]: java.nio.Bits.unaligned: available, true
[15mai.2026 20:39:13.994] [modloading-worker-0/DEBUG] [mixin/]: Mixing PackTypeMixin from palladium.mixins.json into net.minecraft.server.packs.PackType
[15mai.2026 20:39:13.994] [modloading-worker-0/DEBUG] [io.netty.util.internal.PlatformDependent0/]: jdk.internal.misc.Unsafe.allocateUninitializedArray(int): unavailable: symbolic reference class is not accessible: class jdk.internal.misc.Unsafe, from class io.netty.util.internal.PlatformDependent0 (unnamed module @2ed0fbae)
[15mai.2026 20:39:13.994] [modloading-worker-0/DEBUG] [mixin/]: Renaming synthetic method $values()[Lnet/minecraft/server/packs/PackType; to md94a32b$palladium$$values$0 in palladium.mixins.json:PackTypeMixin from mod palladium
[15mai.2026 20:39:13.995] [modloading-worker-0/DEBUG] [io.netty.util.internal.PlatformDependent0/]: java.nio.DirectByteBuffer.<init>(long, {int,long}): unavailable
[15mai.2026 20:39:13.995] [modloading-worker-0/DEBUG] [io.netty.util.internal.PlatformDependent/]: sun.misc.Unsafe: available
[15mai.2026 20:39:13.995] [modloading-worker-0/DEBUG] [io.netty.util.internal.PlatformDependent/]: -Dio.netty.tmpdir: C:\Users\arthu\AppData\Local\Temp (java.io.tmpdir)
[15mai.2026 20:39:13.995] [modloading-worker-0/DEBUG] [io.netty.util.internal.PlatformDependent/]: -Dio.netty.bitMode: 64 (sun.arch.data.model)
[15mai.2026 20:39:13.995] [modloading-worker-0/DEBUG] [io.netty.util.internal.PlatformDependent/]: Platform: Windows
[15mai.2026 20:39:13.996] [modloading-worker-0/DEBUG] [io.netty.util.internal.PlatformDependent/]: -Dio.netty.maxDirectMemory: -1 bytes
[15mai.2026 20:39:13.997] [modloading-worker-0/DEBUG] [io.netty.util.internal.CleanerJava9/]: java.nio.ByteBuffer.cleaner(): available
[15mai.2026 20:39:13.997] [modloading-worker-0/DEBUG] [io.netty.util.internal.PlatformDependent/]: -Dio.netty.noPreferDirect: false
[15mai.2026 20:39:13.997] [modloading-worker-0/DEBUG] [mixin/]: Mixing PackMetadataSectionMixin from palladium.mixins.json into net.minecraft.server.packs.metadata.pack.PackMetadataSection
[15mai.2026 20:39:13.997] [modloading-worker-0/DEBUG] [io.netty.util.internal.PlatformDependent/]: -Dio.netty.jfr.enabled: true
[15mai.2026 20:39:13.998] [modloading-worker-0/DEBUG] [mixin/]: palladium.mixins.json:PackMetadataSectionMixin from mod palladium->@Inject::forPackType(Lnet/minecraft/server/packs/PackType;Lorg/spongepowered/asm/mixin/injection/callback/CallbackInfoReturnable;)V does use it's CallbackInfoReturnable
[15mai.2026 20:39:14.005] [modloading-worker-0/DEBUG] [io.netty.buffer.AbstractByteBuf/]: -Dio.netty.buffer.checkAccessible: true
[15mai.2026 20:39:14.005] [modloading-worker-0/DEBUG] [io.netty.buffer.AbstractByteBuf/]: -Dio.netty.buffer.checkBounds: true
[15mai.2026 20:39:14.006] [modloading-worker-0/DEBUG] [io.netty.util.ResourceLeakDetectorFactory/]: Loaded default ResourceLeakDetector: io.netty.util.ResourceLeakDetector@7fb6c205
[15mai.2026 20:39:14.012] [modloading-worker-0/DEBUG] [net.neoforged.fml.javafmlmod.AutomaticEventSubscriber/LOADING]: Subscribing method static void net.threetag.palladium.addonpack.AddonPackManager.onRegister(net.neoforged.neoforge.registries.RegisterEvent) to the event bus of mod palladium
[15mai.2026 20:39:14.013] [modloading-worker-0/DEBUG] [net.neoforged.fml.javafmlmod.AutomaticEventSubscriber/LOADING]: Subscribing method static void net.threetag.palladium.addonpack.AddonPackManager.packFinder(net.neoforged.neoforge.event.AddPackFindersEvent) to the event bus of mod palladium
[15mai.2026 20:39:14.013] [modloading-worker-0/DEBUG] [net.neoforged.fml.javafmlmod.AutomaticEventSubscriber/LOADING]: Scanning class net.threetag.palladium.addonpack.DataAttachmentLoader for @SubscribeEvent-annotated methods
[15mai.2026 20:39:14.013] [modloading-worker-0/DEBUG] [io.netty.util.internal.InternalThreadLocalMap/]: -Dio.netty.threadLocalMap.stringBuilder.initialSize: 1024
[15mai.2026 20:39:14.013] [modloading-worker-0/DEBUG] [io.netty.util.internal.InternalThreadLocalMap/]: -Dio.netty.threadLocalMap.stringBuilder.maxSize: 4096
[15mai.2026 20:39:14.013] [modloading-worker-0/DEBUG] [net.neoforged.fml.javafmlmod.AutomaticEventSubscriber/LOADING]: Subscribing method static void net.threetag.palladium.addonpack.DataAttachmentLoader.register(net.neoforged.neoforge.registries.RegisterEvent) to the event bus of mod palladium
[15mai.2026 20:39:14.014] [modloading-worker-0/DEBUG] [net.neoforged.fml.javafmlmod.AutomaticEventSubscriber/LOADING]: Scanning class net.threetag.palladium.client.AbilityClientEventHandler for @SubscribeEvent-annotated methods
[15mai.2026 20:39:14.015] [modloading-worker-0/DEBUG] [io.netty.buffer.AdaptiveByteBufAllocator/]: -Dio.netty.allocator.useCachedMagazinesForNonEventLoopThreads: false
[15mai.2026 20:39:14.015] [modloading-worker-0/DEBUG] [net.neoforged.fml.javafmlmod.AutomaticEventSubscriber/LOADING]: Subscribing method static void net.threetag.palladium.client.AbilityClientEventHandler.renderHand(net.neoforged.neoforge.client.event.RenderHandEvent) to the game event bus
[15mai.2026 20:39:14.015] [modloading-worker-0/DEBUG] [net.neoforged.fml.javafmlmod.AutomaticEventSubscriber/LOADING]: Subscribing method static void net.threetag.palladium.client.AbilityClientEventHandler.fogColor(net.neoforged.neoforge.client.event.ViewportEvent$ComputeFogColor) to the game event bus
[15mai.2026 20:39:14.015] [modloading-worker-0/DEBUG] [net.neoforged.fml.javafmlmod.AutomaticEventSubscriber/LOADING]: Subscribing method static void net.threetag.palladium.client.AbilityClientEventHandler.renderFog(net.neoforged.neoforge.client.event.ViewportEvent$RenderFog) to the game event bus
[15mai.2026 20:39:14.016] [modloading-worker-0/DEBUG] [net.neoforged.fml.javafmlmod.AutomaticEventSubscriber/LOADING]: Subscribing method static void net.threetag.palladium.client.AbilityClientEventHandler.preRenderLiving(net.neoforged.neoforge.client.event.RenderLivingEvent$Pre) to the game event bus
[15mai.2026 20:39:14.016] [modloading-worker-0/DEBUG] [net.neoforged.fml.javafmlmod.AutomaticEventSubscriber/LOADING]: Subscribing method static void net.threetag.palladium.client.AbilityClientEventHandler.wallClimbing(net.neoforged.neoforge.client.event.ClientTickEvent$Post) to the game event bus
[15mai.2026 20:39:14.016] [modloading-worker-0/DEBUG] [net.neoforged.fml.javafmlmod.AutomaticEventSubscriber/LOADING]: Subscribing method static void net.threetag.palladium.client.AbilityClientEventHandler.postRenderLiving(net.neoforged.neoforge.client.event.RenderLivingEvent$Post) to the game event bus
[15mai.2026 20:39:14.016] [modloading-worker-0/DEBUG] [net.neoforged.fml.javafmlmod.AutomaticEventSubscriber/LOADING]: Scanning class net.threetag.palladium.client.PalladiumClient for @SubscribeEvent-annotated methods
[15mai.2026 20:39:14.018] [modloading-worker-0/DEBUG] [net.neoforged.fml.javafmlmod.AutomaticEventSubscriber/LOADING]: Subscribing method static void net.threetag.palladium.client.PalladiumClient.clientSetup(net.neoforged.fml.event.lifecycle.FMLClientSetupEvent) to the event bus of mod palladium
[15mai.2026 20:39:14.018] [modloading-worker-0/DEBUG] [net.neoforged.fml.javafmlmod.AutomaticEventSubscriber/LOADING]: Subscribing method static void net.threetag.palladium.client.PalladiumClient.entityRenderers(net.neoforged.neoforge.client.event.EntityRenderersEvent$RegisterRenderers) to the event bus of mod palladium
[15mai.2026 20:39:14.018] [modloading-worker-0/DEBUG] [net.neoforged.fml.javafmlmod.AutomaticEventSubscriber/LOADING]: Subscribing method static void net.threetag.palladium.client.PalladiumClient.entityRenderLayers(net.neoforged.neoforge.client.event.EntityRenderersEvent$AddLayers) to the event bus of mod palladium
[15mai.2026 20:39:14.018] [modloading-worker-0/DEBUG] [net.neoforged.fml.javafmlmod.AutomaticEventSubscriber/LOADING]: Subscribing method static void net.threetag.palladium.client.PalladiumClient.guiOverlays(net.neoforged.neoforge.client.event.RegisterGuiLayersEvent) to the event bus of mod palladium
[15mai.2026 20:39:14.019] [modloading-worker-0/DEBUG] [net.neoforged.fml.javafmlmod.AutomaticEventSubscriber/LOADING]: Subscribing method static void net.threetag.palladium.client.PalladiumClient.reloadListeners(net.neoforged.neoforge.client.event.AddClientReloadListenersEvent) to the event bus of mod palladium
[15mai.2026 20:39:14.019] [modloading-worker-0/DEBUG] [net.neoforged.fml.javafmlmod.AutomaticEventSubscriber/LOADING]: Subscribing method static void net.threetag.palladium.client.PalladiumClient.documentation(net.neoforged.neoforge.event.level.LevelEvent$Load) to the game event bus
[15mai.2026 20:39:14.019] [modloading-worker-0/DEBUG] [net.neoforged.fml.javafmlmod.AutomaticEventSubscriber/LOADING]: Subscribing method static void net.threetag.palladium.client.PalladiumClient.gatherData(net.neoforged.neoforge.data.event.GatherDataEvent$Client) to the event bus of mod palladium
[15mai.2026 20:39:14.019] [modloading-worker-0/DEBUG] [net.neoforged.fml.javafmlmod.AutomaticEventSubscriber/LOADING]: Subscribing method static void net.threetag.palladium.client.PalladiumClient.menuScreen(net.neoforged.neoforge.client.event.RegisterMenuScreensEvent) to the event bus of mod palladium
[15mai.2026 20:39:14.019] [modloading-worker-0/DEBUG] [net.neoforged.fml.javafmlmod.AutomaticEventSubscriber/LOADING]: Scanning class net.threetag.palladium.client.PalladiumKeyMappings for @SubscribeEvent-annotated methods
[15mai.2026 20:39:14.020] [modloading-worker-0/DEBUG] [net.neoforged.fml.javafmlmod.AutomaticEventSubscriber/LOADING]: Subscribing method static void net.threetag.palladium.client.PalladiumKeyMappings.registerKeyMappings(net.neoforged.neoforge.client.event.RegisterKeyMappingsEvent) to the event bus of mod palladium
[15mai.2026 20:39:14.021] [modloading-worker-0/DEBUG] [net.neoforged.fml.javafmlmod.AutomaticEventSubscriber/LOADING]: Subscribing method static void net.threetag.palladium.client.PalladiumKeyMappings.clientInput(net.neoforged.neoforge.client.event.InputEvent$Key) to the game event bus
[15mai.2026 20:39:14.021] [modloading-worker-0/DEBUG] [net.neoforged.fml.javafmlmod.AutomaticEventSubscriber/LOADING]: Subscribing method static void net.threetag.palladium.client.PalladiumKeyMappings.clientTick(net.neoforged.neoforge.client.event.ClientTickEvent$Post) to the game event bus
[15mai.2026 20:39:14.021] [modloading-worker-0/DEBUG] [net.neoforged.fml.javafmlmod.AutomaticEventSubscriber/LOADING]: Subscribing method static void net.threetag.palladium.client.PalladiumKeyMappings.onClickInput(net.neoforged.neoforge.client.event.InputEvent$InteractionKeyMappingTriggered) to the game event bus
[15mai.2026 20:39:14.021] [modloading-worker-0/DEBUG] [net.neoforged.fml.javafmlmod.AutomaticEventSubscriber/LOADING]: Scanning class net.threetag.palladium.client.gui.screen.abilitybar.AbilityBar for @SubscribeEvent-annotated methods
[15mai.2026 20:39:14.024] [modloading-worker-0/DEBUG] [mixin/]: Mixing map_atlas_generation.MixinGuiGraphicsExtractor from immediatelyfast-common.mixins.json into net.minecraft.client.gui.GuiGraphicsExtractor
[15mai.2026 20:39:14.024] [modloading-worker-0/DEBUG] [mixin/]: Mixing GuiGraphicsExtractorMixin from jade.mixins.json into net.minecraft.client.gui.GuiGraphicsExtractor
[15mai.2026 20:39:14.024] [modloading-worker-0/DEBUG] [mixin/]: jade.mixins.json:GuiGraphicsExtractorMixin from mod jade: Class version 69 required is higher than the class version supported by the current version of Mixin (JAVA_21 supports class version 65)
[15mai.2026 20:39:14.025] [modloading-worker-0/DEBUG] [mixin/]: Mixing GuiGraphicsExtractorMixin from spruceui.mixins.json into net.minecraft.client.gui.GuiGraphicsExtractor
[15mai.2026 20:39:14.027] [modloading-worker-0/DEBUG] [mixin/]: jade.mixins.json:GuiGraphicsExtractorMixin from mod jade->@Inject::jade$containsPointInScissor(IILorg/spongepowered/asm/mixin/injection/callback/CallbackInfoReturnable;)V does use it's CallbackInfoReturnable
[15mai.2026 20:39:14.027] [modloading-worker-0/DEBUG] [mixin/]: jade.mixins.json:GuiGraphicsExtractorMixin from mod jade->@Inject::jade$appendModName(Lnet/minecraft/client/gui/Font;Ljava/util/List;IILnet/minecraft/client/gui/screens/inventory/tooltip/ClientTooltipPositioner;Lnet/minecraft/resources/Identifier;ZLorg/spongepowered/asm/mixin/injection/callback/CallbackInfo;)V doesn't use it's CallbackInfo
[15mai.2026 20:39:14.027] [modloading-worker-0/DEBUG] [mixin/]: jade.mixins.json:GuiGraphicsExtractorMixin from mod jade->@Inject::jade$appendModName(Lnet/minecraft/client/gui/Font;Ljava/util/List;IILnet/minecraft/client/gui/screens/inventory/tooltip/ClientTooltipPositioner;Lnet/minecraft/resources/Identifier;ZLorg/spongepowered/asm/mixin/injection/callback/CallbackInfo;)V has 0 override(s) in child classes
[15mai.2026 20:39:14.027] [modloading-worker-0/DEBUG] [mixin/]: jade.mixins.json:GuiGraphicsExtractorMixin from mod jade->@Inject::jade$appendModName(Lnet/minecraft/client/gui/Font;Ljava/util/List;IILnet/minecraft/client/gui/screens/inventory/tooltip/ClientTooltipPositioner;Lnet/minecraft/resources/Identifier;ZLorg/spongepowered/asm/mixin/injection/callback/CallbackInfo;)V won't be passed a CallbackInfo as a result
[15mai.2026 20:39:14.029] [modloading-worker-0/DEBUG] [io.netty.util.Recycler/]: -Dio.netty.recycler.maxCapacityPerThread: 4096
[15mai.2026 20:39:14.029] [modloading-worker-0/DEBUG] [io.netty.util.Recycler/]: -Dio.netty.recycler.ratio: 8
[15mai.2026 20:39:14.029] [modloading-worker-0/DEBUG] [io.netty.util.Recycler/]: -Dio.netty.recycler.chunkSize: 32
[15mai.2026 20:39:14.029] [modloading-worker-0/DEBUG] [io.netty.util.Recycler/]: -Dio.netty.recycler.blocking: false
[15mai.2026 20:39:14.029] [modloading-worker-0/DEBUG] [io.netty.util.Recycler/]: -Dio.netty.recycler.batchFastThreadLocalOnly: true
[15mai.2026 20:39:14.032] [modloading-worker-0/DEBUG] [net.neoforged.fml.javafmlmod.AutomaticEventSubscriber/LOADING]: Subscribing method static void net.threetag.palladium.client.gui.screen.abilitybar.AbilityBar.clientTick(net.neoforged.neoforge.client.event.ClientTickEvent$Post) to the game event bus
[15mai.2026 20:39:14.032] [modloading-worker-0/DEBUG] [net.neoforged.fml.javafmlmod.AutomaticEventSubscriber/LOADING]: Scanning class net.threetag.palladium.client.gui.screen.customization.CustomizationButtonInjection for @SubscribeEvent-annotated methods
[15mai.2026 20:39:14.033] [modloading-worker-0/DEBUG] [io.netty.buffer.ByteBufUtil/]: -Dio.netty.allocator.type: adaptive
[15mai.2026 20:39:14.033] [modloading-worker-0/DEBUG] [io.netty.buffer.ByteBufUtil/]: -Dio.netty.threadLocalDirectBufferSize: 0
[15mai.2026 20:39:14.033] [modloading-worker-0/DEBUG] [io.netty.buffer.ByteBufUtil/]: -Dio.netty.maxThreadLocalCharBufferSize: 16384
[15mai.2026 20:39:14.034] [modloading-worker-0/DEBUG] [net.neoforged.fml.javafmlmod.AutomaticEventSubscriber/LOADING]: Subscribing method static void net.threetag.palladium.client.gui.screen.customization.CustomizationButtonInjection.screenInit(net.neoforged.neoforge.client.event.ScreenEvent$Render$Pre) to the game event bus
[15mai.2026 20:39:14.034] [modloading-worker-0/DEBUG] [net.neoforged.fml.javafmlmod.AutomaticEventSubscriber/LOADING]: Subscribing method static void net.threetag.palladium.client.gui.screen.customization.CustomizationButtonInjection.screenInit(net.neoforged.neoforge.client.event.ScreenEvent$Init$Post) to the game event bus
[15mai.2026 20:39:14.034] [modloading-worker-0/DEBUG] [net.neoforged.fml.javafmlmod.AutomaticEventSubscriber/LOADING]: Scanning class net.threetag.palladium.client.gui.screen.menu.ClientTailoringRecipeBook for @SubscribeEvent-annotated methods
[15mai.2026 20:39:14.036] [modloading-worker-0/DEBUG] [net.neoforged.fml.javafmlmod.AutomaticEventSubscriber/LOADING]: Subscribing method static void net.threetag.palladium.client.gui.screen.menu.ClientTailoringRecipeBook.clientLogOut(net.neoforged.neoforge.client.event.ClientPlayerNetworkEvent$LoggingOut) to the game event bus
[15mai.2026 20:39:14.037] [modloading-worker-0/DEBUG] [net.neoforged.fml.javafmlmod.AutomaticEventSubscriber/LOADING]: Subscribing method static void net.threetag.palladium.client.gui.screen.menu.ClientTailoringRecipeBook.recipesReceived(net.neoforged.neoforge.client.event.RecipesReceivedEvent) to the game event bus
[15mai.2026 20:39:14.037] [modloading-worker-0/DEBUG] [net.neoforged.fml.javafmlmod.AutomaticEventSubscriber/LOADING]: Scanning class net.threetag.palladium.client.gui.screen.power.PowerButtonInjection for @SubscribeEvent-annotated methods
[15mai.2026 20:39:14.037] [modloading-worker-0/DEBUG] [mixin/]: Mixing ConnectionMixin from chat_heads.mixins.json into net.minecraft.network.Connection
[15mai.2026 20:39:14.041] [modloading-worker-0/DEBUG] [mixin/]: chat_heads.mixins.json:ConnectionMixin from mod chat_heads->@Inject::chatheads$resetServerKnowledge(Lorg/spongepowered/asm/mixin/injection/callback/CallbackInfo;)V doesn't use it's CallbackInfo
[15mai.2026 20:39:14.041] [modloading-worker-0/DEBUG] [mixin/]: chat_heads.mixins.json:ConnectionMixin from mod chat_heads->@Inject::chatheads$resetServerKnowledge(Lorg/spongepowered/asm/mixin/injection/callback/CallbackInfo;)V has 0 override(s) in child classes
[15mai.2026 20:39:14.041] [modloading-worker-0/DEBUG] [mixin/]: chat_heads.mixins.json:ConnectionMixin from mod chat_heads->@Inject::chatheads$resetServerKnowledge(Lorg/spongepowered/asm/mixin/injection/callback/CallbackInfo;)V won't be passed a CallbackInfo as a result
[15mai.2026 20:39:14.041] [modloading-worker-0/DEBUG] [mixin/]: chat_heads.mixins.json:ConnectionMixin from mod chat_heads->@Inject::chatheads$resetServerKnowledge(Lorg/spongepowered/asm/mixin/injection/callback/CallbackInfo;)V doesn't use it's CallbackInfo
[15mai.2026 20:39:14.041] [modloading-worker-0/DEBUG] [mixin/]: chat_heads.mixins.json:ConnectionMixin from mod chat_heads->@Inject::chatheads$resetServerKnowledge(Lorg/spongepowered/asm/mixin/injection/callback/CallbackInfo;)V has 0 override(s) in child classes
[15mai.2026 20:39:14.041] [modloading-worker-0/DEBUG] [mixin/]: chat_heads.mixins.json:ConnectionMixin from mod chat_heads->@Inject::chatheads$resetServerKnowledge(Lorg/spongepowered/asm/mixin/injection/callback/CallbackInfo;)V won't be passed a CallbackInfo as a result
[15mai.2026 20:39:14.044] [modloading-worker-0/DEBUG] [net.neoforged.fml.javafmlmod.AutomaticEventSubscriber/LOADING]: Subscribing method static void net.threetag.palladium.client.gui.screen.power.PowerButtonInjection.screenInit(net.neoforged.neoforge.client.event.ScreenEvent$Render$Pre) to the game event bus
[15mai.2026 20:39:14.044] [modloading-worker-0/DEBUG] [net.neoforged.fml.javafmlmod.AutomaticEventSubscriber/LOADING]: Subscribing method static void net.threetag.palladium.client.gui.screen.power.PowerButtonInjection.screenInit(net.neoforged.neoforge.client.event.ScreenEvent$Init$Post) to the game event bus
[15mai.2026 20:39:14.044] [modloading-worker-0/DEBUG] [net.neoforged.fml.javafmlmod.AutomaticEventSubscriber/LOADING]: Scanning class net.threetag.palladium.client.model.PalladiumModelLayers for @SubscribeEvent-annotated methods
[15mai.2026 20:39:14.045] [modloading-worker-0/DEBUG] [net.neoforged.fml.javafmlmod.AutomaticEventSubscriber/LOADING]: Subscribing method static void net.threetag.palladium.client.model.PalladiumModelLayers.modelLayers(net.neoforged.neoforge.client.event.EntityRenderersEvent$RegisterLayerDefinitions) to the event bus of mod palladium
[15mai.2026 20:39:14.045] [modloading-worker-0/DEBUG] [net.neoforged.fml.javafmlmod.AutomaticEventSubscriber/LOADING]: Scanning class net.threetag.palladium.client.renderer.PalladiumRenderTypes for @SubscribeEvent-annotated methods
[15mai.2026 20:39:14.045] [modloading-worker-0/DEBUG] [net.neoforged.fml.javafmlmod.AutomaticEventSubscriber/LOADING]: Subscribing method private static void net.neoforged.neoforge.network.filters.GenericPacketSplitter.register(net.neoforged.neoforge.network.event.RegisterPayloadHandlersEvent) to the event bus of mod neoforge
[15mai.2026 20:39:14.050] [modloading-worker-0/DEBUG] [net.neoforged.fml.javafmlmod.AutomaticEventSubscriber/LOADING]: Subscribing method static void net.threetag.palladium.client.renderer.PalladiumRenderTypes.registerPipelines(net.neoforged.neoforge.client.event.RegisterRenderPipelinesEvent) to the event bus of mod palladium
[15mai.2026 20:39:14.051] [modloading-worker-0/DEBUG] [net.neoforged.fml.javafmlmod.AutomaticEventSubscriber/LOADING]: Scanning class net.threetag.palladium.client.renderer.WatcherRenderer for @SubscribeEvent-annotated methods
[15mai.2026 20:39:14.052] [modloading-worker-0/DEBUG] [mixin/]: Mixing bugfix.entity_pose_stack.PoseStackAccessor from modernfix-modernfix.mixins.json into com.mojang.blaze3d.vertex.PoseStack
[15mai.2026 20:39:14.052] [modloading-worker-0/DEBUG] [mixin/]: modernfix-modernfix.mixins.json:bugfix.entity_pose_stack.PoseStackAccessor from mod modernfix: Class version 69 required is higher than the class version supported by the current version of Mixin (JAVA_21 supports class version 65)
[15mai.2026 20:39:14.053] [modloading-worker-0/DEBUG] [net.neoforged.fml.javafmlmod.AutomaticEventSubscriber/LOADING]: Subscribing method static void net.threetag.palladium.client.renderer.WatcherRenderer.clientTick(net.neoforged.neoforge.client.event.ClientTickEvent$Post) to the game event bus
[15mai.2026 20:39:14.054] [modloading-worker-0/DEBUG] [net.neoforged.fml.javafmlmod.AutomaticEventSubscriber/LOADING]: Scanning class net.threetag.palladium.client.renderer.entity.layer.pack.VibrationPackRenderLayer for @SubscribeEvent-annotated methods
[15mai.2026 20:39:14.066] [modloading-worker-0/DEBUG] [mixin/]: Mixing client.ModelMixin from palladium.mixins.json into net.minecraft.client.model.Model
[15mai.2026 20:39:14.067] [modloading-worker-0/DEBUG] [mixin/]: palladium.mixins.json:client.ModelMixin from mod palladium->@Inject::setupAnim(Ljava/lang/Object;Lorg/spongepowered/asm/mixin/injection/callback/CallbackInfo;)V doesn't use it's CallbackInfo
[15mai.2026 20:39:14.067] [modloading-worker-0/DEBUG] [mixin/]: palladium.mixins.json:client.ModelMixin from mod palladium->@Inject::setupAnim(Ljava/lang/Object;Lorg/spongepowered/asm/mixin/injection/callback/CallbackInfo;)V has 0 override(s) in child classes
[15mai.2026 20:39:14.067] [modloading-worker-0/DEBUG] [mixin/]: palladium.mixins.json:client.ModelMixin from mod palladium->@Inject::setupAnim(Ljava/lang/Object;Lorg/spongepowered/asm/mixin/injection/callback/CallbackInfo;)V won't be passed a CallbackInfo as a result
[15mai.2026 20:39:14.069] [modloading-worker-0/DEBUG] [mixin/]: Mixing client.ModelPartMixin from palladium.mixins.json into net.minecraft.client.model.geom.ModelPart
[15mai.2026 20:39:14.070] [modloading-worker-0/DEBUG] [mixin/]: palladium.mixins.json:client.ModelPartMixin from mod palladium->@Inject::getChild(Ljava/lang/String;Lorg/spongepowered/asm/mixin/injection/callback/CallbackInfoReturnable;)V does use it's CallbackInfoReturnable
[15mai.2026 20:39:14.072] [modloading-worker-0/DEBUG] [mixin/]: Mixing client.AvatarRendererMixin from palladium.mixins.json into net.minecraft.client.renderer.entity.player.AvatarRenderer
[15mai.2026 20:39:14.072] [modloading-worker-0/DEBUG] [mixin/]: Renaming synthetic method lambda$palladium$renderHandLayers$0(ZLcom/mojang/blaze3d/vertex/PoseStack;Lnet/minecraft/client/renderer/SubmitNodeCollector;Lnet/minecraft/client/model/geom/ModelPart;Lnet/minecraft/resources/Identifier;ILnet/minecraft/world/entity/HumanoidArm;Lnet/minecraft/client/renderer/entity/player/AvatarRenderer;Lnet/threetag/palladium/client/renderer/entity/layer/pack/PackRenderLayer;Lnet/threetag/palladium/client/renderer/entity/layer/pack/PackRenderLayer$State;)V to md94a32b$palladium$lambda$palladium$renderHandLayers$0$0 in palladium.mixins.json:client.AvatarRendererMixin from mod palladium
[15mai.2026 20:39:14.072] [modloading-worker-0/DEBUG] [mixin/]: Mixing bugfix.entity_pose_stack.AvatarRendererMixin from modernfix-modernfix.mixins.json into net.minecraft.client.renderer.entity.player.AvatarRenderer
[15mai.2026 20:39:14.072] [modloading-worker-0/DEBUG] [mixin/]: modernfix-modernfix.mixins.json:bugfix.entity_pose_stack.AvatarRendererMixin from mod modernfix: Class version 69 required is higher than the class version supported by the current version of Mixin (JAVA_21 supports class version 65)
[15mai.2026 20:39:14.072] [modloading-worker-0/DEBUG] [mixin/]: Mixing AvatarRendererMixin from player_animation_library.mixins.json into net.minecraft.client.renderer.entity.player.AvatarRenderer
[15mai.2026 20:39:14.072] [modloading-worker-0/DEBUG] [mixin/]: player_animation_library.mixins.json:AvatarRendererMixin from mod player_animation_library: Class version 69 required is higher than the class version supported by the current version of Mixin (JAVA_21 supports class version 65)
[15mai.2026 20:39:14.073] [modloading-worker-0/DEBUG] [mixin/]: palladium.mixins.json:client.AvatarRendererMixin from mod palladium->@Inject::renderHand(Lcom/mojang/blaze3d/vertex/PoseStack;Lnet/minecraft/client/renderer/SubmitNodeCollector;ILnet/minecraft/resources/Identifier;Lnet/minecraft/client/model/geom/ModelPart;ZLorg/spongepowered/asm/mixin/injection/callback/CallbackInfo;)V doesn't use it's CallbackInfo
[15mai.2026 20:39:14.073] [modloading-worker-0/DEBUG] [mixin/]: palladium.mixins.json:client.AvatarRendererMixin from mod palladium->@Inject::renderHand(Lcom/mojang/blaze3d/vertex/PoseStack;Lnet/minecraft/client/renderer/SubmitNodeCollector;ILnet/minecraft/resources/Identifier;Lnet/minecraft/client/model/geom/ModelPart;ZLorg/spongepowered/asm/mixin/injection/callback/CallbackInfo;)V has 0 override(s) in child classes
[15mai.2026 20:39:14.073] [modloading-worker-0/DEBUG] [mixin/]: palladium.mixins.json:client.AvatarRendererMixin from mod palladium->@Inject::renderHand(Lcom/mojang/blaze3d/vertex/PoseStack;Lnet/minecraft/client/renderer/SubmitNodeCollector;ILnet/minecraft/resources/Identifier;Lnet/minecraft/client/model/geom/ModelPart;ZLorg/spongepowered/asm/mixin/injection/callback/CallbackInfo;)V won't be passed a CallbackInfo as a result
[15mai.2026 20:39:14.073] [modloading-worker-0/DEBUG] [mixin/]: palladium.mixins.json:client.AvatarRendererMixin from mod palladium->@Inject::extractRenderState(Lnet/minecraft/world/entity/Avatar;Lnet/minecraft/client/renderer/entity/state/AvatarRenderState;FLorg/spongepowered/asm/mixin/injection/callback/CallbackInfo;)V doesn't use it's CallbackInfo
[15mai.2026 20:39:14.074] [modloading-worker-0/DEBUG] [mixin/]: palladium.mixins.json:client.AvatarRendererMixin from mod palladium->@Inject::extractRenderState(Lnet/minecraft/world/entity/Avatar;Lnet/minecraft/client/renderer/entity/state/AvatarRenderState;FLorg/spongepowered/asm/mixin/injection/callback/CallbackInfo;)V has 0 override(s) in child classes
[15mai.2026 20:39:14.074] [modloading-worker-0/DEBUG] [mixin/]: palladium.mixins.json:client.AvatarRendererMixin from mod palladium->@Inject::extractRenderState(Lnet/minecraft/world/entity/Avatar;Lnet/minecraft/client/renderer/entity/state/AvatarRenderState;FLorg/spongepowered/asm/mixin/injection/callback/CallbackInfo;)V won't be passed a CallbackInfo as a result
[15mai.2026 20:39:14.074] [modloading-worker-0/DEBUG] [mixin/]: player_animation_library.mixins.json:AvatarRendererMixin from mod player_animation_library->@Inject::modifyRenderState(Lnet/minecraft/world/entity/Avatar;Lnet/minecraft/client/renderer/entity/state/AvatarRenderState;FLorg/spongepowered/asm/mixin/injection/callback/CallbackInfo;)V doesn't use it's CallbackInfo
[15mai.2026 20:39:14.074] [modloading-worker-0/DEBUG] [mixin/]: player_animation_library.mixins.json:AvatarRendererMixin from mod player_animation_library->@Inject::modifyRenderState(Lnet/minecraft/world/entity/Avatar;Lnet/minecraft/client/renderer/entity/state/AvatarRenderState;FLorg/spongepowered/asm/mixin/injection/callback/CallbackInfo;)V has 0 override(s) in child classes
[15mai.2026 20:39:14.074] [modloading-worker-0/DEBUG] [mixin/]: player_animation_library.mixins.json:AvatarRendererMixin from mod player_animation_library->@Inject::modifyRenderState(Lnet/minecraft/world/entity/Avatar;Lnet/minecraft/client/renderer/entity/state/AvatarRenderState;FLorg/spongepowered/asm/mixin/injection/callback/CallbackInfo;)V won't be passed a CallbackInfo as a result
[15mai.2026 20:39:14.076] [modloading-worker-0/DEBUG] [mixin/]: Mixing LivingEntityRendererMixin from player_animation_library.mixins.json into net.minecraft.client.renderer.entity.LivingEntityRenderer
[15mai.2026 20:39:14.076] [modloading-worker-0/DEBUG] [mixin/]: player_animation_library.mixins.json:LivingEntityRendererMixin from mod player_animation_library: Class version 69 required is higher than the class version supported by the current version of Mixin (JAVA_21 supports class version 65)
[15mai.2026 20:39:14.076] [modloading-worker-0/DEBUG] [mixin/]: Mixing client.LivingEntityRendererMixin from palladium.mixins.json into net.minecraft.client.renderer.entity.LivingEntityRenderer
[15mai.2026 20:39:14.076] [modloading-worker-0/DEBUG] [mixin/]: Mixing bugfix.entity_pose_stack.LivingEntityRendererMixin from modernfix-modernfix.mixins.json into net.minecraft.client.renderer.entity.LivingEntityRenderer
[15mai.2026 20:39:14.076] [modloading-worker-0/DEBUG] [mixin/]: modernfix-modernfix.mixins.json:bugfix.entity_pose_stack.LivingEntityRendererMixin from mod modernfix: Class version 69 required is higher than the class version supported by the current version of Mixin (JAVA_21 supports class version 65)
[15mai.2026 20:39:14.076] [modloading-worker-0/DEBUG] [mixin/]: Mixing safety.LivingEntityRendererMixin from modernfix-modernfix.mixins.json into net.minecraft.client.renderer.entity.LivingEntityRenderer
[15mai.2026 20:39:14.077] [modloading-worker-0/DEBUG] [mixin/]: modernfix-modernfix.mixins.json:safety.LivingEntityRendererMixin from mod modernfix: Class version 69 required is higher than the class version supported by the current version of Mixin (JAVA_21 supports class version 65)
[15mai.2026 20:39:14.077] [modloading-worker-0/DEBUG] [mixin/]: Renaming synthetic method lambda$handleOffThreadLayerAdd$0(Lnet/minecraft/client/renderer/entity/layers/RenderLayer;)V to md94a32b$modernfix$lambda$handleOffThreadLayerAdd$0$0 in modernfix-modernfix.mixins.json:safety.LivingEntityRendererMixin from mod modernfix
[15mai.2026 20:39:14.077] [modloading-worker-0/DEBUG] [mixin/]: Mixing firstPerson.LivingEntityRendererMixin from player_animation_library.mixins.json into net.minecraft.client.renderer.entity.LivingEntityRenderer
[15mai.2026 20:39:14.077] [modloading-worker-0/DEBUG] [mixin/]: player_animation_library.mixins.json:firstPerson.LivingEntityRendererMixin from mod player_animation_library: Class version 69 required is higher than the class version supported by the current version of Mixin (JAVA_21 supports class version 65)
[15mai.2026 20:39:14.078] [modloading-worker-0/DEBUG] [mixin/]: player_animation_library.mixins.json:LivingEntityRendererMixin from mod player_animation_library->@Inject::doTranslations(Lnet/minecraft/client/renderer/entity/state/LivingEntityRenderState;Lcom/mojang/blaze3d/vertex/PoseStack;Lnet/minecraft/client/renderer/SubmitNodeCollector;Lnet/minecraft/client/renderer/state/level/CameraRenderState;Lorg/spongepowered/asm/mixin/injection/callback/CallbackInfo;)V doesn't use it's CallbackInfo
[15mai.2026 20:39:14.078] [modloading-worker-0/DEBUG] [mixin/]: player_animation_library.mixins.json:LivingEntityRendererMixin from mod player_animation_library->@Inject::doTranslations(Lnet/minecraft/client/renderer/entity/state/LivingEntityRenderState;Lcom/mojang/blaze3d/vertex/PoseStack;Lnet/minecraft/client/renderer/SubmitNodeCollector;Lnet/minecraft/client/renderer/state/level/CameraRenderState;Lorg/spongepowered/asm/mixin/injection/callback/CallbackInfo;)V has 0 override(s) in child classes
[15mai.2026 20:39:14.078] [modloading-worker-0/DEBUG] [mixin/]: player_animation_library.mixins.json:LivingEntityRendererMixin from mod player_animation_library->@Inject::doTranslations(Lnet/minecraft/client/renderer/entity/state/LivingEntityRenderState;Lcom/mojang/blaze3d/vertex/PoseStack;Lnet/minecraft/client/renderer/SubmitNodeCollector;Lnet/minecraft/client/renderer/state/level/CameraRenderState;Lorg/spongepowered/asm/mixin/injection/callback/CallbackInfo;)V won't be passed a CallbackInfo as a result
[15mai.2026 20:39:14.078] [modloading-worker-0/DEBUG] [mixin/]: palladium.mixins.json:client.LivingEntityRendererMixin from mod palladium->@Inject::modifyModelTint(Lnet/minecraft/client/renderer/entity/state/LivingEntityRenderState;Lorg/spongepowered/asm/mixin/injection/callback/CallbackInfoReturnable;)V doesn't use it's CallbackInfoReturnable
[15mai.2026 20:39:14.078] [modloading-worker-0/DEBUG] [mixin/]: palladium.mixins.json:client.LivingEntityRendererMixin from mod palladium->@Inject::modifyModelTint(Lnet/minecraft/client/renderer/entity/state/LivingEntityRenderState;Lorg/spongepowered/asm/mixin/injection/callback/CallbackInfoReturnable;)V has 0 override(s) in child classes
[15mai.2026 20:39:14.078] [modloading-worker-0/DEBUG] [mixin/]: palladium.mixins.json:client.LivingEntityRendererMixin from mod palladium->@Inject::modifyModelTint(Lnet/minecraft/client/renderer/entity/state/LivingEntityRenderState;Lorg/spongepowered/asm/mixin/injection/callback/CallbackInfoReturnable;)V won't be passed a CallbackInfoReturnable as a result
[15mai.2026 20:39:14.080] [modloading-worker-0/DEBUG] [mixin/]: Mixing EntityRendererMixin from lambdynlights.mixins.json into net.minecraft.client.renderer.entity.EntityRenderer
[15mai.2026 20:39:14.082] [modloading-worker-0/DEBUG] [net.neoforged.fml.javafmlmod.AutomaticEventSubscriber/LOADING]: Subscribing method static void net.threetag.palladium.client.renderer.entity.layer.pack.VibrationPackRenderLayer.postRender(net.neoforged.neoforge.client.event.RenderLivingEvent$Post) to the game event bus
[15mai.2026 20:39:14.082] [modloading-worker-0/DEBUG] [net.neoforged.fml.javafmlmod.AutomaticEventSubscriber/LOADING]: Scanning class net.threetag.palladium.client.renderer.entity.state.PalladiumRenderStateKeys for @SubscribeEvent-annotated methods
[15mai.2026 20:39:14.084] [modloading-worker-0/DEBUG] [mixin/]: Mixing AvatarRenderStateMixin from player_animation_library.mixins.json into net.minecraft.client.renderer.entity.state.AvatarRenderState
[15mai.2026 20:39:14.085] [modloading-worker-0/DEBUG] [mixin/]: player_animation_library.mixins.json:AvatarRenderStateMixin from mod player_animation_library: Class version 69 required is higher than the class version supported by the current version of Mixin (JAVA_21 supports class version 65)
[15mai.2026 20:39:14.087] [modloading-worker-0/DEBUG] [net.neoforged.fml.javafmlmod.AutomaticEventSubscriber/LOADING]: Subscribing method static void net.threetag.palladium.client.renderer.entity.state.PalladiumRenderStateKeys.add(net.neoforged.neoforge.client.renderstate.RegisterRenderStateModifiersEvent) to the event bus of mod palladium
[15mai.2026 20:39:14.087] [modloading-worker-0/DEBUG] [net.neoforged.fml.javafmlmod.AutomaticEventSubscriber/LOADING]: Scanning class net.threetag.palladium.client.trail.EntityTrailHandler for @SubscribeEvent-annotated methods
[15mai.2026 20:39:14.089] [modloading-worker-0/DEBUG] [net.neoforged.fml.javafmlmod.AutomaticEventSubscriber/LOADING]: Subscribing method static void net.threetag.palladium.client.trail.EntityTrailHandler.onRenderLiving(net.neoforged.neoforge.client.event.RenderLivingEvent$Post) to the game event bus
[15mai.2026 20:39:14.089] [modloading-worker-0/DEBUG] [net.neoforged.fml.javafmlmod.AutomaticEventSubscriber/LOADING]: Scanning class net.threetag.palladium.client.util.ModelUtil for @SubscribeEvent-annotated methods
[15mai.2026 20:39:14.091] [modloading-worker-0/DEBUG] [mixin/]: Mixing client.HumanoidModelMixin from palladium.mixins.json into net.minecraft.client.model.HumanoidModel
[15mai.2026 20:39:14.092] [modloading-worker-0/DEBUG] [mixin/]: palladium.mixins.json:client.HumanoidModelMixin from mod palladium->@Inject::setupAnimPre(Lnet/minecraft/client/renderer/entity/state/HumanoidRenderState;Lorg/spongepowered/asm/mixin/injection/callback/CallbackInfo;)V doesn't use it's CallbackInfo
[15mai.2026 20:39:14.092] [modloading-worker-0/DEBUG] [mixin/]: palladium.mixins.json:client.HumanoidModelMixin from mod palladium->@Inject::setupAnimPre(Lnet/minecraft/client/renderer/entity/state/HumanoidRenderState;Lorg/spongepowered/asm/mixin/injection/callback/CallbackInfo;)V has 0 override(s) in child classes
[15mai.2026 20:39:14.092] [modloading-worker-0/DEBUG] [mixin/]: palladium.mixins.json:client.HumanoidModelMixin from mod palladium->@Inject::setupAnimPre(Lnet/minecraft/client/renderer/entity/state/HumanoidRenderState;Lorg/spongepowered/asm/mixin/injection/callback/CallbackInfo;)V won't be passed a CallbackInfo as a result
[15mai.2026 20:39:14.092] [modloading-worker-0/DEBUG] [mixin/]: palladium.mixins.json:client.HumanoidModelMixin from mod palladium->@Inject::setupAnimPost(Lnet/minecraft/client/renderer/entity/state/HumanoidRenderState;Lorg/spongepowered/asm/mixin/injection/callback/CallbackInfo;)V doesn't use it's CallbackInfo
[15mai.2026 20:39:14.092] [modloading-worker-0/DEBUG] [mixin/]: palladium.mixins.json:client.HumanoidModelMixin from mod palladium->@Inject::setupAnimPost(Lnet/minecraft/client/renderer/entity/state/HumanoidRenderState;Lorg/spongepowered/asm/mixin/injection/callback/CallbackInfo;)V has 0 override(s) in child classes
[15mai.2026 20:39:14.092] [modloading-worker-0/DEBUG] [mixin/]: palladium.mixins.json:client.HumanoidModelMixin from mod palladium->@Inject::setupAnimPost(Lnet/minecraft/client/renderer/entity/state/HumanoidRenderState;Lorg/spongepowered/asm/mixin/injection/callback/CallbackInfo;)V won't be passed a CallbackInfo as a result
[15mai.2026 20:39:14.093] [modloading-worker-0/DEBUG] [net.neoforged.fml.javafmlmod.AutomaticEventSubscriber/LOADING]: Subscribing method static void net.threetag.palladium.client.util.ModelUtil.test(net.neoforged.neoforge.client.event.RenderArmEvent) to the game event bus
[15mai.2026 20:39:14.094] [modloading-worker-0/DEBUG] [net.neoforged.fml.javafmlmod.AutomaticEventSubscriber/LOADING]: Scanning class net.threetag.palladium.entity.PalladiumEntityTypes for @SubscribeEvent-annotated methods
[15mai.2026 20:39:14.094] [modloading-worker-0/DEBUG] [net.neoforged.fml.javafmlmod.AutomaticEventSubscriber/LOADING]: Subscribing method static void net.threetag.palladium.entity.PalladiumEntityTypes.entityAttributes(net.neoforged.neoforge.event.entity.EntityAttributeCreationEvent) to the event bus of mod palladium
[15mai.2026 20:39:14.094] [modloading-worker-0/DEBUG] [net.neoforged.fml.javafmlmod.AutomaticEventSubscriber/LOADING]: Scanning class net.threetag.palladium.entity.PalladiumHubData for @SubscribeEvent-annotated methods
[15mai.2026 20:39:14.095] [modloading-worker-0/DEBUG] [net.neoforged.fml.javafmlmod.AutomaticEventSubscriber/LOADING]: Subscribing method static void net.threetag.palladium.entity.PalladiumHubData.onPlayerJoin(net.neoforged.neoforge.event.entity.player.PlayerEvent$PlayerLoggedInEvent) to the game event bus
[15mai.2026 20:39:14.096] [modloading-worker-0/DEBUG] [net.neoforged.fml.javafmlmod.AutomaticEventSubscriber/LOADING]: Scanning class net.threetag.palladium.entity.data.PalladiumEntityData for @SubscribeEvent-annotated methods
[15mai.2026 20:39:14.096] [modloading-worker-0/DEBUG] [net.neoforged.fml.javafmlmod.AutomaticEventSubscriber/LOADING]: Subscribing method static void net.threetag.palladium.entity.data.PalladiumEntityData.tickPost(net.neoforged.neoforge.event.tick.EntityTickEvent$Post) to the game event bus
[15mai.2026 20:39:14.096] [modloading-worker-0/DEBUG] [net.neoforged.fml.javafmlmod.AutomaticEventSubscriber/LOADING]: Subscribing method static void net.threetag.palladium.entity.data.PalladiumEntityData.onAdded(net.neoforged.neoforge.event.entity.EntityJoinLevelEvent) to the game event bus
[15mai.2026 20:39:14.096] [modloading-worker-0/DEBUG] [net.neoforged.fml.javafmlmod.AutomaticEventSubscriber/LOADING]: Subscribing method static void net.threetag.palladium.entity.data.PalladiumEntityData.playerClone(net.neoforged.neoforge.event.entity.player.PlayerEvent$Clone) to the game event bus
[15mai.2026 20:39:14.096] [modloading-worker-0/DEBUG] [net.neoforged.fml.javafmlmod.AutomaticEventSubscriber/LOADING]: Scanning class net.threetag.palladium.item.ItemTypes for @SubscribeEvent-annotated methods
[15mai.2026 20:39:14.104] [modloading-worker-0/DEBUG] [net.neoforged.fml.javafmlmod.AutomaticEventSubscriber/LOADING]: Subscribing method static void net.threetag.palladium.item.ItemTypes.registerItemTypes(net.neoforged.neoforge.registries.RegisterEvent) to the event bus of mod palladium
[15mai.2026 20:39:14.104] [modloading-worker-0/DEBUG] [net.neoforged.fml.javafmlmod.AutomaticEventSubscriber/LOADING]: Scanning class net.threetag.palladium.item.Openable for @SubscribeEvent-annotated methods
[15mai.2026 20:39:14.106] [modloading-worker-0/DEBUG] [net.neoforged.fml.javafmlmod.AutomaticEventSubscriber/LOADING]: Subscribing method static void net.threetag.palladium.item.Openable.tick(net.neoforged.neoforge.event.tick.EntityTickEvent$Post) to the game event bus
[15mai.2026 20:39:14.106] [modloading-worker-0/DEBUG] [net.neoforged.fml.javafmlmod.AutomaticEventSubscriber/LOADING]: Scanning class net.threetag.palladium.item.PalladiumCreativeTabs for @SubscribeEvent-annotated methods
[15mai.2026 20:39:14.106] [modloading-worker-0/DEBUG] [net.neoforged.fml.javafmlmod.AutomaticEventSubscriber/LOADING]: Subscribing method static void net.threetag.palladium.item.PalladiumCreativeTabs.creativeTabPlacement(net.neoforged.neoforge.event.BuildCreativeModeTabContentsEvent) to the event bus of mod palladium
[15mai.2026 20:39:14.107] [modloading-worker-0/DEBUG] [net.neoforged.fml.javafmlmod.AutomaticEventSubscriber/LOADING]: Scanning class net.threetag.palladium.item.TabPlacement for @SubscribeEvent-annotated methods
[15mai.2026 20:39:14.107] [modloading-worker-0/DEBUG] [net.neoforged.fml.javafmlmod.AutomaticEventSubscriber/LOADING]: Subscribing method static void net.threetag.palladium.item.TabPlacement.placeInTabs(net.neoforged.neoforge.event.BuildCreativeModeTabContentsEvent) to the event bus of mod palladium
[15mai.2026 20:39:14.107] [modloading-worker-0/DEBUG] [net.neoforged.fml.javafmlmod.AutomaticEventSubscriber/LOADING]: Scanning class net.threetag.palladium.item.recipe.PalladiumRecipeTypes for @SubscribeEvent-annotated methods
[15mai.2026 20:39:14.107] [modloading-worker-0/DEBUG] [net.neoforged.fml.javafmlmod.AutomaticEventSubscriber/LOADING]: Subscribing method static void net.threetag.palladium.item.recipe.PalladiumRecipeTypes.datapackSync(net.neoforged.neoforge.event.OnDatapackSyncEvent) to the game event bus
[15mai.2026 20:39:14.107] [modloading-worker-0/DEBUG] [net.neoforged.fml.javafmlmod.AutomaticEventSubscriber/LOADING]: Scanning class net.threetag.palladium.item.suitset.EntitySuitSetHandler for @SubscribeEvent-annotated methods
[15mai.2026 20:39:14.108] [modloading-worker-0/DEBUG] [net.neoforged.fml.javafmlmod.AutomaticEventSubscriber/LOADING]: Subscribing method static void net.threetag.palladium.item.suitset.EntitySuitSetHandler.onEquipmentChange(net.neoforged.neoforge.event.entity.living.LivingEquipmentChangeEvent) to the game event bus
[15mai.2026 20:39:14.108] [modloading-worker-0/DEBUG] [net.neoforged.fml.javafmlmod.AutomaticEventSubscriber/LOADING]: Scanning class net.threetag.palladium.logic.molang.MoLangQueryRegistry for @SubscribeEvent-annotated methods
[15mai.2026 20:39:14.111] [modloading-worker-0/DEBUG] [net.neoforged.fml.javafmlmod.AutomaticEventSubscriber/LOADING]: Subscribing method static void net.threetag.palladium.logic.molang.MoLangQueryRegistry.setup(net.neoforged.fml.event.lifecycle.FMLCommonSetupEvent) to the event bus of mod palladium
[15mai.2026 20:39:14.111] [modloading-worker-0/DEBUG] [net.neoforged.fml.javafmlmod.AutomaticEventSubscriber/LOADING]: Scanning class net.threetag.palladium.logic.molang.PalladiumQueries for @SubscribeEvent-annotated methods
[15mai.2026 20:39:14.114] [modloading-worker-0/DEBUG] [net.neoforged.fml.javafmlmod.AutomaticEventSubscriber/LOADING]: Subscribing method static void net.threetag.palladium.logic.molang.PalladiumQueries.registerMoLang(net.threetag.palladium.event.RegisterMoLangQueriesEvent) to the game event bus
[15mai.2026 20:39:14.114] [modloading-worker-0/DEBUG] [net.neoforged.fml.javafmlmod.AutomaticEventSubscriber/LOADING]: Scanning class net.threetag.palladium.logic.molang.VanillaQueries for @SubscribeEvent-annotated methods
[15mai.2026 20:39:14.115] [modloading-worker-0/DEBUG] [net.neoforged.fml.javafmlmod.AutomaticEventSubscriber/LOADING]: Subscribing method static void net.threetag.palladium.logic.molang.VanillaQueries.registerMoLang(net.threetag.palladium.event.RegisterMoLangQueriesEvent) to the game event bus
[15mai.2026 20:39:14.116] [modloading-worker-0/DEBUG] [net.neoforged.fml.javafmlmod.AutomaticEventSubscriber/LOADING]: Scanning class net.threetag.palladium.network.DataSyncUtil for @SubscribeEvent-annotated methods
[15mai.2026 20:39:14.116] [modloading-worker-0/DEBUG] [net.neoforged.fml.javafmlmod.AutomaticEventSubscriber/LOADING]: Subscribing method static void net.threetag.palladium.network.DataSyncUtil.startTracking(net.neoforged.neoforge.event.entity.player.PlayerEvent$StartTracking) to the game event bus
[15mai.2026 20:39:14.116] [modloading-worker-0/DEBUG] [net.neoforged.fml.javafmlmod.AutomaticEventSubscriber/LOADING]: Subscribing method static void net.threetag.palladium.network.DataSyncUtil.playerRespawn(net.neoforged.neoforge.event.entity.player.PlayerEvent$PlayerRespawnEvent) to the game event bus
[15mai.2026 20:39:14.117] [modloading-worker-0/DEBUG] [net.neoforged.fml.javafmlmod.AutomaticEventSubscriber/LOADING]: Subscribing method static void net.threetag.palladium.network.DataSyncUtil.playerRespawn(net.neoforged.neoforge.event.entity.player.PlayerEvent$PlayerChangedDimensionEvent) to the game event bus
[15mai.2026 20:39:14.117] [modloading-worker-0/DEBUG] [net.neoforged.fml.javafmlmod.AutomaticEventSubscriber/LOADING]: Subscribing method static void net.threetag.palladium.network.DataSyncUtil.playerJoin(net.neoforged.neoforge.event.entity.player.PlayerEvent$PlayerLoggedInEvent) to the game event bus
[15mai.2026 20:39:14.117] [modloading-worker-0/DEBUG] [net.neoforged.fml.javafmlmod.AutomaticEventSubscriber/LOADING]: Scanning class net.threetag.palladium.network.PalladiumNetwork for @SubscribeEvent-annotated methods
[15mai.2026 20:39:14.117] [modloading-worker-0/DEBUG] [net.neoforged.fml.javafmlmod.AutomaticEventSubscriber/LOADING]: Subscribing method static void net.threetag.palladium.network.PalladiumNetwork.register(net.neoforged.neoforge.network.event.RegisterPayloadHandlersEvent) to the event bus of mod palladium
[15mai.2026 20:39:14.117] [modloading-worker-0/DEBUG] [net.neoforged.fml.javafmlmod.AutomaticEventSubscriber/LOADING]: Scanning class net.threetag.palladium.power.ability.AbilityEventHandler for @SubscribeEvent-annotated methods
[15mai.2026 20:39:14.119] [modloading-worker-0/DEBUG] [net.neoforged.fml.javafmlmod.AutomaticEventSubscriber/LOADING]: Subscribing method static void net.threetag.palladium.power.ability.AbilityEventHandler.onLivingVisibility(net.neoforged.neoforge.event.entity.living.LivingEvent$LivingVisibilityEvent) to the game event bus
[15mai.2026 20:39:14.119] [modloading-worker-0/DEBUG] [net.neoforged.fml.javafmlmod.AutomaticEventSubscriber/LOADING]: Subscribing method static void net.threetag.palladium.power.ability.AbilityEventHandler.chatReceived(net.neoforged.neoforge.event.ServerChatEvent) to the game event bus
[15mai.2026 20:39:14.119] [modloading-worker-0/DEBUG] [net.neoforged.fml.javafmlmod.AutomaticEventSubscriber/LOADING]: Subscribing method static void net.threetag.palladium.power.ability.AbilityEventHandler.onTick(net.neoforged.neoforge.event.tick.EntityTickEvent$Pre) to the game event bus
[15mai.2026 20:39:14.119] [modloading-worker-0/DEBUG] [net.neoforged.fml.javafmlmod.AutomaticEventSubscriber/LOADING]: Subscribing method static void net.threetag.palladium.power.ability.AbilityEventHandler.nameFormat(net.neoforged.neoforge.event.entity.player.PlayerEvent$NameFormat) to the game event bus
[15mai.2026 20:39:14.119] [modloading-worker-0/DEBUG] [net.neoforged.fml.javafmlmod.AutomaticEventSubscriber/LOADING]: Subscribing method static void net.threetag.palladium.power.ability.AbilityEventHandler.onHurt(net.neoforged.neoforge.event.entity.living.LivingIncomingDamageEvent) to the game event bus
[15mai.2026 20:39:14.120] [modloading-worker-0/DEBUG] [net.neoforged.fml.javafmlmod.AutomaticEventSubscriber/LOADING]: Scanning class net.threetag.palladium.power.provider.ItemPowerProvider for @SubscribeEvent-annotated methods
[15mai.2026 20:39:14.121] [modloading-worker-0/DEBUG] [net.neoforged.fml.javafmlmod.AutomaticEventSubscriber/LOADING]: Subscribing method static void net.threetag.palladium.power.provider.ItemPowerProvider.onEquipmentChange(net.neoforged.neoforge.event.entity.living.LivingEquipmentChangeEvent) to the game event bus
[15mai.2026 20:39:14.121] [modloading-worker-0/DEBUG] [net.neoforged.fml.javafmlmod.AutomaticEventSubscriber/LOADING]: Scanning class net.threetag.palladium.registry.PalladiumRegistries for @SubscribeEvent-annotated methods
[15mai.2026 20:39:14.121] [modloading-worker-0/DEBUG] [net.neoforged.fml.javafmlmod.AutomaticEventSubscriber/LOADING]: Subscribing method static void net.threetag.palladium.registry.PalladiumRegistries.dataPackRegistries(net.neoforged.neoforge.registries.DataPackRegistryEvent$NewRegistry) to the event bus of mod palladium
[15mai.2026 20:39:14.121] [modloading-worker-0/DEBUG] [net.neoforged.fml.javafmlmod.AutomaticEventSubscriber/LOADING]: Subscribing method static void net.threetag.palladium.registry.PalladiumRegistries.registerRegistries(net.neoforged.neoforge.registries.NewRegistryEvent) to the event bus of mod palladium
[15mai.2026 20:39:14.130] [modloading-sync-worker/DEBUG] [mixin/]: Mixing client.RegistryDataLoaderMixin from palladium.mixins.json into net.minecraft.resources.RegistryDataLoader
[15mai.2026 20:39:14.130] [modloading-sync-worker/DEBUG] [mixin/]: palladium.mixins.json:client.RegistryDataLoaderMixin from mod palladium->@Inject::clearErrors(Lorg/spongepowered/asm/mixin/injection/callback/CallbackInfoReturnable;)V doesn't use it's CallbackInfoReturnable
[15mai.2026 20:39:14.145] [modloading-sync-worker/DEBUG] [mixin/]: Mixing bugfix.concurrency.ReloadableResourceManagerMixin from modernfix-modernfix.mixins.json into net.minecraft.server.packs.resources.ReloadableResourceManager
[15mai.2026 20:39:14.145] [modloading-sync-worker/DEBUG] [mixin/]: modernfix-modernfix.mixins.json:bugfix.concurrency.ReloadableResourceManagerMixin from mod modernfix: Class version 69 required is higher than the class version supported by the current version of Mixin (JAVA_21 supports class version 65)
[15mai.2026 20:39:14.145] [modloading-sync-worker/DEBUG] [mixin/]: Renaming synthetic method lambda$checkCallingThread$0(Lnet/minecraft/server/packs/resources/PreparableReloadListener;)V to md94a32b$modernfix$lambda$checkCallingThread$0$0 in modernfix-modernfix.mixins.json:bugfix.concurrency.ReloadableResourceManagerMixin from mod modernfix
[15mai.2026 20:39:14.150] [modloading-sync-worker/DEBUG] [mixin/]: Mixing LevelSummaryMixin from palladium.mixins.json into net.minecraft.world.level.storage.LevelSummary
[15mai.2026 20:39:14.151] [modloading-sync-worker/DEBUG] [mixin/]: palladium.mixins.json:LevelSummaryMixin from mod palladium->@Inject::isExperimental(Lorg/spongepowered/asm/mixin/injection/callback/CallbackInfoReturnable;)V does use it's CallbackInfoReturnable
[15mai.2026 20:39:14.156] [modloading-sync-worker/DEBUG] [mixin/]: Mixing ResourcePackLoaderMixin from palladium.mixins.json into net.neoforged.neoforge.resource.ResourcePackLoader
[15mai.2026 20:39:14.157] [modloading-sync-worker/WARN] [mixin/]: Redundant @Unique on injector method metadataTypeForPackType(Lnet/minecraft/server/packs/PackType;Lorg/spongepowered/asm/mixin/injection/callback/CallbackInfoReturnable;)V in palladium.mixins.json:ResourcePackLoaderMixin from mod palladium. Injectors are implicitly unique
[15mai.2026 20:39:14.157] [modloading-sync-worker/DEBUG] [mixin/]: Renaming synthetic method lambda$getPackNames$0(Lnet/neoforged/neoforgespi/locating/IModFile;)Ljava/lang/String; to md94a32b$palladium$lambda$getPackNames$0$0 in palladium.mixins.json:ResourcePackLoaderMixin from mod palladium
[15mai.2026 20:39:14.157] [modloading-sync-worker/DEBUG] [mixin/]: palladium.mixins.json:ResourcePackLoaderMixin from mod palladium->@Inject::metadataTypeForPackType(Lnet/minecraft/server/packs/PackType;Lorg/spongepowered/asm/mixin/injection/callback/CallbackInfoReturnable;)V does use it's CallbackInfoReturnable
[15mai.2026 20:39:14.157] [modloading-sync-worker/DEBUG] [mixin/]: palladium.mixins.json:ResourcePackLoaderMixin from mod palladium->@Inject::makePack(Lnet/minecraft/server/packs/PackType;Ljava/util/ArrayList;Lorg/spongepowered/asm/mixin/injection/callback/CallbackInfoReturnable;)V does use it's CallbackInfoReturnable
[15mai.2026 20:39:14.157] [modloading-sync-worker/DEBUG] [mixin/]: palladium.mixins.json:ResourcePackLoaderMixin from mod palladium->@Inject::getPackNames(Lnet/minecraft/server/packs/PackType;Lorg/spongepowered/asm/mixin/injection/callback/CallbackInfoReturnable;)V does use it's CallbackInfoReturnable
[15mai.2026 20:39:14.171] [modloading-sync-worker/DEBUG] [mixin/]: Mixing OverlayMetadataSectionMixin from palladium.mixins.json into net.minecraft.server.packs.OverlayMetadataSection
[15mai.2026 20:39:14.172] [modloading-sync-worker/DEBUG] [mixin/]: palladium.mixins.json:OverlayMetadataSectionMixin from mod palladium->@Inject::forPackType(Lnet/minecraft/server/packs/PackType;Lorg/spongepowered/asm/mixin/injection/callback/CallbackInfoReturnable;)V does use it's CallbackInfoReturnable
[15mai.2026 20:39:14.172] [modloading-sync-worker/DEBUG] [mixin/]: palladium.mixins.json:OverlayMetadataSectionMixin from mod palladium->@Inject::forPackTypeNeoForge(Lnet/minecraft/server/packs/PackType;Lorg/spongepowered/asm/mixin/injection/callback/CallbackInfoReturnable;)V does use it's CallbackInfoReturnable
[15mai.2026 20:39:14.213] [modloading-sync-worker/DEBUG] [mixin/]: Mixing EmptyPackResourcesMixin from palladium.mixins.json into net.neoforged.neoforge.resource.EmptyPackResources
[15mai.2026 20:39:14.214] [modloading-sync-worker/DEBUG] [mixin/]: palladium.mixins.json:EmptyPackResourcesMixin from mod palladium->@Inject::getMetadataSection(Lnet/minecraft/server/packs/metadata/MetadataSectionType;Lorg/spongepowered/asm/mixin/injection/callback/CallbackInfoReturnable;)V does use it's CallbackInfoReturnable
[15mai.2026 20:39:14.219] [modloading-sync-worker/INFO] [net.minecraft.server.packs.resources.ReloadableResourceManager/]: Reloading ResourceManager: mod_addon, mod/lambdynlights, mod/ce, mod/yumi_mc_core, mod/terrablender, mod/mousetweaks, mod/immediatelyfast, mod/lambdynlights_api, mod/jade, mod/ferritecore, mod/jei, mod/dynamic_fps, mod/lithium, mod/chat_heads, mod/player_animation_library, mod/badoptimizations, mod/pride, mod/palladium, mod/clumps, mod/neoforge, mod/modernfix, mod/spruceui, mod/dynamic_fps_common
[15mai.2026 20:39:14.235] [modloading-sync-worker/DEBUG] [mixin/]: Mixing feature.measure_time.SimpleReloadInstanceMixin from modernfix-modernfix.mixins.json into net.minecraft.server.packs.resources.SimpleReloadInstance
[15mai.2026 20:39:14.235] [modloading-sync-worker/DEBUG] [mixin/]: modernfix-modernfix.mixins.json:feature.measure_time.SimpleReloadInstanceMixin from mod modernfix: Class version 69 required is higher than the class version supported by the current version of Mixin (JAVA_21 supports class version 65)
[15mai.2026 20:39:14.253] [modloading-sync-worker/INFO] [net.threetag.palladium.Palladium/]: Registered 0 addonpack data attachments
[15mai.2026 20:39:14.255] [modloading-sync-worker/INFO] [net.threetag.palladium.Palladium/]: Registered 0 addonpack tool materials
[15mai.2026 20:39:14.255] [modloading-sync-worker/INFO] [net.threetag.palladium.Palladium/]: Registered 0 addonpack armor materials
[15mai.2026 20:39:14.275] [modloading-sync-worker/INFO] [net.minecraft.server.packs.resources.ReloadableResourceManager/]: Reloading ResourceManager: mod_addon, mod/lambdynlights, mod/ce, mod/yumi_mc_core, mod/terrablender, mod/mousetweaks, mod/immediatelyfast, mod/lambdynlights_api, mod/jade, mod/ferritecore, mod/jei, mod/dynamic_fps, mod/lithium, mod/chat_heads, mod/player_animation_library, mod/badoptimizations, mod/pride, mod/palladium, mod/clumps, mod/neoforge, mod/modernfix, mod/spruceui, mod/dynamic_fps_common
[15mai.2026 20:39:14.284] [modloading-sync-worker/INFO] [net.threetag.palladium.Palladium/]: Registered 0 addonpack block
[15mai.2026 20:39:14.293] [modloading-sync-worker/INFO] [net.minecraft.server.packs.resources.ReloadableResourceManager/]: Reloading ResourceManager: mod_addon, mod/lambdynlights, mod/ce, mod/yumi_mc_core, mod/terrablender, mod/mousetweaks, mod/immediatelyfast, mod/lambdynlights_api, mod/jade, mod/ferritecore, mod/jei, mod/dynamic_fps, mod/lithium, mod/chat_heads, mod/player_animation_library, mod/badoptimizations, mod/pride, mod/palladium, mod/clumps, mod/neoforge, mod/modernfix, mod/spruceui, mod/dynamic_fps_common
[15mai.2026 20:39:14.306] [modloading-sync-worker/INFO] [net.threetag.palladium.Palladium/]: Registered 2 addonpack item
[15mai.2026 20:39:14.312] [modloading-sync-worker/INFO] [net.minecraft.server.packs.resources.ReloadableResourceManager/]: Reloading ResourceManager: mod_addon, mod/lambdynlights, mod/ce, mod/yumi_mc_core, mod/terrablender, mod/mousetweaks, mod/immediatelyfast, mod/lambdynlights_api, mod/jade, mod/ferritecore, mod/jei, mod/dynamic_fps, mod/lithium, mod/chat_heads, mod/player_animation_library, mod/badoptimizations, mod/pride, mod/palladium, mod/clumps, mod/neoforge, mod/modernfix, mod/spruceui, mod/dynamic_fps_common
[15mai.2026 20:39:14.317] [modloading-sync-worker/INFO] [net.threetag.palladium.Palladium/]: Registered 0 addonpack suit sets
[15mai.2026 20:39:14.336] [modloading-sync-worker/INFO] [net.minecraft.server.packs.resources.ReloadableResourceManager/]: Reloading ResourceManager: mod_addon, mod/lambdynlights, mod/ce, mod/yumi_mc_core, mod/terrablender, mod/mousetweaks, mod/immediatelyfast, mod/lambdynlights_api, mod/jade, mod/ferritecore, mod/jei, mod/dynamic_fps, mod/lithium, mod/chat_heads, mod/player_animation_library, mod/badoptimizations, mod/pride, mod/palladium, mod/clumps, mod/neoforge, mod/modernfix, mod/spruceui, mod/dynamic_fps_common
[15mai.2026 20:39:14.344] [modloading-sync-worker/INFO] [net.threetag.palladium.Palladium/]: Registered 1 addonpack creative_mode_tab
[15mai.2026 20:39:14.402] [modloading-sync-worker/DEBUG] [mixin/]: Mixing perf.attribute_supplier_dedup.AttributeSupplierMixin from modernfix-modernfix.mixins.json into net.minecraft.world.entity.ai.attributes.AttributeSupplier
[15mai.2026 20:39:14.403] [modloading-sync-worker/DEBUG] [mixin/]: modernfix-modernfix.mixins.json:perf.attribute_supplier_dedup.AttributeSupplierMixin from mod modernfix: Class version 69 required is higher than the class version supported by the current version of Mixin (JAVA_21 supports class version 65)
[15mai.2026 20:39:14.403] [modloading-sync-worker/DEBUG] [mixin/]: modernfix-modernfix.mixins.json:perf.attribute_supplier_dedup.AttributeSupplierMixin from mod modernfix->@Inject::useCompactJavaMap(Ljava/util/Map;Lorg/spongepowered/asm/mixin/injection/callback/CallbackInfo;)V doesn't use it's CallbackInfo
[15mai.2026 20:39:14.403] [modloading-sync-worker/DEBUG] [mixin/]: modernfix-modernfix.mixins.json:perf.attribute_supplier_dedup.AttributeSupplierMixin from mod modernfix->@Inject::useCompactJavaMap(Ljava/util/Map;Lorg/spongepowered/asm/mixin/injection/callback/CallbackInfo;)V has 0 override(s) in child classes
[15mai.2026 20:39:14.404] [modloading-sync-worker/DEBUG] [mixin/]: modernfix-modernfix.mixins.json:perf.attribute_supplier_dedup.AttributeSupplierMixin from mod modernfix->@Inject::useCompactJavaMap(Ljava/util/Map;Lorg/spongepowered/asm/mixin/injection/callback/CallbackInfo;)V won't be passed a CallbackInfo as a result
[15mai.2026 20:39:14.405] [modloading-sync-worker/DEBUG] [mixin/]: Mixing perf.attribute_supplier_dedup.AttributeSupplierBuilderMixin from modernfix-modernfix.mixins.json into net.minecraft.world.entity.ai.attributes.AttributeSupplier$Builder
[15mai.2026 20:39:14.405] [modloading-sync-worker/DEBUG] [mixin/]: modernfix-modernfix.mixins.json:perf.attribute_supplier_dedup.AttributeSupplierBuilderMixin from mod modernfix: Class version 69 required is higher than the class version supported by the current version of Mixin (JAVA_21 supports class version 65)
[15mai.2026 20:39:14.405] [modloading-sync-worker/DEBUG] [mixin/]: Renaming synthetic method lambda$deduplicateInstances$0(Lnet/minecraft/core/Holder;Lnet/minecraft/world/entity/ai/attributes/AttributeInstance;)Lnet/minecraft/world/entity/ai/attributes/AttributeInstance; to md94a32b$modernfix$lambda$deduplicateInstances$0$0 in modernfix-modernfix.mixins.json:perf.attribute_supplier_dedup.AttributeSupplierBuilderMixin from mod modernfix
[15mai.2026 20:39:14.405] [modloading-sync-worker/DEBUG] [mixin/]: modernfix-modernfix.mixins.json:perf.attribute_supplier_dedup.AttributeSupplierBuilderMixin from mod modernfix->@Inject::deduplicateInstances(Lorg/spongepowered/asm/mixin/injection/callback/CallbackInfoReturnable;)V doesn't use it's CallbackInfoReturnable
[15mai.2026 20:39:14.405] [modloading-sync-worker/DEBUG] [mixin/]: modernfix-modernfix.mixins.json:perf.attribute_supplier_dedup.AttributeSupplierBuilderMixin from mod modernfix->@Inject::deduplicateInstances(Lorg/spongepowered/asm/mixin/injection/callback/CallbackInfoReturnable;)V has 0 override(s) in child classes
[15mai.2026 20:39:14.405] [modloading-sync-worker/DEBUG] [mixin/]: modernfix-modernfix.mixins.json:perf.attribute_supplier_dedup.AttributeSupplierBuilderMixin from mod modernfix->@Inject::deduplicateInstances(Lorg/spongepowered/asm/mixin/injection/callback/CallbackInfoReturnable;)V won't be passed a CallbackInfoReturnable as a result
[15mai.2026 20:39:14.436] [modloading-sync-worker/DEBUG] [mixin/]: Generating mapped inner class net/minecraft/world/entity/ai/Brain$Anonymous$f17b4f8efe7039bbac9f14e2394e633f (originally net/caffeinemc/mods/lithium/mixin/ai/useless_behaviors/BrainMixin$1)
[15mai.2026 20:39:14.449] [modloading-sync-worker/DEBUG] [mixin/]: Mixing block_pattern_matching.EnderDragonFightMixin from lithium.mixins.json into net.minecraft.world.level.dimension.end.EnderDragonFight
[15mai.2026 20:39:14.449] [modloading-sync-worker/DEBUG] [mixin/]: lithium.mixins.json:block_pattern_matching.EnderDragonFightMixin from mod lithium: Class version 69 required is higher than the class version supported by the current version of Mixin (JAVA_21 supports class version 65)
[15mai.2026 20:39:14.450] [modloading-sync-worker/DEBUG] [mixin/]: lithium.mixins.json:block_pattern_matching.EnderDragonFightMixin from mod lithium->@Inject::setPatternToDragonPattern(ZZZLjava/util/Optional;ILjava/util/Optional;Ljava/util/Optional;Ljava/util/List;Ljava/util/List;Lorg/spongepowered/asm/mixin/injection/callback/CallbackInfo;)V doesn't use it's CallbackInfo
[15mai.2026 20:39:14.450] [modloading-sync-worker/DEBUG] [mixin/]: lithium.mixins.json:block_pattern_matching.EnderDragonFightMixin from mod lithium->@Inject::setPatternToDragonPattern(ZZZLjava/util/Optional;ILjava/util/Optional;Ljava/util/Optional;Ljava/util/List;Ljava/util/List;Lorg/spongepowered/asm/mixin/injection/callback/CallbackInfo;)V has 0 override(s) in child classes
[15mai.2026 20:39:14.450] [modloading-sync-worker/DEBUG] [mixin/]: lithium.mixins.json:block_pattern_matching.EnderDragonFightMixin from mod lithium->@Inject::setPatternToDragonPattern(ZZZLjava/util/Optional;ILjava/util/Optional;Ljava/util/Optional;Ljava/util/List;Ljava/util/List;Lorg/spongepowered/asm/mixin/injection/callback/CallbackInfo;)V won't be passed a CallbackInfo as a result
[15mai.2026 20:39:14.453] [modloading-sync-worker/DEBUG] [mixin/]: Mixing ai.raid.RaidMixin from lithium.mixins.json into net.minecraft.world.entity.raid.Raid
[15mai.2026 20:39:14.454] [modloading-sync-worker/DEBUG] [mixin/]: lithium.mixins.json:ai.raid.RaidMixin from mod lithium: Class version 69 required is higher than the class version supported by the current version of Mixin (JAVA_21 supports class version 65)
[15mai.2026 20:39:14.454] [modloading-sync-worker/DEBUG] [mixin/]: lithium.mixins.json:ai.raid.RaidMixin from mod lithium->@Inject::onTick(Lorg/spongepowered/asm/mixin/injection/callback/CallbackInfo;)V doesn't use it's CallbackInfo
[15mai.2026 20:39:14.454] [modloading-sync-worker/DEBUG] [mixin/]: lithium.mixins.json:ai.raid.RaidMixin from mod lithium->@Inject::onTick(Lorg/spongepowered/asm/mixin/injection/callback/CallbackInfo;)V has 0 override(s) in child classes
[15mai.2026 20:39:14.454] [modloading-sync-worker/DEBUG] [mixin/]: lithium.mixins.json:ai.raid.RaidMixin from mod lithium->@Inject::onTick(Lorg/spongepowered/asm/mixin/injection/callback/CallbackInfo;)V won't be passed a CallbackInfo as a result
[15mai.2026 20:39:14.513] [modloading-sync-worker/DEBUG] [mixin/]: Generating mapped inner class net/minecraft/world/level/levelgen/DebugLevelSource$Anonymous$0e9235c22d3b3d2eb154bad3379a9091 (originally org/embeddedt/modernfix/common/mixin/perf/forge_registry_alloc/DebugLevelSourceMixin$1)
[15mai.2026 20:39:14.526] [modloading-sync-worker/DEBUG] [net.neoforged.fml.config.ConfigTracker/CONFIG]: Loading configs type CLIENT
[15mai.2026 20:39:14.532] [modloading-sync-worker/DEBUG] [net.neoforged.fml.config.ConfigTracker/CONFIG]: Loaded TOML config file C:\Users\arthu\Downloads\Cursed Energy\ce-26.x\run\config\palladium-client.toml
[15mai.2026 20:39:14.536] [modloading-sync-worker/DEBUG] [net.neoforged.fml.config.ConfigTracker/CONFIG]: Watching TOML config file C:\Users\arthu\Downloads\Cursed Energy\ce-26.x\run\config\palladium-client.toml for changes
[15mai.2026 20:39:14.538] [modloading-sync-worker/DEBUG] [net.neoforged.neoforge.common.NeoForgeMod/FORGEMOD]: Loaded NeoForge config file neoforge-client.toml
[15mai.2026 20:39:14.538] [modloading-sync-worker/DEBUG] [net.neoforged.fml.config.ConfigTracker/CONFIG]: Loaded TOML config file C:\Users\arthu\Downloads\Cursed Energy\ce-26.x\run\config\neoforge-client.toml
[15mai.2026 20:39:14.539] [modloading-sync-worker/DEBUG] [net.neoforged.fml.config.ConfigTracker/CONFIG]: Watching TOML config file C:\Users\arthu\Downloads\Cursed Energy\ce-26.x\run\config\neoforge-client.toml for changes
[15mai.2026 20:39:14.539] [modloading-sync-worker/DEBUG] [net.neoforged.fml.config.ConfigTracker/CONFIG]: Loading configs type COMMON
[15mai.2026 20:39:14.539] [modloading-sync-worker/DEBUG] [net.neoforged.neoforge.common.NeoForgeMod/FORGEMOD]: Loaded NeoForge config file neoforge-common.toml
[15mai.2026 20:39:14.539] [modloading-sync-worker/DEBUG] [net.neoforged.fml.config.ConfigTracker/CONFIG]: Loaded TOML config file C:\Users\arthu\Downloads\Cursed Energy\ce-26.x\run\config\neoforge-common.toml
[15mai.2026 20:39:14.540] [modloading-sync-worker/DEBUG] [net.neoforged.fml.config.ConfigTracker/CONFIG]: Watching TOML config file C:\Users\arthu\Downloads\Cursed Energy\ce-26.x\run\config\neoforge-common.toml for changes
[15mai.2026 20:39:14.545] [Render thread/DEBUG] [mixin/]: Mixing avoid_redundant_framebuffer_switching.MixinRenderSystem from immediatelyfast-common.mixins.json into com.mojang.blaze3d.systems.RenderSystem
[15mai.2026 20:39:14.545] [Render thread/DEBUG] [mixin/]: Mixing core.MixinRenderSystem from immediatelyfast-common.mixins.json into com.mojang.blaze3d.systems.RenderSystem
[15mai.2026 20:39:14.545] [Render thread/DEBUG] [mixin/]: immediatelyfast-common.mixins.json:avoid_redundant_framebuffer_switching.MixinRenderSystem from mod immediatelyfast->@Inject::unbindFramebufferBeforeSwappingBuffers(Lorg/spongepowered/asm/mixin/injection/callback/CallbackInfo;)V doesn't use it's CallbackInfo
[15mai.2026 20:39:14.545] [Render thread/DEBUG] [mixin/]: immediatelyfast-common.mixins.json:core.MixinRenderSystem from mod immediatelyfast->@Inject::initImmediatelyFast(Lorg/spongepowered/asm/mixin/injection/callback/CallbackInfo;)V doesn't use it's CallbackInfo
[15mai.2026 20:39:14.545] [Render thread/DEBUG] [mixin/]: immediatelyfast-common.mixins.json:core.MixinRenderSystem from mod immediatelyfast->@Inject::endFrame(Lorg/spongepowered/asm/mixin/injection/callback/CallbackInfo;)V doesn't use it's CallbackInfo
[15mai.2026 20:39:14.555] [Render thread/DEBUG] [mixin/]: Mixing LoadingOverlayMixin from dynamic_fps.common.mixins.json into net.minecraft.client.gui.screens.LoadingOverlay
[15mai.2026 20:39:14.562] [Render thread/DEBUG] [mixin/]: Mixing AbstractContainerScreenAccessor from mousetweaks.mixins.json into net.minecraft.client.gui.screens.inventory.AbstractContainerScreen
[15mai.2026 20:39:14.562] [Render thread/DEBUG] [mixin/]: mousetweaks.mixins.json:AbstractContainerScreenAccessor from mod mousetweaks: Class version 69 required is higher than the class version supported by the current version of Mixin (JAVA_21 supports class version 65)
[15mai.2026 20:39:14.661] [Render thread/ERROR] [net.minecraft.server.packs.VanillaPackResourcesBuilder/]: File /addon/.mcassetsroot does not exist in classpath
[15mai.2026 20:39:14.669] [Render thread/DEBUG] [mixin/]: Mixing DownloadedPackSourceMixin from chat_heads.mixins.json into net.minecraft.client.resources.server.DownloadedPackSource
[15mai.2026 20:39:14.670] [Render thread/DEBUG] [mixin/]: chat_heads.mixins.json:DownloadedPackSourceMixin from mod chat_heads->@Inject::chatheads$checkForDisableResource(Ljava/util/List;Lorg/spongepowered/asm/mixin/injection/callback/CallbackInfoReturnable;)V does use it's CallbackInfoReturnable
[15mai.2026 20:39:14.670] [Render thread/DEBUG] [mixin/]: chat_heads.mixins.json:DownloadedPackSourceMixin from mod chat_heads->@Inject::chatheads$checkForDisableResource(Ljava/util/List;Lorg/spongepowered/asm/mixin/injection/callback/CallbackInfoReturnable;)V does use it's CallbackInfoReturnable
[15mai.2026 20:39:14.684] [Render thread/INFO] [com.mojang.authlib.yggdrasil.YggdrasilAuthenticationService/]: Environment: Environment[sessionHost=https://sessionserver.mojang.com, servicesHost=https://api.minecraftservices.com, profilesHost=https://api.mojang.com, name=PROD]
[15mai.2026 20:39:14.701] [Render thread/INFO] [net.minecraft.client.Minecraft/]: Setting user: Dev
[15mai.2026 20:39:14.703] [Render thread/DEBUG] [mixin/]: Mixing OptionsMixin from lambdynlights.mixins.json into net.minecraft.client.Options
[15mai.2026 20:39:14.704] [Render thread/DEBUG] [mixin/]: Mixing OptionsMixin from dynamic_fps.common.mixins.json into net.minecraft.client.Options
[15mai.2026 20:39:14.704] [Render thread/DEBUG] [mixin/]: lambdynlights.mixins.json:OptionsMixin from mod lambdynlights->@Inject::lambdynlights$onLoad(Lorg/spongepowered/asm/mixin/injection/callback/CallbackInfo;)V doesn't use it's CallbackInfo
[15mai.2026 20:39:14.704] [Render thread/DEBUG] [mixin/]: lambdynlights.mixins.json:OptionsMixin from mod lambdynlights->@Inject::lambdynlights$onLoad(Lorg/spongepowered/asm/mixin/injection/callback/CallbackInfo;)V has 0 override(s) in child classes
[15mai.2026 20:39:14.704] [Render thread/DEBUG] [mixin/]: lambdynlights.mixins.json:OptionsMixin from mod lambdynlights->@Inject::lambdynlights$onLoad(Lorg/spongepowered/asm/mixin/injection/callback/CallbackInfo;)V won't be passed a CallbackInfo as a result
[15mai.2026 20:39:14.704] [Render thread/DEBUG] [mixin/]: dynamic_fps.common.mixins.json:OptionsMixin from mod dynamic_fps_common->@Inject::save0(Lorg/spongepowered/asm/mixin/injection/callback/CallbackInfo;)V doesn't use it's CallbackInfo
[15mai.2026 20:39:14.704] [Render thread/DEBUG] [mixin/]: dynamic_fps.common.mixins.json:OptionsMixin from mod dynamic_fps_common->@Inject::save0(Lorg/spongepowered/asm/mixin/injection/callback/CallbackInfo;)V has 0 override(s) in child classes
[15mai.2026 20:39:14.704] [Render thread/DEBUG] [mixin/]: dynamic_fps.common.mixins.json:OptionsMixin from mod dynamic_fps_common->@Inject::save0(Lorg/spongepowered/asm/mixin/injection/callback/CallbackInfo;)V won't be passed a CallbackInfo as a result
[15mai.2026 20:39:14.704] [Render thread/DEBUG] [mixin/]: dynamic_fps.common.mixins.json:OptionsMixin from mod dynamic_fps_common->@Inject::save1(Lorg/spongepowered/asm/mixin/injection/callback/CallbackInfo;)V doesn't use it's CallbackInfo
[15mai.2026 20:39:14.704] [Render thread/DEBUG] [mixin/]: dynamic_fps.common.mixins.json:OptionsMixin from mod dynamic_fps_common->@Inject::save1(Lorg/spongepowered/asm/mixin/injection/callback/CallbackInfo;)V has 0 override(s) in child classes
[15mai.2026 20:39:14.704] [Render thread/DEBUG] [mixin/]: dynamic_fps.common.mixins.json:OptionsMixin from mod dynamic_fps_common->@Inject::save1(Lorg/spongepowered/asm/mixin/injection/callback/CallbackInfo;)V won't be passed a CallbackInfo as a result
[15mai.2026 20:39:14.758] [Render thread/DEBUG] [mixin/]: Mixing ParticleMixin from lambdynlights.lightsource.mixins.json into net.minecraft.client.particle.Particle
[15mai.2026 20:39:14.761] [Render thread/INFO] [LambDynamicLights/]: Initializing LambDynamicLights...
[15mai.2026 20:39:14.780] [Render thread/INFO] [LambDynamicLights|Config/]: Configuration loaded.
[15mai.2026 20:39:14.784] [Render thread/DEBUG] [mixin/]: Mixing core.MixinDebugScreenEntries from immediatelyfast-common.mixins.json into net.minecraft.client.gui.components.debug.DebugScreenEntries
[15mai.2026 20:39:14.784] [Render thread/DEBUG] [mixin/]: Mixing MixinDebugHud_AddText from badoptimizations.mixins.json into net.minecraft.client.gui.components.debug.DebugScreenEntries
[15mai.2026 20:39:14.784] [Render thread/DEBUG] [mixin/]: badoptimizations.mixins.json:MixinDebugHud_AddText from mod badoptimizations: Class version 69 required is higher than the class version supported by the current version of Mixin (JAVA_17 supports class version 61)
[15mai.2026 20:39:14.784] [Render thread/DEBUG] [mixin/]: immediatelyfast-common.mixins.json:core.MixinDebugScreenEntries from mod immediatelyfast->@Inject::addImmediatelyFastEntry(Lorg/spongepowered/asm/mixin/injection/callback/CallbackInfo;)V doesn't use it's CallbackInfo
[15mai.2026 20:39:14.785] [Render thread/DEBUG] [mixin/]: badoptimizations.mixins.json:MixinDebugHud_AddText from mod badoptimizations->@Inject::onInit(Lorg/spongepowered/asm/mixin/injection/callback/CallbackInfo;)V doesn't use it's CallbackInfo
[15mai.2026 20:39:14.786] [Render thread/DEBUG] [mixin/]: Mixing DebugEntryFpsMixin from dynamic_fps.common.mixins.json into net.minecraft.client.gui.components.debug.DebugEntryFps
[15mai.2026 20:39:14.799] [Render thread/DEBUG] [mixin/]: Generating mapped inner class net/minecraft/client/gui/components/debug/DebugScreenEntries$Anonymous$d719c306c15337d697c8de5ea127f69f (originally me/thosea/badoptimizations/mixin/MixinDebugHud_AddText$1)
[15mai.2026 20:39:14.813] [Render thread/DEBUG] [mixin/]: Mixing ChatComponentMixin from chat_heads.mixins.json into net.minecraft.client.gui.components.ChatComponent
[15mai.2026 20:39:14.813] [Render thread/DEBUG] [mixin/]: Mixing ChatComponentRenderMixin from chat_heads.mixins.json into net.minecraft.client.gui.components.ChatComponent
[15mai.2026 20:39:14.813] [Render thread/DEBUG] [mixin/]: Mixing ChatComponentMixin2 from chat_heads.mixins.json into net.minecraft.client.gui.components.ChatComponent
[15mai.2026 20:39:14.814] [Render thread/DEBUG] [mixin/]: chat_heads.mixins.json:ChatComponentMixin from mod chat_heads->@Inject::chatheads$captureGuiGraphics(Lorg/spongepowered/asm/mixin/injection/callback/CallbackInfo;)V doesn't use it's CallbackInfo
[15mai.2026 20:39:14.814] [Render thread/DEBUG] [mixin/]: chat_heads.mixins.json:ChatComponentMixin from mod chat_heads->@Inject::chatheads$noGraphics(Lorg/spongepowered/asm/mixin/injection/callback/CallbackInfo;)V doesn't use it's CallbackInfo
[15mai.2026 20:39:14.815] [Render thread/DEBUG] [mixin/]: chat_heads.mixins.json:ChatComponentMixin from mod chat_heads->@Inject::chatheads$captureChatGraphicsAccess(Lorg/spongepowered/asm/mixin/injection/callback/CallbackInfo;)V doesn't use it's CallbackInfo
[15mai.2026 20:39:14.815] [Render thread/DEBUG] [mixin/]: chat_heads.mixins.json:ChatComponentMixin from mod chat_heads->@Inject::chatheads$forgetGraphics(Lorg/spongepowered/asm/mixin/injection/callback/CallbackInfo;)V doesn't use it's CallbackInfo
[15mai.2026 20:39:14.815] [Render thread/DEBUG] [mixin/]: chat_heads.mixins.json:ChatComponentMixin from mod chat_heads->@Inject::chatheads$nonRefreshingPath(Lorg/spongepowered/asm/mixin/injection/callback/CallbackInfo;)V doesn't use it's CallbackInfo
[15mai.2026 20:39:14.815] [Render thread/DEBUG] [mixin/]: chat_heads.mixins.json:ChatComponentMixin from mod chat_heads->@Inject::chatheads$nonRefreshingPath(Lorg/spongepowered/asm/mixin/injection/callback/CallbackInfo;)V has 0 override(s) in child classes
[15mai.2026 20:39:14.815] [Render thread/DEBUG] [mixin/]: chat_heads.mixins.json:ChatComponentMixin from mod chat_heads->@Inject::chatheads$nonRefreshingPath(Lorg/spongepowered/asm/mixin/injection/callback/CallbackInfo;)V won't be passed a CallbackInfo as a result
[15mai.2026 20:39:14.815] [Render thread/DEBUG] [mixin/]: chat_heads.mixins.json:ChatComponentMixin from mod chat_heads->@Inject::chatheads$finishedRefreshing(Lorg/spongepowered/asm/mixin/injection/callback/CallbackInfo;)V doesn't use it's CallbackInfo
[15mai.2026 20:39:14.815] [Render thread/DEBUG] [mixin/]: chat_heads.mixins.json:ChatComponentMixin from mod chat_heads->@Inject::chatheads$finishedRefreshing(Lorg/spongepowered/asm/mixin/injection/callback/CallbackInfo;)V has 0 override(s) in child classes
[15mai.2026 20:39:14.815] [Render thread/DEBUG] [mixin/]: chat_heads.mixins.json:ChatComponentMixin from mod chat_heads->@Inject::chatheads$finishedRefreshing(Lorg/spongepowered/asm/mixin/injection/callback/CallbackInfo;)V won't be passed a CallbackInfo as a result
[15mai.2026 20:39:14.815] [Render thread/DEBUG] [mixin/]: chat_heads.mixins.json:ChatComponentRenderMixin from mod chat_heads->@Inject::chatheads$isInsideChat(Lorg/spongepowered/asm/mixin/injection/callback/CallbackInfo;)V doesn't use it's CallbackInfo
[15mai.2026 20:39:14.815] [Render thread/DEBUG] [mixin/]: chat_heads.mixins.json:ChatComponentRenderMixin from mod chat_heads->@Inject::chatheads$isInsideChat(Lorg/spongepowered/asm/mixin/injection/callback/CallbackInfo;)V has 0 override(s) in child classes
[15mai.2026 20:39:14.815] [Render thread/DEBUG] [mixin/]: chat_heads.mixins.json:ChatComponentRenderMixin from mod chat_heads->@Inject::chatheads$isInsideChat(Lorg/spongepowered/asm/mixin/injection/callback/CallbackInfo;)V won't be passed a CallbackInfo as a result
[15mai.2026 20:39:14.815] [Render thread/DEBUG] [mixin/]: chat_heads.mixins.json:ChatComponentRenderMixin from mod chat_heads->@Inject::chatheads$isOutsideChat(Lorg/spongepowered/asm/mixin/injection/callback/CallbackInfo;)V doesn't use it's CallbackInfo
[15mai.2026 20:39:14.815] [Render thread/DEBUG] [mixin/]: chat_heads.mixins.json:ChatComponentRenderMixin from mod chat_heads->@Inject::chatheads$isOutsideChat(Lorg/spongepowered/asm/mixin/injection/callback/CallbackInfo;)V has 0 override(s) in child classes
[15mai.2026 20:39:14.815] [Render thread/DEBUG] [mixin/]: chat_heads.mixins.json:ChatComponentRenderMixin from mod chat_heads->@Inject::chatheads$isOutsideChat(Lorg/spongepowered/asm/mixin/injection/callback/CallbackInfo;)V won't be passed a CallbackInfo as a result
[15mai.2026 20:39:14.815] [Render thread/DEBUG] [mixin/]: chat_heads.mixins.json:ChatComponentMixin2 from mod chat_heads->@Inject::chatheads$transferMessageOwner(Lnet/minecraft/client/multiplayer/chat/GuiMessage;Lorg/spongepowered/asm/mixin/injection/callback/CallbackInfo;)V doesn't use it's CallbackInfo
[15mai.2026 20:39:14.815] [Render thread/DEBUG] [mixin/]: chat_heads.mixins.json:ChatComponentMixin2 from mod chat_heads->@Inject::chatheads$transferMessageOwner(Lnet/minecraft/client/multiplayer/chat/GuiMessage;Lorg/spongepowered/asm/mixin/injection/callback/CallbackInfo;)V has 0 override(s) in child classes
[15mai.2026 20:39:14.815] [Render thread/DEBUG] [mixin/]: chat_heads.mixins.json:ChatComponentMixin2 from mod chat_heads->@Inject::chatheads$transferMessageOwner(Lnet/minecraft/client/multiplayer/chat/GuiMessage;Lorg/spongepowered/asm/mixin/injection/callback/CallbackInfo;)V won't be passed a CallbackInfo as a result
[15mai.2026 20:39:14.815] [Render thread/DEBUG] [mixin/]: chat_heads.mixins.json:ChatComponentMixin2 from mod chat_heads->@Inject::chatheads$forgetSender(Lorg/spongepowered/asm/mixin/injection/callback/CallbackInfo;)V doesn't use it's CallbackInfo
[15mai.2026 20:39:14.815] [Render thread/DEBUG] [mixin/]: chat_heads.mixins.json:ChatComponentMixin2 from mod chat_heads->@Inject::chatheads$forgetSender(Lorg/spongepowered/asm/mixin/injection/callback/CallbackInfo;)V has 0 override(s) in child classes
[15mai.2026 20:39:14.815] [Render thread/DEBUG] [mixin/]: chat_heads.mixins.json:ChatComponentMixin2 from mod chat_heads->@Inject::chatheads$forgetSender(Lorg/spongepowered/asm/mixin/injection/callback/CallbackInfo;)V won't be passed a CallbackInfo as a result
[15mai.2026 20:39:14.823] [Render thread/DEBUG] [mixin/]: Mixing tick.MixinTutorial from badoptimizations.mixins.json into net.minecraft.client.tutorial.Tutorial
[15mai.2026 20:39:14.823] [Render thread/DEBUG] [mixin/]: badoptimizations.mixins.json:tick.MixinTutorial from mod badoptimizations: Class version 69 required is higher than the class version supported by the current version of Mixin (JAVA_17 supports class version 61)
[15mai.2026 20:39:14.823] [Render thread/DEBUG] [mixin/]: badoptimizations.mixins.json:tick.MixinTutorial from mod badoptimizations->@Inject::onTick(Lorg/spongepowered/asm/mixin/injection/callback/CallbackInfo;)V does use it's CallbackInfo
[15mai.2026 20:39:14.873] [Render thread/DEBUG] [mixin/]: Mixing ToastManagerMixin from dynamic_fps.common.mixins.json into net.minecraft.client.gui.components.toasts.ToastManager
[15mai.2026 20:39:14.873] [Render thread/DEBUG] [mixin/]: Mixing MixinToastComponent from badoptimizations.mixins.json into net.minecraft.client.gui.components.toasts.ToastManager
[15mai.2026 20:39:14.873] [Render thread/DEBUG] [mixin/]: badoptimizations.mixins.json:MixinToastComponent from mod badoptimizations: Class version 69 required is higher than the class version supported by the current version of Mixin (JAVA_17 supports class version 61)
[15mai.2026 20:39:14.874] [Render thread/DEBUG] [mixin/]: dynamic_fps.common.mixins.json:ToastManagerMixin from mod dynamic_fps_common->@Inject::freeSlotCount(Lorg/spongepowered/asm/mixin/injection/callback/CallbackInfoReturnable;)V does use it's CallbackInfoReturnable
[15mai.2026 20:39:14.885] [Render thread/INFO] [net.minecraft.client.Minecraft/]: Backend library: LWJGL version 3.4.1+2
[15mai.2026 20:39:14.893] [Render thread/DEBUG] [mixin/]: Mixing feature.branding.BrandingControlMixin from modernfix-modernfix.mixins.json into net.neoforged.neoforge.internal.BrandingControl
[15mai.2026 20:39:14.893] [Render thread/DEBUG] [mixin/]: modernfix-modernfix.mixins.json:feature.branding.BrandingControlMixin from mod modernfix: Class version 69 required is higher than the class version supported by the current version of Mixin (JAVA_21 supports class version 65)
[15mai.2026 20:39:14.893] [Render thread/DEBUG] [mixin/]: modernfix-modernfix.mixins.json:feature.branding.BrandingControlMixin from mod modernfix->@Inject::addModernFixBranding(Lorg/spongepowered/asm/mixin/injection/callback/CallbackInfo;Lcom/google/common/collect/ImmutableList$Builder;)V doesn't use it's CallbackInfo
[15mai.2026 20:39:15.005] [Render thread/DEBUG] [mixin/]: Mixing avoid_redundant_framebuffer_switching.MixinGlCommandEncoder from immediatelyfast-common.mixins.json into com.mojang.blaze3d.opengl.GlCommandEncoder
[15mai.2026 20:39:15.006] [Render thread/DEBUG] [mixin/]: Mixing fix_slow_buffer_upload_on_apple_gpu.MixinGlCommandEncoder from immediatelyfast-common.mixins.json into com.mojang.blaze3d.opengl.GlCommandEncoder
[15mai.2026 20:39:15.006] [Render thread/DEBUG] [mixin/]: immediatelyfast-common.mixins.json:avoid_redundant_framebuffer_switching.MixinGlCommandEncoder from mod immediatelyfast->@Inject::unbindFramebufferBeforePresenting(Lorg/spongepowered/asm/mixin/injection/callback/CallbackInfo;)V doesn't use it's CallbackInfo
[15mai.2026 20:39:15.006] [Render thread/DEBUG] [mixin/]: immediatelyfast-common.mixins.json:avoid_redundant_framebuffer_switching.MixinGlCommandEncoder from mod immediatelyfast->@Inject::unbindFramebufferBeforePresenting(Lorg/spongepowered/asm/mixin/injection/callback/CallbackInfo;)V has 0 override(s) in child classes
[15mai.2026 20:39:15.006] [Render thread/DEBUG] [mixin/]: immediatelyfast-common.mixins.json:avoid_redundant_framebuffer_switching.MixinGlCommandEncoder from mod immediatelyfast->@Inject::unbindFramebufferBeforePresenting(Lorg/spongepowered/asm/mixin/injection/callback/CallbackInfo;)V won't be passed a CallbackInfo as a result
[15mai.2026 20:39:15.026] [Render thread/INFO] [ImmediatelyFast/]: Initializing ImmediatelyFast 1.15.2+26.1.2 on AMD Radeon(TM) Graphics (ATI Technologies Inc.) with OpenGL 3.3.0 Core Profile Context 26.1.1.251211
[15mai.2026 20:39:15.032] [Render thread/DEBUG] [mixin/]: Mixing perf.resourcepacks.PathPackResourcesMixin from modernfix-modernfix.mixins.json into net.minecraft.server.packs.PathPackResources
[15mai.2026 20:39:15.032] [Render thread/DEBUG] [mixin/]: modernfix-modernfix.mixins.json:perf.resourcepacks.PathPackResourcesMixin from mod modernfix: Class version 69 required is higher than the class version supported by the current version of Mixin (JAVA_21 supports class version 65)
[15mai.2026 20:39:15.032] [Render thread/DEBUG] [mixin/]: Renaming synthetic method lambda$generateResourceCache$0(Lnet/minecraft/server/packs/PackType;)Ljava/nio/file/Path; to md94a32b$modernfix$lambda$generateResourceCache$0$0 in modernfix-modernfix.mixins.json:perf.resourcepacks.PathPackResourcesMixin from mod modernfix
[15mai.2026 20:39:15.032] [Render thread/DEBUG] [mixin/]: modernfix-modernfix.mixins.json:perf.resourcepacks.PathPackResourcesMixin from mod modernfix->@Inject::cacheResources(Lnet/minecraft/server/packs/PackLocationInfo;Ljava/nio/file/Path;Lorg/spongepowered/asm/mixin/injection/callback/CallbackInfo;)V doesn't use it's CallbackInfo
[15mai.2026 20:39:15.032] [Render thread/DEBUG] [mixin/]: modernfix-modernfix.mixins.json:perf.resourcepacks.PathPackResourcesMixin from mod modernfix->@Inject::cacheResources(Lnet/minecraft/server/packs/PackLocationInfo;Ljava/nio/file/Path;Lorg/spongepowered/asm/mixin/injection/callback/CallbackInfo;)V has 0 override(s) in child classes
[15mai.2026 20:39:15.032] [Render thread/DEBUG] [mixin/]: modernfix-modernfix.mixins.json:perf.resourcepacks.PathPackResourcesMixin from mod modernfix->@Inject::cacheResources(Lnet/minecraft/server/packs/PackLocationInfo;Ljava/nio/file/Path;Lorg/spongepowered/asm/mixin/injection/callback/CallbackInfo;)V won't be passed a CallbackInfo as a result
[15mai.2026 20:39:15.046] [Render thread/INFO] [net.minecraft.client.Minecraft/]: Using optional rendering extensions: GL_ARB_buffer_storage, GL_KHR_debug, GL_ARB_vertex_attrib_binding, GL_ARB_direct_state_access, GL_EXT_texture_filter_anisotropic
[15mai.2026 20:39:15.150] [Render thread/DEBUG] [mixin/]: Mixing LanguageManagerMixin from jade.mixins.json into net.minecraft.client.resources.language.LanguageManager
[15mai.2026 20:39:15.150] [Render thread/DEBUG] [mixin/]: jade.mixins.json:LanguageManagerMixin from mod jade: Class version 69 required is higher than the class version supported by the current version of Mixin (JAVA_21 supports class version 65)
[15mai.2026 20:39:15.150] [Render thread/DEBUG] [mixin/]: jade.mixins.json:LanguageManagerMixin from mod jade->@Inject::jade$onResourceManagerReload(Lnet/minecraft/server/packs/resources/ResourceManager;Lorg/spongepowered/asm/mixin/injection/callback/CallbackInfo;)V doesn't use it's CallbackInfo
[15mai.2026 20:39:15.150] [Render thread/DEBUG] [mixin/]: jade.mixins.json:LanguageManagerMixin from mod jade->@Inject::jade$onResourceManagerReload(Lnet/minecraft/server/packs/resources/ResourceManager;Lorg/spongepowered/asm/mixin/injection/callback/CallbackInfo;)V has 0 override(s) in child classes
[15mai.2026 20:39:15.150] [Render thread/DEBUG] [mixin/]: jade.mixins.json:LanguageManagerMixin from mod jade->@Inject::jade$onResourceManagerReload(Lnet/minecraft/server/packs/resources/ResourceManager;Lorg/spongepowered/asm/mixin/injection/callback/CallbackInfo;)V won't be passed a CallbackInfo as a result
[15mai.2026 20:39:15.153] [Render thread/DEBUG] [mixin/]: Mixing client.TextureManagerMixin from palladium.mixins.json into net.minecraft.client.renderer.texture.TextureManager
[15mai.2026 20:39:15.153] [Render thread/DEBUG] [mixin/]: palladium.mixins.json:client.TextureManagerMixin from mod palladium->@Inject::reload(Lnet/minecraft/server/packs/resources/PreparableReloadListener$SharedState;Ljava/util/concurrent/Executor;Lnet/minecraft/server/packs/resources/PreparableReloadListener$PreparationBarrier;Ljava/util/concurrent/Executor;Lorg/spongepowered/asm/mixin/injection/callback/CallbackInfoReturnable;)V doesn't use it's CallbackInfoReturnable
[15mai.2026 20:39:15.153] [Render thread/DEBUG] [mixin/]: palladium.mixins.json:client.TextureManagerMixin from mod palladium->@Inject::reload(Lnet/minecraft/server/packs/resources/PreparableReloadListener$SharedState;Ljava/util/concurrent/Executor;Lnet/minecraft/server/packs/resources/PreparableReloadListener$PreparationBarrier;Ljava/util/concurrent/Executor;Lorg/spongepowered/asm/mixin/injection/callback/CallbackInfoReturnable;)V has 0 override(s) in child classes
[15mai.2026 20:39:15.153] [Render thread/DEBUG] [mixin/]: palladium.mixins.json:client.TextureManagerMixin from mod palladium->@Inject::reload(Lnet/minecraft/server/packs/resources/PreparableReloadListener$SharedState;Ljava/util/concurrent/Executor;Lnet/minecraft/server/packs/resources/PreparableReloadListener$PreparationBarrier;Ljava/util/concurrent/Executor;Lorg/spongepowered/asm/mixin/injection/callback/CallbackInfoReturnable;)V won't be passed a CallbackInfoReturnable as a result
[15mai.2026 20:39:15.158] [Render thread/DEBUG] [mixin/]: Mixing resource_pack_conflict_handling.MixinShaderManager from immediatelyfast-common.mixins.json into net.minecraft.client.renderer.ShaderManager
[15mai.2026 20:39:15.159] [Render thread/DEBUG] [mixin/]: immediatelyfast-common.mixins.json:resource_pack_conflict_handling.MixinShaderManager from mod immediatelyfast->@Inject::checkForCoreShaderModifications(Lnet/minecraft/client/renderer/ShaderManager$Configs;Lnet/minecraft/server/packs/resources/ResourceManager;Lnet/minecraft/util/profiling/ProfilerFiller;Lorg/spongepowered/asm/mixin/injection/callback/CallbackInfo;)V doesn't use it's CallbackInfo
[15mai.2026 20:39:15.159] [Render thread/DEBUG] [mixin/]: immediatelyfast-common.mixins.json:resource_pack_conflict_handling.MixinShaderManager from mod immediatelyfast->@Inject::checkForCoreShaderModifications(Lnet/minecraft/client/renderer/ShaderManager$Configs;Lnet/minecraft/server/packs/resources/ResourceManager;Lnet/minecraft/util/profiling/ProfilerFiller;Lorg/spongepowered/asm/mixin/injection/callback/CallbackInfo;)V has 0 override(s) in child classes
[15mai.2026 20:39:15.159] [Render thread/DEBUG] [mixin/]: immediatelyfast-common.mixins.json:resource_pack_conflict_handling.MixinShaderManager from mod immediatelyfast->@Inject::checkForCoreShaderModifications(Lnet/minecraft/client/renderer/ShaderManager$Configs;Lnet/minecraft/server/packs/resources/ResourceManager;Lnet/minecraft/util/profiling/ProfilerFiller;Lorg/spongepowered/asm/mixin/injection/callback/CallbackInfo;)V won't be passed a CallbackInfo as a result
[15mai.2026 20:39:15.164] [Render thread/DEBUG] [mixin/]: Mixing SkinTextureDownloaderMixin from chat_heads.mixins.json into net.minecraft.client.renderer.texture.SkinTextureDownloader
[15mai.2026 20:39:15.164] [Render thread/DEBUG] [mixin/]: Renaming synthetic method lambda$chatheads$registerBlendedHeadTexture$0(Lnet/minecraft/core/ClientAsset$Texture;Lcom/mojang/blaze3d/platform/NativeImage;Ljava/util/function/Supplier;)Ljava/lang/Object; to md94a32b$chat_heads$lambda$chatheads$registerBlendedHeadTexture$0$0 in chat_heads.mixins.json:SkinTextureDownloaderMixin from mod chat_heads
[15mai.2026 20:39:15.164] [Render thread/DEBUG] [mixin/]: Renaming synthetic method lambda$chatheads$registerBlendedHeadTexture$1(Lnet/minecraft/resources/Identifier;)Ljava/lang/String; to md94a32b$chat_heads$lambda$chatheads$registerBlendedHeadTexture$1$1 in chat_heads.mixins.json:SkinTextureDownloaderMixin from mod chat_heads
[15mai.2026 20:39:15.167] [Render thread/DEBUG] [mixin/]: Mixing perf.cache_profile_texture_url.SkinManagerMixin from modernfix-modernfix.mixins.json into net.minecraft.client.resources.SkinManager$TextureCache
[15mai.2026 20:39:15.167] [Render thread/DEBUG] [mixin/]: modernfix-modernfix.mixins.json:perf.cache_profile_texture_url.SkinManagerMixin from mod modernfix: Class version 69 required is higher than the class version supported by the current version of Mixin (JAVA_21 supports class version 65)
[15mai.2026 20:39:15.175] [Render thread/DEBUG] [mixin/]: Mixing SoundEngineMixin from dynamic_fps.common.mixins.json into net.minecraft.client.sounds.SoundEngine
[15mai.2026 20:39:15.175] [Render thread/DEBUG] [mixin/]: Renaming synthetic method lambda$dynamic_fps$updateVolume$0(FZZLcom/mojang/blaze3d/audio/Channel;)V to md94a32b$dynamic_fps_common$lambda$dynamic_fps$updateVolume$0$0 in dynamic_fps.common.mixins.json:SoundEngineMixin from mod dynamic_fps_common
[15mai.2026 20:39:15.176] [Render thread/DEBUG] [mixin/]: dynamic_fps.common.mixins.json:SoundEngineMixin from mod dynamic_fps_common->@Inject::play(Lnet/minecraft/client/resources/sounds/SoundInstance;Lorg/spongepowered/asm/mixin/injection/callback/CallbackInfoReturnable;)V does use it's CallbackInfoReturnable
[15mai.2026 20:39:15.176] [Render thread/DEBUG] [mixin/]: dynamic_fps.common.mixins.json:SoundEngineMixin from mod dynamic_fps_common->@Inject::playDelayed(Lnet/minecraft/client/resources/sounds/SoundInstance;ILorg/spongepowered/asm/mixin/injection/callback/CallbackInfo;)V does use it's CallbackInfo
[15mai.2026 20:39:15.241] [Render thread/DEBUG] [mixin/]: Mixing skip_text_translucency_sorting.MixinRenderTypes from immediatelyfast-common.mixins.json into net.minecraft.client.renderer.rendertype.RenderTypes
[15mai.2026 20:39:15.241] [Render thread/DEBUG] [mixin/]: Mixing client.RenderTypesMixin from palladium.mixins.json into net.minecraft.client.renderer.rendertype.RenderTypes
[15mai.2026 20:39:15.241] [Render thread/DEBUG] [mixin/]: palladium.mixins.json:client.RenderTypesMixin from mod palladium->@Inject::entitySolid(Lnet/minecraft/resources/Identifier;Lorg/spongepowered/asm/mixin/injection/callback/CallbackInfoReturnable;)V does use it's CallbackInfoReturnable
[15mai.2026 20:39:15.241] [Render thread/DEBUG] [mixin/]: palladium.mixins.json:client.RenderTypesMixin from mod palladium->@Inject::armorCutoutNoCull(Lnet/minecraft/resources/Identifier;Lorg/spongepowered/asm/mixin/injection/callback/CallbackInfoReturnable;)V does use it's CallbackInfoReturnable
[15mai.2026 20:39:15.263] [Render thread/DEBUG] [mixin/]: Mixing client.ClientMannequinMixin from palladium.mixins.json into net.minecraft.client.entity.ClientMannequin
[15mai.2026 20:39:15.264] [Render thread/DEBUG] [mixin/]: Mixing renderer.entity.MixinMannequinPlayer from badoptimizations.mixins.json into net.minecraft.client.entity.ClientMannequin
[15mai.2026 20:39:15.264] [Render thread/DEBUG] [mixin/]: badoptimizations.mixins.json:renderer.entity.MixinMannequinPlayer from mod badoptimizations: Class version 69 required is higher than the class version supported by the current version of Mixin (JAVA_17 supports class version 61)
[15mai.2026 20:39:15.264] [Render thread/DEBUG] [mixin/]: palladium.mixins.json:client.ClientMannequinMixin from mod palladium->@Inject::getSkin(Lorg/spongepowered/asm/mixin/injection/callback/CallbackInfoReturnable;)V does use it's CallbackInfoReturnable
[15mai.2026 20:39:15.271] [Render thread/DEBUG] [mixin/]: Mixing font_atlas_resizing.MixinFontTexture from immediatelyfast-common.mixins.json into net.minecraft.client.gui.font.FontTexture
[15mai.2026 20:39:15.274] [Render thread/DEBUG] [mixin/]: immediatelyfast-common.mixins.json:font_atlas_resizing.MixinFontTexture from mod immediatelyfast->@Inject::cacheConfigState(Lorg/spongepowered/asm/mixin/injection/callback/CallbackInfo;)V doesn't use it's CallbackInfo
[15mai.2026 20:39:15.274] [Render thread/DEBUG] [mixin/]: immediatelyfast-common.mixins.json:font_atlas_resizing.MixinFontTexture from mod immediatelyfast->@Inject::cacheConfigState(Lorg/spongepowered/asm/mixin/injection/callback/CallbackInfo;)V has 0 override(s) in child classes
[15mai.2026 20:39:15.274] [Render thread/DEBUG] [mixin/]: immediatelyfast-common.mixins.json:font_atlas_resizing.MixinFontTexture from mod immediatelyfast->@Inject::cacheConfigState(Lorg/spongepowered/asm/mixin/injection/callback/CallbackInfo;)V won't be passed a CallbackInfo as a result
[15mai.2026 20:39:15.289] [Render thread/DEBUG] [mixin/]: Mixing PlayerGlyphProviderMixin from chat_heads.mixins.json into net.minecraft.client.gui.font.PlayerGlyphProvider
[15mai.2026 20:39:15.295] [Render thread/DEBUG] [mixin/]: Mixing safety.BlockColorsMixin from modernfix-modernfix.mixins.json into net.minecraft.client.color.block.BlockColors
[15mai.2026 20:39:15.295] [Render thread/DEBUG] [mixin/]: modernfix-modernfix.mixins.json:safety.BlockColorsMixin from mod modernfix: Class version 69 required is higher than the class version supported by the current version of Mixin (JAVA_21 supports class version 65)
[15mai.2026 20:39:15.295] [Render thread/DEBUG] [mixin/]: modernfix-modernfix.mixins.json:safety.BlockColorsMixin from mod modernfix->@Inject::lockMapBeforeAccess(Lorg/spongepowered/asm/mixin/injection/callback/CallbackInfo;)V doesn't use it's CallbackInfo
[15mai.2026 20:39:15.295] [Render thread/DEBUG] [mixin/]: modernfix-modernfix.mixins.json:safety.BlockColorsMixin from mod modernfix->@Inject::lockMapBeforeAccess(Lorg/spongepowered/asm/mixin/injection/callback/CallbackInfo;)V has 0 override(s) in child classes
[15mai.2026 20:39:15.295] [Render thread/DEBUG] [mixin/]: modernfix-modernfix.mixins.json:safety.BlockColorsMixin from mod modernfix->@Inject::lockMapBeforeAccess(Lorg/spongepowered/asm/mixin/injection/callback/CallbackInfo;)V won't be passed a CallbackInfo as a result
[15mai.2026 20:39:15.295] [Render thread/DEBUG] [mixin/]: modernfix-modernfix.mixins.json:safety.BlockColorsMixin from mod modernfix->@Inject::unlockMap(Lorg/spongepowered/asm/mixin/injection/callback/CallbackInfo;)V doesn't use it's CallbackInfo
[15mai.2026 20:39:15.295] [Render thread/DEBUG] [mixin/]: modernfix-modernfix.mixins.json:safety.BlockColorsMixin from mod modernfix->@Inject::unlockMap(Lorg/spongepowered/asm/mixin/injection/callback/CallbackInfo;)V has 0 override(s) in child classes
[15mai.2026 20:39:15.296] [Render thread/DEBUG] [mixin/]: modernfix-modernfix.mixins.json:safety.BlockColorsMixin from mod modernfix->@Inject::unlockMap(Lorg/spongepowered/asm/mixin/injection/callback/CallbackInfo;)V won't be passed a CallbackInfo as a result
[15mai.2026 20:39:15.310] [Render thread/DEBUG] [mixin/]: Mixing map_atlas_generation.MixinMapTextureManager from immediatelyfast-common.mixins.json into net.minecraft.client.resources.MapTextureManager
[15mai.2026 20:39:15.310] [Render thread/DEBUG] [mixin/]: Renaming synthetic method lambda$createMapAtlasTexture$0(I)I to md94a32b$immediatelyfast$lambda$createMapAtlasTexture$0$0 in immediatelyfast-common.mixins.json:map_atlas_generation.MixinMapTextureManager from mod immediatelyfast
[15mai.2026 20:39:15.311] [Render thread/DEBUG] [mixin/]: immediatelyfast-common.mixins.json:map_atlas_generation.MixinMapTextureManager from mod immediatelyfast->@Inject::clearMapAtlas(Lorg/spongepowered/asm/mixin/injection/callback/CallbackInfo;)V doesn't use it's CallbackInfo
[15mai.2026 20:39:15.311] [Render thread/DEBUG] [mixin/]: immediatelyfast-common.mixins.json:map_atlas_generation.MixinMapTextureManager from mod immediatelyfast->@Inject::clearMapAtlas(Lorg/spongepowered/asm/mixin/injection/callback/CallbackInfo;)V has 0 override(s) in child classes
[15mai.2026 20:39:15.311] [Render thread/DEBUG] [mixin/]: immediatelyfast-common.mixins.json:map_atlas_generation.MixinMapTextureManager from mod immediatelyfast->@Inject::clearMapAtlas(Lorg/spongepowered/asm/mixin/injection/callback/CallbackInfo;)V won't be passed a CallbackInfo as a result
[15mai.2026 20:39:15.311] [Render thread/DEBUG] [mixin/]: immediatelyfast-common.mixins.json:map_atlas_generation.MixinMapTextureManager from mod immediatelyfast->@Inject::createMapAtlasTexture(Lnet/minecraft/world/level/saveddata/maps/MapId;Lnet/minecraft/world/level/saveddata/maps/MapItemSavedData;Lorg/spongepowered/asm/mixin/injection/callback/CallbackInfoReturnable;)V doesn't use it's CallbackInfoReturnable
[15mai.2026 20:39:15.311] [Render thread/DEBUG] [mixin/]: immediatelyfast-common.mixins.json:map_atlas_generation.MixinMapTextureManager from mod immediatelyfast->@Inject::createMapAtlasTexture(Lnet/minecraft/world/level/saveddata/maps/MapId;Lnet/minecraft/world/level/saveddata/maps/MapItemSavedData;Lorg/spongepowered/asm/mixin/injection/callback/CallbackInfoReturnable;)V has 0 override(s) in child classes
[15mai.2026 20:39:15.311] [Render thread/DEBUG] [mixin/]: immediatelyfast-common.mixins.json:map_atlas_generation.MixinMapTextureManager from mod immediatelyfast->@Inject::createMapAtlasTexture(Lnet/minecraft/world/level/saveddata/maps/MapId;Lnet/minecraft/world/level/saveddata/maps/MapItemSavedData;Lorg/spongepowered/asm/mixin/injection/callback/CallbackInfoReturnable;)V won't be passed a CallbackInfoReturnable as a result
[15mai.2026 20:39:15.314] [Render thread/DEBUG] [mixin/]: Mixing map_atlas_generation.MixinMapRenderer from immediatelyfast-common.mixins.json into net.minecraft.client.renderer.MapRenderer
[15mai.2026 20:39:15.314] [Render thread/DEBUG] [mixin/]: Renaming synthetic method lambda$modifyTextureCoordinates$0(FFIFFLcom/mojang/blaze3d/vertex/PoseStack$Pose;Lcom/mojang/blaze3d/vertex/VertexConsumer;)V to md94a32b$immediatelyfast$lambda$modifyTextureCoordinates$0$0 in immediatelyfast-common.mixins.json:map_atlas_generation.MixinMapRenderer from mod immediatelyfast
[15mai.2026 20:39:15.314] [Render thread/DEBUG] [mixin/]: immediatelyfast-common.mixins.json:map_atlas_generation.MixinMapRenderer from mod immediatelyfast->@Inject::initAtlasParameters(Lnet/minecraft/world/level/saveddata/maps/MapId;Lnet/minecraft/world/level/saveddata/maps/MapItemSavedData;Lnet/minecraft/client/renderer/state/MapRenderState;Lorg/spongepowered/asm/mixin/injection/callback/CallbackInfo;)V doesn't use it's CallbackInfo
[15mai.2026 20:39:15.314] [Render thread/DEBUG] [mixin/]: immediatelyfast-common.mixins.json:map_atlas_generation.MixinMapRenderer from mod immediatelyfast->@Inject::initAtlasParameters(Lnet/minecraft/world/level/saveddata/maps/MapId;Lnet/minecraft/world/level/saveddata/maps/MapItemSavedData;Lnet/minecraft/client/renderer/state/MapRenderState;Lorg/spongepowered/asm/mixin/injection/callback/CallbackInfo;)V has 0 override(s) in child classes
[15mai.2026 20:39:15.316] [Render thread/DEBUG] [mixin/]: immediatelyfast-common.mixins.json:map_atlas_generation.MixinMapRenderer from mod immediatelyfast->@Inject::initAtlasParameters(Lnet/minecraft/world/level/saveddata/maps/MapId;Lnet/minecraft/world/level/saveddata/maps/MapItemSavedData;Lnet/minecraft/client/renderer/state/MapRenderState;Lorg/spongepowered/asm/mixin/injection/callback/CallbackInfo;)V won't be passed a CallbackInfo as a result
[15mai.2026 20:39:15.317] [Render thread/DEBUG] [mixin/]: Mixing enhanced_batching.MixinRenderBuffers from immediatelyfast-common.mixins.json into net.minecraft.client.renderer.RenderBuffers
[15mai.2026 20:39:15.331] [Render thread/DEBUG] [mixin/]: Mixing renderer.entity.MixinEntityRendererDispatcher from badoptimizations.mixins.json into net.minecraft.client.renderer.entity.EntityRenderDispatcher
[15mai.2026 20:39:15.331] [Render thread/DEBUG] [mixin/]: badoptimizations.mixins.json:renderer.entity.MixinEntityRendererDispatcher from mod badoptimizations: Class version 69 required is higher than the class version supported by the current version of Mixin (JAVA_17 supports class version 61)
[15mai.2026 20:39:15.332] [Render thread/DEBUG] [mixin/]: badoptimizations.mixins.json:renderer.entity.MixinEntityRendererDispatcher from mod badoptimizations->@Inject::afterReload(Lnet/minecraft/server/packs/resources/ResourceManager;Lorg/spongepowered/asm/mixin/injection/callback/CallbackInfo;)V doesn't use it's CallbackInfo
[15mai.2026 20:39:15.332] [Render thread/DEBUG] [mixin/]: badoptimizations.mixins.json:renderer.entity.MixinEntityRendererDispatcher from mod badoptimizations->@Inject::afterReload(Lnet/minecraft/server/packs/resources/ResourceManager;Lorg/spongepowered/asm/mixin/injection/callback/CallbackInfo;)V has 0 override(s) in child classes
[15mai.2026 20:39:15.332] [Render thread/DEBUG] [mixin/]: badoptimizations.mixins.json:renderer.entity.MixinEntityRendererDispatcher from mod badoptimizations->@Inject::afterReload(Lnet/minecraft/server/packs/resources/ResourceManager;Lorg/spongepowered/asm/mixin/injection/callback/CallbackInfo;)V won't be passed a CallbackInfo as a result
[15mai.2026 20:39:15.332] [Render thread/DEBUG] [mixin/]: Mixing firstPerson.ItemInHandRendererMixin from player_animation_library.mixins.json into net.minecraft.client.renderer.ItemInHandRenderer
[15mai.2026 20:39:15.333] [Render thread/DEBUG] [mixin/]: player_animation_library.mixins.json:firstPerson.ItemInHandRendererMixin from mod player_animation_library: Class version 69 required is higher than the class version supported by the current version of Mixin (JAVA_21 supports class version 65)
[15mai.2026 20:39:15.333] [Render thread/DEBUG] [mixin/]: Mixing client.ItemInHandRendererMixin from palladium.mixins.json into net.minecraft.client.renderer.ItemInHandRenderer
[15mai.2026 20:39:15.333] [Render thread/DEBUG] [mixin/]: player_animation_library.mixins.json:firstPerson.ItemInHandRendererMixin from mod player_animation_library->@Inject::disableDefaultItemIfNeeded(FLcom/mojang/blaze3d/vertex/PoseStack;Lnet/minecraft/client/renderer/SubmitNodeCollector;Lnet/minecraft/client/player/LocalPlayer;ILorg/spongepowered/asm/mixin/injection/callback/CallbackInfo;)V does use it's CallbackInfo
[15mai.2026 20:39:15.333] [Render thread/DEBUG] [mixin/]: player_animation_library.mixins.json:firstPerson.ItemInHandRendererMixin from mod player_animation_library->@Inject::cancelItemRender(Lnet/minecraft/world/entity/LivingEntity;Lnet/minecraft/world/item/ItemStack;Lnet/minecraft/world/item/ItemDisplayContext;Lcom/mojang/blaze3d/vertex/PoseStack;Lnet/minecraft/client/renderer/SubmitNodeCollector;ILorg/spongepowered/asm/mixin/injection/callback/CallbackInfo;)V does use it's CallbackInfo
[15mai.2026 20:39:15.333] [Render thread/DEBUG] [mixin/]: palladium.mixins.json:client.ItemInHandRendererMixin from mod palladium->@Inject::renderArmWithItem(Lnet/minecraft/client/player/AbstractClientPlayer;FFLnet/minecraft/world/InteractionHand;FLnet/minecraft/world/item/ItemStack;FLcom/mojang/blaze3d/vertex/PoseStack;Lnet/minecraft/client/renderer/SubmitNodeCollector;ILorg/spongepowered/asm/mixin/injection/callback/CallbackInfo;)V doesn't use it's CallbackInfo
[15mai.2026 20:39:15.333] [Render thread/DEBUG] [mixin/]: palladium.mixins.json:client.ItemInHandRendererMixin from mod palladium->@Inject::renderArmWithItem(Lnet/minecraft/client/player/AbstractClientPlayer;FFLnet/minecraft/world/InteractionHand;FLnet/minecraft/world/item/ItemStack;FLcom/mojang/blaze3d/vertex/PoseStack;Lnet/minecraft/client/renderer/SubmitNodeCollector;ILorg/spongepowered/asm/mixin/injection/callback/CallbackInfo;)V has 0 override(s) in child classes
[15mai.2026 20:39:15.333] [Render thread/DEBUG] [mixin/]: palladium.mixins.json:client.ItemInHandRendererMixin from mod palladium->@Inject::renderArmWithItem(Lnet/minecraft/client/player/AbstractClientPlayer;FFLnet/minecraft/world/InteractionHand;FLnet/minecraft/world/item/ItemStack;FLcom/mojang/blaze3d/vertex/PoseStack;Lnet/minecraft/client/renderer/SubmitNodeCollector;ILorg/spongepowered/asm/mixin/injection/callback/CallbackInfo;)V won't be passed a CallbackInfo as a result
[15mai.2026 20:39:15.333] [Render thread/DEBUG] [mixin/]: palladium.mixins.json:client.ItemInHandRendererMixin from mod palladium->@Inject::renderHandsWithItems(FLcom/mojang/blaze3d/vertex/PoseStack;Lnet/minecraft/client/renderer/SubmitNodeCollector;Lnet/minecraft/client/player/LocalPlayer;ILorg/spongepowered/asm/mixin/injection/callback/CallbackInfo;)V doesn't use it's CallbackInfo
[15mai.2026 20:39:15.333] [Render thread/DEBUG] [mixin/]: palladium.mixins.json:client.ItemInHandRendererMixin from mod palladium->@Inject::renderHandsWithItems(FLcom/mojang/blaze3d/vertex/PoseStack;Lnet/minecraft/client/renderer/SubmitNodeCollector;Lnet/minecraft/client/player/LocalPlayer;ILorg/spongepowered/asm/mixin/injection/callback/CallbackInfo;)V has 0 override(s) in child classes
[15mai.2026 20:39:15.333] [Render thread/DEBUG] [mixin/]: palladium.mixins.json:client.ItemInHandRendererMixin from mod palladium->@Inject::renderHandsWithItems(FLcom/mojang/blaze3d/vertex/PoseStack;Lnet/minecraft/client/renderer/SubmitNodeCollector;Lnet/minecraft/client/player/LocalPlayer;ILorg/spongepowered/asm/mixin/injection/callback/CallbackInfo;)V won't be passed a CallbackInfo as a result
[15mai.2026 20:39:15.335] [Render thread/DEBUG] [mixin/]: Mixing map_atlas_generation.MixinMapRenderState from immediatelyfast-common.mixins.json into net.minecraft.client.renderer.state.MapRenderState
[15mai.2026 20:39:15.358] [Render thread/DEBUG] [mixin/]: Mixing SonicBoomParticleMixin from lambdynlights.lightsource.mixins.json into net.minecraft.client.particle.SonicBoomParticle
[15mai.2026 20:39:15.397] [Render thread/DEBUG] [mixin/]: Mixing FireflyParticleMixin from lambdynlights.lightsource.mixins.json into net.minecraft.client.particle.FireflyParticle
[15mai.2026 20:39:15.398] [Render thread/DEBUG] [mixin/]: Mixing MixinParticleManager from badoptimizations.mixins.json into net.minecraft.client.particle.ParticleEngine
[15mai.2026 20:39:15.398] [Render thread/DEBUG] [mixin/]: badoptimizations.mixins.json:MixinParticleManager from mod badoptimizations: Class version 69 required is higher than the class version supported by the current version of Mixin (JAVA_17 supports class version 61)
[15mai.2026 20:39:15.400] [Render thread/DEBUG] [mixin/]: Mixing ParticleGroupMixin from lambdynlights.mixins.json into net.minecraft.client.particle.ParticleGroup
[15mai.2026 20:39:15.401] [Render thread/DEBUG] [mixin/]: lambdynlights.mixins.json:ParticleGroupMixin from mod lambdynlights->@Inject::lambdynlights$onTick(Lnet/minecraft/client/particle/Particle;Lorg/spongepowered/asm/mixin/injection/callback/CallbackInfo;)V doesn't use it's CallbackInfo
[15mai.2026 20:39:15.401] [Render thread/DEBUG] [mixin/]: lambdynlights.mixins.json:ParticleGroupMixin from mod lambdynlights->@Inject::lambdynlights$onTick(Lnet/minecraft/client/particle/Particle;Lorg/spongepowered/asm/mixin/injection/callback/CallbackInfo;)V has 0 override(s) in child classes
[15mai.2026 20:39:15.401] [Render thread/DEBUG] [mixin/]: lambdynlights.mixins.json:ParticleGroupMixin from mod lambdynlights->@Inject::lambdynlights$onTick(Lnet/minecraft/client/particle/Particle;Lorg/spongepowered/asm/mixin/injection/callback/CallbackInfo;)V won't be passed a CallbackInfo as a result
[15mai.2026 20:39:15.406] [Render thread/DEBUG] [mixin/]: Mixing client.GameRendererMixin from palladium.mixins.json into net.minecraft.client.renderer.GameRenderer
[15mai.2026 20:39:15.406] [Render thread/DEBUG] [mixin/]: Mixing GameRendererMixin from spruceui.mixins.json into net.minecraft.client.renderer.GameRenderer
[15mai.2026 20:39:15.406] [Render thread/DEBUG] [mixin/]: Mixing accessors.GameRendererAccessor from badoptimizations.mixins.json into net.minecraft.client.renderer.GameRenderer
[15mai.2026 20:39:15.406] [Render thread/DEBUG] [mixin/]: badoptimizations.mixins.json:accessors.GameRendererAccessor from mod badoptimizations: Class version 69 required is higher than the class version supported by the current version of Mixin (JAVA_17 supports class version 61)
[15mai.2026 20:39:15.407] [Render thread/DEBUG] [mixin/]: palladium.mixins.json:client.GameRendererMixin from mod palladium->@Inject::checkEntityPostEffect(Lnet/minecraft/world/entity/Entity;Lorg/spongepowered/asm/mixin/injection/callback/CallbackInfo;)V doesn't use it's CallbackInfo
[15mai.2026 20:39:15.407] [Render thread/DEBUG] [mixin/]: palladium.mixins.json:client.GameRendererMixin from mod palladium->@Inject::checkEntityPostEffect(Lnet/minecraft/world/entity/Entity;Lorg/spongepowered/asm/mixin/injection/callback/CallbackInfo;)V has 0 override(s) in child classes
[15mai.2026 20:39:15.407] [Render thread/DEBUG] [mixin/]: palladium.mixins.json:client.GameRendererMixin from mod palladium->@Inject::checkEntityPostEffect(Lnet/minecraft/world/entity/Entity;Lorg/spongepowered/asm/mixin/injection/callback/CallbackInfo;)V won't be passed a CallbackInfo as a result
[15mai.2026 20:39:15.407] [Render thread/DEBUG] [mixin/]: palladium.mixins.json:client.GameRendererMixin from mod palladium->@Inject::bobView(Lnet/minecraft/client/renderer/state/level/CameraRenderState;Lcom/mojang/blaze3d/vertex/PoseStack;Lorg/spongepowered/asm/mixin/injection/callback/CallbackInfo;)V does use it's CallbackInfo
[15mai.2026 20:39:15.423] [Render thread/DEBUG] [mixin/]: Mixing tick.MixinLightmapExtractor from badoptimizations.mixins.json into net.minecraft.client.renderer.LightmapRenderStateExtractor
[15mai.2026 20:39:15.423] [Render thread/DEBUG] [mixin/]: badoptimizations.mixins.json:tick.MixinLightmapExtractor from mod badoptimizations: Class version 69 required is higher than the class version supported by the current version of Mixin (JAVA_17 supports class version 61)
[15mai.2026 20:39:15.424] [Render thread/DEBUG] [mixin/]: badoptimizations.mixins.json:tick.MixinLightmapExtractor from mod badoptimizations->@Inject::onInit(Lnet/minecraft/client/renderer/GameRenderer;Lnet/minecraft/client/Minecraft;Lorg/spongepowered/asm/mixin/injection/callback/CallbackInfo;)V doesn't use it's CallbackInfo
[15mai.2026 20:39:15.424] [Render thread/DEBUG] [mixin/]: badoptimizations.mixins.json:tick.MixinLightmapExtractor from mod badoptimizations->@Inject::onInit(Lnet/minecraft/client/renderer/GameRenderer;Lnet/minecraft/client/Minecraft;Lorg/spongepowered/asm/mixin/injection/callback/CallbackInfo;)V has 0 override(s) in child classes
[15mai.2026 20:39:15.424] [Render thread/DEBUG] [mixin/]: badoptimizations.mixins.json:tick.MixinLightmapExtractor from mod badoptimizations->@Inject::onInit(Lnet/minecraft/client/renderer/GameRenderer;Lnet/minecraft/client/Minecraft;Lorg/spongepowered/asm/mixin/injection/callback/CallbackInfo;)V won't be passed a CallbackInfo as a result
[15mai.2026 20:39:15.424] [Render thread/DEBUG] [mixin/]: badoptimizations.mixins.json:tick.MixinLightmapExtractor from mod badoptimizations->@Inject::onTick(Lorg/spongepowered/asm/mixin/injection/callback/CallbackInfo;)V does use it's CallbackInfo
[15mai.2026 20:39:15.433] [Render thread/DEBUG] [mixin/]: Mixing FogRendererMixin from jade.mixins.json into net.minecraft.client.renderer.fog.FogRenderer
[15mai.2026 20:39:15.433] [Render thread/DEBUG] [mixin/]: jade.mixins.json:FogRendererMixin from mod jade: Class version 69 required is higher than the class version supported by the current version of Mixin (JAVA_21 supports class version 65)
[15mai.2026 20:39:15.434] [Render thread/DEBUG] [mixin/]: jade.mixins.json:FogRendererMixin from mod jade->@Inject::jade$setupFog(Lnet/minecraft/client/Camera;ILnet/minecraft/client/DeltaTracker;FLnet/minecraft/client/multiplayer/ClientLevel;Lorg/spongepowered/asm/mixin/injection/callback/CallbackInfoReturnable;)V doesn't use it's CallbackInfoReturnable
[15mai.2026 20:39:15.434] [Render thread/DEBUG] [mixin/]: jade.mixins.json:FogRendererMixin from mod jade->@Inject::jade$setupFog(Lnet/minecraft/client/Camera;ILnet/minecraft/client/DeltaTracker;FLnet/minecraft/client/multiplayer/ClientLevel;Lorg/spongepowered/asm/mixin/injection/callback/CallbackInfoReturnable;)V has 0 override(s) in child classes
[15mai.2026 20:39:15.434] [Render thread/DEBUG] [mixin/]: jade.mixins.json:FogRendererMixin from mod jade->@Inject::jade$setupFog(Lnet/minecraft/client/Camera;ILnet/minecraft/client/DeltaTracker;FLnet/minecraft/client/multiplayer/ClientLevel;Lorg/spongepowered/asm/mixin/injection/callback/CallbackInfoReturnable;)V won't be passed a CallbackInfoReturnable as a result
[15mai.2026 20:39:15.439] [Render thread/DEBUG] [mixin/]: Mixing tick.MixinCamera from badoptimizations.mixins.json into net.minecraft.client.Camera
[15mai.2026 20:39:15.439] [Render thread/DEBUG] [mixin/]: badoptimizations.mixins.json:tick.MixinCamera from mod badoptimizations: Class version 69 required is higher than the class version supported by the current version of Mixin (JAVA_17 supports class version 61)
[15mai.2026 20:39:15.450] [Render thread/DEBUG] [mixin/]: Mixing enhanced_batching.MixinFeatureRenderDispatcher from immediatelyfast-common.mixins.json into net.minecraft.client.renderer.feature.FeatureRenderDispatcher
[15mai.2026 20:39:15.450] [Render thread/DEBUG] [mixin/]: immediatelyfast-common.mixins.json:enhanced_batching.MixinFeatureRenderDispatcher from mod immediatelyfast->@Inject::drawBatch1(Lorg/spongepowered/asm/mixin/injection/callback/CallbackInfo;)V doesn't use it's CallbackInfo
[15mai.2026 20:39:15.450] [Render thread/DEBUG] [mixin/]: immediatelyfast-common.mixins.json:enhanced_batching.MixinFeatureRenderDispatcher from mod immediatelyfast->@Inject::drawBatch1(Lorg/spongepowered/asm/mixin/injection/callback/CallbackInfo;)V has 0 override(s) in child classes
[15mai.2026 20:39:15.450] [Render thread/DEBUG] [mixin/]: immediatelyfast-common.mixins.json:enhanced_batching.MixinFeatureRenderDispatcher from mod immediatelyfast->@Inject::drawBatch1(Lorg/spongepowered/asm/mixin/injection/callback/CallbackInfo;)V won't be passed a CallbackInfo as a result
[15mai.2026 20:39:15.450] [Render thread/DEBUG] [mixin/]: immediatelyfast-common.mixins.json:enhanced_batching.MixinFeatureRenderDispatcher from mod immediatelyfast->@Inject::drawBatch2(Lorg/spongepowered/asm/mixin/injection/callback/CallbackInfo;)V doesn't use it's CallbackInfo
[15mai.2026 20:39:15.451] [Render thread/DEBUG] [mixin/]: immediatelyfast-common.mixins.json:enhanced_batching.MixinFeatureRenderDispatcher from mod immediatelyfast->@Inject::drawBatch2(Lorg/spongepowered/asm/mixin/injection/callback/CallbackInfo;)V has 0 override(s) in child classes
[15mai.2026 20:39:15.451] [Render thread/DEBUG] [mixin/]: immediatelyfast-common.mixins.json:enhanced_batching.MixinFeatureRenderDispatcher from mod immediatelyfast->@Inject::drawBatch2(Lorg/spongepowered/asm/mixin/injection/callback/CallbackInfo;)V won't be passed a CallbackInfo as a result
[15mai.2026 20:39:15.456] [Render thread/DEBUG] [mixin/]: Mixing render_targets.GuiRendererMixin from chat_heads.mixins.json into net.minecraft.client.gui.render.GuiRenderer
[15mai.2026 20:39:15.456] [Render thread/DEBUG] [mixin/]: chat_heads.mixins.json:render_targets.GuiRendererMixin from mod chat_heads->@Inject::chatheads$isInsideGui(Lorg/spongepowered/asm/mixin/injection/callback/CallbackInfo;)V doesn't use it's CallbackInfo
[15mai.2026 20:39:15.456] [Render thread/DEBUG] [mixin/]: chat_heads.mixins.json:render_targets.GuiRendererMixin from mod chat_heads->@Inject::chatheads$isInsideGui(Lorg/spongepowered/asm/mixin/injection/callback/CallbackInfo;)V has 0 override(s) in child classes
[15mai.2026 20:39:15.456] [Render thread/DEBUG] [mixin/]: chat_heads.mixins.json:render_targets.GuiRendererMixin from mod chat_heads->@Inject::chatheads$isInsideGui(Lorg/spongepowered/asm/mixin/injection/callback/CallbackInfo;)V won't be passed a CallbackInfo as a result
[15mai.2026 20:39:15.456] [Render thread/DEBUG] [mixin/]: chat_heads.mixins.json:render_targets.GuiRendererMixin from mod chat_heads->@Inject::chatheads$isOutsideGui(Lorg/spongepowered/asm/mixin/injection/callback/CallbackInfo;)V doesn't use it's CallbackInfo
[15mai.2026 20:39:15.456] [Render thread/DEBUG] [mixin/]: chat_heads.mixins.json:render_targets.GuiRendererMixin from mod chat_heads->@Inject::chatheads$isOutsideGui(Lorg/spongepowered/asm/mixin/injection/callback/CallbackInfo;)V has 0 override(s) in child classes
[15mai.2026 20:39:15.456] [Render thread/DEBUG] [mixin/]: chat_heads.mixins.json:render_targets.GuiRendererMixin from mod chat_heads->@Inject::chatheads$isOutsideGui(Lorg/spongepowered/asm/mixin/injection/callback/CallbackInfo;)V won't be passed a CallbackInfo as a result
[15mai.2026 20:39:15.468] [Render thread/DEBUG] [mixin/]: Mixing client.ScreenEffectRendererMixin from palladium.mixins.json into net.minecraft.client.renderer.ScreenEffectRenderer
[15mai.2026 20:39:15.468] [Render thread/DEBUG] [mixin/]: palladium.mixins.json:client.ScreenEffectRendererMixin from mod palladium->@Inject::preventInWallOverlayRendering(Lnet/minecraft/client/renderer/texture/TextureAtlasSprite;Lcom/mojang/blaze3d/vertex/PoseStack;Lnet/minecraft/client/renderer/MultiBufferSource;Lorg/spongepowered/asm/mixin/injection/callback/CallbackInfo;)V does use it's CallbackInfo
[15mai.2026 20:39:15.471] [Render thread/DEBUG] [mixin/]: Mixing MixinWorldRenderer from badoptimizations.mixins.json into net.minecraft.client.renderer.LevelRenderer
[15mai.2026 20:39:15.471] [Render thread/DEBUG] [mixin/]: badoptimizations.mixins.json:MixinWorldRenderer from mod badoptimizations: Class version 69 required is higher than the class version supported by the current version of Mixin (JAVA_17 supports class version 61)
[15mai.2026 20:39:15.471] [Render thread/DEBUG] [mixin/]: Mixing LevelRendererAccessor from lambdynlights.mixins.json into net.minecraft.client.renderer.LevelRenderer
[15mai.2026 20:39:15.471] [Render thread/DEBUG] [mixin/]: Mixing firstPerson.LevelRendererMixin from player_animation_library.mixins.json into net.minecraft.client.renderer.LevelRenderer
[15mai.2026 20:39:15.471] [Render thread/DEBUG] [mixin/]: player_animation_library.mixins.json:firstPerson.LevelRendererMixin from mod player_animation_library: Class version 69 required is higher than the class version supported by the current version of Mixin (JAVA_21 supports class version 65)
[15mai.2026 20:39:15.471] [Render thread/DEBUG] [mixin/]: Mixing client.LevelRendererMixin from palladium.mixins.json into net.minecraft.client.renderer.LevelRenderer
[15mai.2026 20:39:15.473] [Render thread/DEBUG] [mixin/]: player_animation_library.mixins.json:firstPerson.LevelRendererMixin from mod player_animation_library->@Inject::setRenderStateToFirstPerson(Lnet/minecraft/client/Camera;Lnet/minecraft/client/renderer/culling/Frustum;Lnet/minecraft/client/DeltaTracker;Lnet/minecraft/client/renderer/state/level/LevelRenderState;Lorg/spongepowered/asm/mixin/injection/callback/CallbackInfo;)V doesn't use it's CallbackInfo
[15mai.2026 20:39:15.473] [Render thread/DEBUG] [mixin/]: player_animation_library.mixins.json:firstPerson.LevelRendererMixin from mod player_animation_library->@Inject::setRenderStateToFirstPerson(Lnet/minecraft/client/Camera;Lnet/minecraft/client/renderer/culling/Frustum;Lnet/minecraft/client/DeltaTracker;Lnet/minecraft/client/renderer/state/level/LevelRenderState;Lorg/spongepowered/asm/mixin/injection/callback/CallbackInfo;)V has 0 override(s) in child classes
[15mai.2026 20:39:15.474] [Render thread/DEBUG] [mixin/]: player_animation_library.mixins.json:firstPerson.LevelRendererMixin from mod player_animation_library->@Inject::setRenderStateToFirstPerson(Lnet/minecraft/client/Camera;Lnet/minecraft/client/renderer/culling/Frustum;Lnet/minecraft/client/DeltaTracker;Lnet/minecraft/client/renderer/state/level/LevelRenderState;Lorg/spongepowered/asm/mixin/injection/callback/CallbackInfo;)V won't be passed a CallbackInfo as a result
[15mai.2026 20:39:15.474] [Render thread/DEBUG] [mixin/]: palladium.mixins.json:client.LevelRendererMixin from mod palladium->@Inject::skipSkyRenderingForPhasingBlindness(Lcom/mojang/blaze3d/framegraph/FrameGraphBuilder;Lnet/minecraft/client/renderer/state/level/CameraRenderState;Lcom/mojang/blaze3d/buffers/GpuBufferSlice;Lorg/joml/Matrix4fc;Lorg/spongepowered/asm/mixin/injection/callback/CallbackInfo;)V doesn't use it's CallbackInfo
[15mai.2026 20:39:15.474] [Render thread/DEBUG] [mixin/]: palladium.mixins.json:client.LevelRendererMixin from mod palladium->@Inject::skipSkyRenderingForPhasingBlindness(Lcom/mojang/blaze3d/framegraph/FrameGraphBuilder;Lnet/minecraft/client/renderer/state/level/CameraRenderState;Lcom/mojang/blaze3d/buffers/GpuBufferSlice;Lorg/joml/Matrix4fc;Lorg/spongepowered/asm/mixin/injection/callback/CallbackInfo;)V has 0 override(s) in child classes
[15mai.2026 20:39:15.474] [Render thread/DEBUG] [mixin/]: palladium.mixins.json:client.LevelRendererMixin from mod palladium->@Inject::skipSkyRenderingForPhasingBlindness(Lcom/mojang/blaze3d/framegraph/FrameGraphBuilder;Lnet/minecraft/client/renderer/state/level/CameraRenderState;Lcom/mojang/blaze3d/buffers/GpuBufferSlice;Lorg/joml/Matrix4fc;Lorg/spongepowered/asm/mixin/injection/callback/CallbackInfo;)V won't be passed a CallbackInfo as a result
[15mai.2026 20:39:15.486] [Render thread/DEBUG] [mixin/]: Mixing DebugRendererMixin from lambdynlights.mixins.json into net.minecraft.client.renderer.debug.DebugRenderer
[15mai.2026 20:39:15.486] [Render thread/DEBUG] [mixin/]: Mixing debug.MixinDebugRenderer from badoptimizations.mixins.json into net.minecraft.client.renderer.debug.DebugRenderer
[15mai.2026 20:39:15.486] [Render thread/DEBUG] [mixin/]: badoptimizations.mixins.json:debug.MixinDebugRenderer from mod badoptimizations: Class version 69 required is higher than the class version supported by the current version of Mixin (JAVA_17 supports class version 61)
[15mai.2026 20:39:15.486] [Render thread/DEBUG] [mixin/]: lambdynlights.mixins.json:DebugRendererMixin from mod lambdynlights->@Inject::lambdynlights$onRender(Lorg/spongepowered/asm/mixin/injection/callback/CallbackInfo;)V doesn't use it's CallbackInfo
[15mai.2026 20:39:15.486] [Render thread/DEBUG] [mixin/]: lambdynlights.mixins.json:DebugRendererMixin from mod lambdynlights->@Inject::lambdynlights$onRender(Lorg/spongepowered/asm/mixin/injection/callback/CallbackInfo;)V has 0 override(s) in child classes
[15mai.2026 20:39:15.486] [Render thread/DEBUG] [mixin/]: lambdynlights.mixins.json:DebugRendererMixin from mod lambdynlights->@Inject::lambdynlights$onRender(Lorg/spongepowered/asm/mixin/injection/callback/CallbackInfo;)V won't be passed a CallbackInfo as a result
[15mai.2026 20:39:15.487] [Render thread/DEBUG] [mixin/]: badoptimizations.mixins.json:debug.MixinDebugRenderer from mod badoptimizations->@Inject::onRender(Lorg/spongepowered/asm/mixin/injection/callback/CallbackInfo;)V does use it's CallbackInfo
[15mai.2026 20:39:15.513] [Render thread/DEBUG] [mixin/]: Mixing GuiMixin from dynamic_fps.common.mixins.json into net.minecraft.client.gui.Gui
[15mai.2026 20:39:15.514] [Render thread/DEBUG] [mixin/]: dynamic_fps.common.mixins.json:GuiMixin from mod dynamic_fps_common->@Inject::extractCrosshair(Lnet/minecraft/client/gui/GuiGraphicsExtractor;Lnet/minecraft/client/DeltaTracker;Lorg/spongepowered/asm/mixin/injection/callback/CallbackInfo;)V doesn't use it's CallbackInfo
[15mai.2026 20:39:15.514] [Render thread/DEBUG] [mixin/]: dynamic_fps.common.mixins.json:GuiMixin from mod dynamic_fps_common->@Inject::extractCrosshair(Lnet/minecraft/client/gui/GuiGraphicsExtractor;Lnet/minecraft/client/DeltaTracker;Lorg/spongepowered/asm/mixin/injection/callback/CallbackInfo;)V has 0 override(s) in child classes
[15mai.2026 20:39:15.514] [Render thread/DEBUG] [mixin/]: dynamic_fps.common.mixins.json:GuiMixin from mod dynamic_fps_common->@Inject::extractCrosshair(Lnet/minecraft/client/gui/GuiGraphicsExtractor;Lnet/minecraft/client/DeltaTracker;Lorg/spongepowered/asm/mixin/injection/callback/CallbackInfo;)V won't be passed a CallbackInfo as a result
[15mai.2026 20:39:15.518] [Render thread/DEBUG] [mixin/]: Mixing perf.thread_priorities.IntegratedServerMixin from modernfix-modernfix.mixins.json into net.minecraft.client.server.IntegratedServer
[15mai.2026 20:39:15.518] [Render thread/DEBUG] [mixin/]: modernfix-modernfix.mixins.json:perf.thread_priorities.IntegratedServerMixin from mod modernfix: Class version 69 required is higher than the class version supported by the current version of Mixin (JAVA_21 supports class version 65)
[15mai.2026 20:39:15.518] [Render thread/DEBUG] [mixin/]: Mixing perf.suspend_integrated_server_during_load.IntegratedServerMixin from modernfix-modernfix.mixins.json into net.minecraft.client.server.IntegratedServer
[15mai.2026 20:39:15.518] [Render thread/DEBUG] [mixin/]: modernfix-modernfix.mixins.json:perf.suspend_integrated_server_during_load.IntegratedServerMixin from mod modernfix: Class version 69 required is higher than the class version supported by the current version of Mixin (JAVA_21 supports class version 65)
[15mai.2026 20:39:15.520] [Render thread/DEBUG] [mixin/]: modernfix-modernfix.mixins.json:perf.thread_priorities.IntegratedServerMixin from mod modernfix->@Inject::adjustServerPriority(Lorg/spongepowered/asm/mixin/injection/callback/CallbackInfo;)V doesn't use it's CallbackInfo
[15mai.2026 20:39:15.520] [Render thread/DEBUG] [mixin/]: modernfix-modernfix.mixins.json:perf.thread_priorities.IntegratedServerMixin from mod modernfix->@Inject::adjustServerPriority(Lorg/spongepowered/asm/mixin/injection/callback/CallbackInfo;)V has 0 override(s) in child classes
[15mai.2026 20:39:15.520] [Render thread/DEBUG] [mixin/]: modernfix-modernfix.mixins.json:perf.thread_priorities.IntegratedServerMixin from mod modernfix->@Inject::adjustServerPriority(Lorg/spongepowered/asm/mixin/injection/callback/CallbackInfo;)V won't be passed a CallbackInfo as a result
[15mai.2026 20:39:15.520] [Render thread/DEBUG] [mixin/]: modernfix-modernfix.mixins.json:perf.suspend_integrated_server_during_load.IntegratedServerMixin from mod modernfix->@Inject::mfix$countTicks(Lorg/spongepowered/asm/mixin/injection/callback/CallbackInfo;)V doesn't use it's CallbackInfo
[15mai.2026 20:39:15.520] [Render thread/DEBUG] [mixin/]: modernfix-modernfix.mixins.json:perf.suspend_integrated_server_during_load.IntegratedServerMixin from mod modernfix->@Inject::mfix$countTicks(Lorg/spongepowered/asm/mixin/injection/callback/CallbackInfo;)V has 0 override(s) in child classes
[15mai.2026 20:39:15.520] [Render thread/DEBUG] [mixin/]: modernfix-modernfix.mixins.json:perf.suspend_integrated_server_during_load.IntegratedServerMixin from mod modernfix->@Inject::mfix$countTicks(Lorg/spongepowered/asm/mixin/injection/callback/CallbackInfo;)V won't be passed a CallbackInfo as a result
[15mai.2026 20:39:15.530] [Render thread/DEBUG] [mixin/]: Mixing GuiMessageMixin from chat_heads.mixins.json into net.minecraft.client.multiplayer.chat.GuiMessage
[15mai.2026 20:39:15.533] [Render thread/DEBUG] [mixin/]: Mixing BossHealthOverlayMixin from jade.mixins.json into net.minecraft.client.gui.components.BossHealthOverlay
[15mai.2026 20:39:15.533] [Render thread/DEBUG] [mixin/]: jade.mixins.json:BossHealthOverlayMixin from mod jade: Class version 69 required is higher than the class version supported by the current version of Mixin (JAVA_21 supports class version 65)
[15mai.2026 20:39:15.536] [Render thread/DEBUG] [mixin/]: jade.mixins.json:BossHealthOverlayMixin from mod jade->@Inject::jade$render(Lnet/minecraft/client/gui/GuiGraphicsExtractor;Lorg/spongepowered/asm/mixin/injection/callback/CallbackInfo;)V does use it's CallbackInfo
[15mai.2026 20:39:15.536] [Render thread/DEBUG] [mixin/]: jade.mixins.json:BossHealthOverlayMixin from mod jade->@Inject::jade$captureHeight(Lnet/minecraft/client/gui/GuiGraphicsExtractor;Lorg/spongepowered/asm/mixin/injection/callback/CallbackInfo;)V doesn't use it's CallbackInfo
[15mai.2026 20:39:15.536] [Render thread/DEBUG] [mixin/]: jade.mixins.json:BossHealthOverlayMixin from mod jade->@Inject::jade$captureHeight(Lnet/minecraft/client/gui/GuiGraphicsExtractor;Lorg/spongepowered/asm/mixin/injection/callback/CallbackInfo;)V has 0 override(s) in child classes
[15mai.2026 20:39:15.536] [Render thread/DEBUG] [mixin/]: jade.mixins.json:BossHealthOverlayMixin from mod jade->@Inject::jade$captureHeight(Lnet/minecraft/client/gui/GuiGraphicsExtractor;Lorg/spongepowered/asm/mixin/injection/callback/CallbackInfo;)V won't be passed a CallbackInfo as a result
[15mai.2026 20:39:15.563] [Render thread/DEBUG] [mixin/]: Mixing render_targets.BookViewScreenMixin from chat_heads.mixins.json into net.minecraft.client.gui.screens.inventory.BookViewScreen
[15mai.2026 20:39:15.564] [Render thread/DEBUG] [mixin/]: chat_heads.mixins.json:render_targets.BookViewScreenMixin from mod chat_heads->@Inject::chatheads$isInsideBook(Lorg/spongepowered/asm/mixin/injection/callback/CallbackInfo;)V doesn't use it's CallbackInfo
[15mai.2026 20:39:15.564] [Render thread/DEBUG] [mixin/]: chat_heads.mixins.json:render_targets.BookViewScreenMixin from mod chat_heads->@Inject::chatheads$isInsideBook(Lorg/spongepowered/asm/mixin/injection/callback/CallbackInfo;)V has 0 override(s) in child classes
[15mai.2026 20:39:15.564] [Render thread/DEBUG] [mixin/]: chat_heads.mixins.json:render_targets.BookViewScreenMixin from mod chat_heads->@Inject::chatheads$isInsideBook(Lorg/spongepowered/asm/mixin/injection/callback/CallbackInfo;)V won't be passed a CallbackInfo as a result
[15mai.2026 20:39:15.564] [Render thread/DEBUG] [mixin/]: chat_heads.mixins.json:render_targets.BookViewScreenMixin from mod chat_heads->@Inject::chatheads$isOutsideBook(Lorg/spongepowered/asm/mixin/injection/callback/CallbackInfo;)V doesn't use it's CallbackInfo
[15mai.2026 20:39:15.564] [Render thread/DEBUG] [mixin/]: chat_heads.mixins.json:render_targets.BookViewScreenMixin from mod chat_heads->@Inject::chatheads$isOutsideBook(Lorg/spongepowered/asm/mixin/injection/callback/CallbackInfo;)V has 0 override(s) in child classes
[15mai.2026 20:39:15.564] [Render thread/DEBUG] [mixin/]: chat_heads.mixins.json:render_targets.BookViewScreenMixin from mod chat_heads->@Inject::chatheads$isOutsideBook(Lorg/spongepowered/asm/mixin/injection/callback/CallbackInfo;)V won't be passed a CallbackInfo as a result
[15mai.2026 20:39:15.637] [Render thread/DEBUG] [mixin/]: Mixing firstPerson.HumanoidArmorLayerMixin from player_animation_library.mixins.json into net.minecraft.client.renderer.entity.layers.HumanoidArmorLayer
[15mai.2026 20:39:15.637] [Render thread/DEBUG] [mixin/]: player_animation_library.mixins.json:firstPerson.HumanoidArmorLayerMixin from mod player_animation_library: Class version 69 required is higher than the class version supported by the current version of Mixin (JAVA_21 supports class version 65)
[15mai.2026 20:39:15.637] [Render thread/DEBUG] [mixin/]: player_animation_library.mixins.json:firstPerson.HumanoidArmorLayerMixin from mod player_animation_library->@Inject::modifyArmorVisibility(Lcom/mojang/blaze3d/vertex/PoseStack;Lnet/minecraft/client/renderer/SubmitNodeCollector;Lnet/minecraft/world/item/ItemStack;Lnet/minecraft/world/entity/EquipmentSlot;ILnet/minecraft/client/renderer/entity/state/HumanoidRenderState;Lorg/spongepowered/asm/mixin/injection/callback/CallbackInfo;)V does use it's CallbackInfo
[15mai.2026 20:39:15.638] [Render thread/DEBUG] [mixin/]: Mixing ItemInHandLayerMixin from player_animation_library.mixins.json into net.minecraft.client.renderer.entity.layers.ItemInHandLayer
[15mai.2026 20:39:15.638] [Render thread/DEBUG] [mixin/]: player_animation_library.mixins.json:ItemInHandLayerMixin from mod player_animation_library: Class version 69 required is higher than the class version supported by the current version of Mixin (JAVA_21 supports class version 65)
[15mai.2026 20:39:15.638] [Render thread/DEBUG] [mixin/]: Mixing firstPerson.ItemInHandLayerMixin from player_animation_library.mixins.json into net.minecraft.client.renderer.entity.layers.ItemInHandLayer
[15mai.2026 20:39:15.639] [Render thread/DEBUG] [mixin/]: player_animation_library.mixins.json:firstPerson.ItemInHandLayerMixin from mod player_animation_library: Class version 69 required is higher than the class version supported by the current version of Mixin (JAVA_21 supports class version 65)
[15mai.2026 20:39:15.639] [Render thread/DEBUG] [mixin/]: player_animation_library.mixins.json:ItemInHandLayerMixin from mod player_animation_library->@Inject::changeItemLocation(Lnet/minecraft/client/renderer/entity/state/ArmedEntityRenderState;Lnet/minecraft/client/renderer/item/ItemStackRenderState;Lnet/minecraft/world/item/ItemStack;Lnet/minecraft/world/entity/HumanoidArm;Lcom/mojang/blaze3d/vertex/PoseStack;Lnet/minecraft/client/renderer/SubmitNodeCollector;ILorg/spongepowered/asm/mixin/injection/callback/CallbackInfo;)V doesn't use it's CallbackInfo
[15mai.2026 20:39:15.639] [Render thread/DEBUG] [mixin/]: player_animation_library.mixins.json:ItemInHandLayerMixin from mod player_animation_library->@Inject::changeItemLocation(Lnet/minecraft/client/renderer/entity/state/ArmedEntityRenderState;Lnet/minecraft/client/renderer/item/ItemStackRenderState;Lnet/minecraft/world/item/ItemStack;Lnet/minecraft/world/entity/HumanoidArm;Lcom/mojang/blaze3d/vertex/PoseStack;Lnet/minecraft/client/renderer/SubmitNodeCollector;ILorg/spongepowered/asm/mixin/injection/callback/CallbackInfo;)V has 0 override(s) in child classes
[15mai.2026 20:39:15.640] [Render thread/DEBUG] [mixin/]: player_animation_library.mixins.json:ItemInHandLayerMixin from mod player_animation_library->@Inject::changeItemLocation(Lnet/minecraft/client/renderer/entity/state/ArmedEntityRenderState;Lnet/minecraft/client/renderer/item/ItemStackRenderState;Lnet/minecraft/world/item/ItemStack;Lnet/minecraft/world/entity/HumanoidArm;Lcom/mojang/blaze3d/vertex/PoseStack;Lnet/minecraft/client/renderer/SubmitNodeCollector;ILorg/spongepowered/asm/mixin/injection/callback/CallbackInfo;)V won't be passed a CallbackInfo as a result
[15mai.2026 20:39:15.640] [Render thread/DEBUG] [mixin/]: player_animation_library.mixins.json:ItemInHandLayerMixin from mod player_animation_library->@Inject::changeItemRotationAndScale(Lnet/minecraft/client/renderer/entity/state/ArmedEntityRenderState;Lnet/minecraft/client/renderer/item/ItemStackRenderState;Lnet/minecraft/world/item/ItemStack;Lnet/minecraft/world/entity/HumanoidArm;Lcom/mojang/blaze3d/vertex/PoseStack;Lnet/minecraft/client/renderer/SubmitNodeCollector;ILorg/spongepowered/asm/mixin/injection/callback/CallbackInfo;)V doesn't use it's CallbackInfo
[15mai.2026 20:39:15.640] [Render thread/DEBUG] [mixin/]: player_animation_library.mixins.json:ItemInHandLayerMixin from mod player_animation_library->@Inject::changeItemRotationAndScale(Lnet/minecraft/client/renderer/entity/state/ArmedEntityRenderState;Lnet/minecraft/client/renderer/item/ItemStackRenderState;Lnet/minecraft/world/item/ItemStack;Lnet/minecraft/world/entity/HumanoidArm;Lcom/mojang/blaze3d/vertex/PoseStack;Lnet/minecraft/client/renderer/SubmitNodeCollector;ILorg/spongepowered/asm/mixin/injection/callback/CallbackInfo;)V has 0 override(s) in child classes
[15mai.2026 20:39:15.640] [Render thread/DEBUG] [mixin/]: player_animation_library.mixins.json:ItemInHandLayerMixin from mod player_animation_library->@Inject::changeItemRotationAndScale(Lnet/minecraft/client/renderer/entity/state/ArmedEntityRenderState;Lnet/minecraft/client/renderer/item/ItemStackRenderState;Lnet/minecraft/world/item/ItemStack;Lnet/minecraft/world/entity/HumanoidArm;Lcom/mojang/blaze3d/vertex/PoseStack;Lnet/minecraft/client/renderer/SubmitNodeCollector;ILorg/spongepowered/asm/mixin/injection/callback/CallbackInfo;)V won't be passed a CallbackInfo as a result
[15mai.2026 20:39:15.640] [Render thread/DEBUG] [mixin/]: player_animation_library.mixins.json:firstPerson.ItemInHandLayerMixin from mod player_animation_library->@Inject::dontRenderDisabledFirstPersonItem(Lnet/minecraft/client/renderer/entity/state/ArmedEntityRenderState;Lnet/minecraft/client/renderer/item/ItemStackRenderState;Lnet/minecraft/world/item/ItemStack;Lnet/minecraft/world/entity/HumanoidArm;Lcom/mojang/blaze3d/vertex/PoseStack;Lnet/minecraft/client/renderer/SubmitNodeCollector;ILorg/spongepowered/asm/mixin/injection/callback/CallbackInfo;)V does use it's CallbackInfo
[15mai.2026 20:39:15.640] [Render thread/DEBUG] [mixin/]: Mixing ElytraLayerMixin from player_animation_library.mixins.json into net.minecraft.client.renderer.entity.layers.WingsLayer
[15mai.2026 20:39:15.640] [Render thread/DEBUG] [mixin/]: player_animation_library.mixins.json:ElytraLayerMixin from mod player_animation_library: Class version 69 required is higher than the class version supported by the current version of Mixin (JAVA_21 supports class version 65)
[15mai.2026 20:39:15.640] [Render thread/DEBUG] [mixin/]: player_animation_library.mixins.json:ElytraLayerMixin from mod player_animation_library->@Inject::inject(Lcom/mojang/blaze3d/vertex/PoseStack;Lnet/minecraft/client/renderer/SubmitNodeCollector;ILnet/minecraft/client/renderer/entity/state/HumanoidRenderState;FFLorg/spongepowered/asm/mixin/injection/callback/CallbackInfo;)V doesn't use it's CallbackInfo
[15mai.2026 20:39:15.640] [Render thread/DEBUG] [mixin/]: player_animation_library.mixins.json:ElytraLayerMixin from mod player_animation_library->@Inject::inject(Lcom/mojang/blaze3d/vertex/PoseStack;Lnet/minecraft/client/renderer/SubmitNodeCollector;ILnet/minecraft/client/renderer/entity/state/HumanoidRenderState;FFLorg/spongepowered/asm/mixin/injection/callback/CallbackInfo;)V has 0 override(s) in child classes
[15mai.2026 20:39:15.640] [Render thread/DEBUG] [mixin/]: player_animation_library.mixins.json:ElytraLayerMixin from mod player_animation_library->@Inject::inject(Lcom/mojang/blaze3d/vertex/PoseStack;Lnet/minecraft/client/renderer/SubmitNodeCollector;ILnet/minecraft/client/renderer/entity/state/HumanoidRenderState;FFLorg/spongepowered/asm/mixin/injection/callback/CallbackInfo;)V won't be passed a CallbackInfo as a result
[15mai.2026 20:39:15.760] [Render thread/DEBUG] [mixin/]: Mixing bugfix.extra_experimental_screen.CreateWorldScreenMixin from modernfix-modernfix.mixins.json into net.minecraft.client.gui.screens.worldselection.CreateWorldScreen
[15mai.2026 20:39:15.760] [Render thread/DEBUG] [mixin/]: modernfix-modernfix.mixins.json:bugfix.extra_experimental_screen.CreateWorldScreenMixin from mod modernfix: Class version 69 required is higher than the class version supported by the current version of Mixin (JAVA_21 supports class version 65)
[15mai.2026 20:39:15.760] [Render thread/DEBUG] [mixin/]: Mixing perf.dedicated_reload_executor.CreateWorldScreenMixin from modernfix-modernfix.mixins.json into net.minecraft.client.gui.screens.worldselection.CreateWorldScreen
[15mai.2026 20:39:15.760] [Render thread/DEBUG] [mixin/]: modernfix-modernfix.mixins.json:perf.dedicated_reload_executor.CreateWorldScreenMixin from mod modernfix: Class version 69 required is higher than the class version supported by the current version of Mixin (JAVA_21 supports class version 65)
[15mai.2026 20:39:15.814] [Render thread/DEBUG] [mixin/]: Mixing feature.remove_telemetry.ClientTelemetryManagerMixin from modernfix-modernfix.mixins.json into net.minecraft.client.telemetry.ClientTelemetryManager
[15mai.2026 20:39:15.814] [Render thread/DEBUG] [mixin/]: modernfix-modernfix.mixins.json:feature.remove_telemetry.ClientTelemetryManagerMixin from mod modernfix: Class version 69 required is higher than the class version supported by the current version of Mixin (JAVA_21 supports class version 65)
[15mai.2026 20:39:15.814] [Render thread/DEBUG] [mixin/]: modernfix-modernfix.mixins.json:feature.remove_telemetry.ClientTelemetryManagerMixin from mod modernfix->@Inject::disableTelemetrySender(Lorg/spongepowered/asm/mixin/injection/callback/CallbackInfoReturnable;)V does use it's CallbackInfoReturnable
[15mai.2026 20:39:15.819] [Render thread/DEBUG] [mixin/]: Mixing feature.suppress_narrator_stacktrace.GameNarratorMixin from modernfix-modernfix.mixins.json into net.minecraft.client.GameNarrator
[15mai.2026 20:39:15.819] [Render thread/DEBUG] [mixin/]: modernfix-modernfix.mixins.json:feature.suppress_narrator_stacktrace.GameNarratorMixin from mod modernfix: Class version 69 required is higher than the class version supported by the current version of Mixin (JAVA_21 supports class version 65)
[15mai.2026 20:39:15.822] [Render thread/DEBUG] [mixin/]: Generating mapped inner class net/minecraft/client/GameNarrator$Anonymous$0d4cb4a8dd5e3f918bb2b2e639555046 (originally org/embeddedt/modernfix/common/mixin/feature/suppress_narrator_stacktrace/GameNarratorMixin$1)
[15mai.2026 20:39:15.835] [Render thread/DEBUG] [mixin/]: Mixing ChatListenerMixin from chat_heads.mixins.json into net.minecraft.client.multiplayer.chat.ChatListener
[15mai.2026 20:39:15.855] [modloading-worker-0/INFO] [terrablender/]: Registered region minecraft:overworld to index 0 for type OVERWORLD
[15mai.2026 20:39:15.855] [modloading-worker-0/INFO] [terrablender/]: Registered region minecraft:nether to index 0 for type NETHER
[15mai.2026 20:39:15.855] [modloading-worker-0/INFO] [terrablender/]: Registered region palladium:meteorite to index 1 for type OVERWORLD
[15mai.2026 20:39:15.857] [modloading-sync-worker/DEBUG] [net.neoforged.fml.DeferredWorkQueue/LOADING]: Dispatching synchronous work for work queue Common setup: 4 jobs
[15mai.2026 20:39:15.861] [modloading-sync-worker/DEBUG] [net.neoforged.fml.DeferredWorkQueue/LOADING]: Synchronous work queue completed in 2.197 ms
[15mai.2026 20:39:15.861] [modloading-worker-0/INFO] [net.hekopdcre.cursedenergy.CursedEnergy/]: HELLO FROM CLIENT SETUP
[15mai.2026 20:39:15.862] [modloading-worker-0/INFO] [net.hekopdcre.cursedenergy.CursedEnergy/]: MINECRAFT NAME >> Dev
[15mai.2026 20:39:15.862] [modloading-worker-0/INFO] [net.threetag.palladium.Palladium/]: Registering icon renderer for palladium:compound: net.threetag.palladium.client.renderer.icon.CompoundIconRenderer
[15mai.2026 20:39:15.863] [modloading-worker-0/INFO] [net.threetag.palladium.Palladium/]: Registering icon renderer for palladium:item: net.threetag.palladium.client.renderer.icon.ItemIconRenderer
[15mai.2026 20:39:15.863] [modloading-worker-0/INFO] [net.minecraft.server.LoggedPrintStream/]: [STDOUT]: [Mouse Tweaks] Main.initialize()
[15mai.2026 20:39:15.863] [modloading-worker-0/INFO] [net.threetag.palladium.Palladium/]: Registering icon renderer for palladium:item_in_slot: net.threetag.palladium.client.renderer.icon.ItemInSlotIconRenderer
[15mai.2026 20:39:15.863] [modloading-worker-0/INFO] [net.threetag.palladium.Palladium/]: Registering icon renderer for palladium:ingredient: net.threetag.palladium.client.renderer.icon.IngredientIconRenderer
[15mai.2026 20:39:15.864] [modloading-worker-0/INFO] [net.threetag.palladium.Palladium/]: Registering icon renderer for palladium:texture: net.threetag.palladium.client.renderer.icon.TexturedIconRenderer
[15mai.2026 20:39:15.864] [modloading-worker-0/INFO] [net.threetag.palladium.Palladium/]: Registering icon renderer for palladium:sprite: net.threetag.palladium.client.renderer.icon.SpriteIconRenderer
[15mai.2026 20:39:15.865] [modloading-worker-0/INFO] [net.minecraft.server.LoggedPrintStream/]: [STDOUT]: [Mouse Tweaks] Initialized.
[15mai.2026 20:39:15.865] [modloading-worker-0/INFO] [net.threetag.palladium.Palladium/]: Registering icon renderer for palladium:experience: net.threetag.palladium.client.renderer.icon.ExperienceIconRenderer
[15mai.2026 20:39:15.866] [modloading-sync-worker/DEBUG] [net.neoforged.fml.DeferredWorkQueue/LOADING]: Dispatching synchronous work for work queue Sided setup: 5 jobs
[15mai.2026 20:39:15.874] [modloading-sync-worker/DEBUG] [net.neoforged.fml.DeferredWorkQueue/LOADING]: Synchronous work queue completed in 7.330 ms
[15mai.2026 20:39:15.899] [modloading-sync-worker/DEBUG] [net.neoforged.fml.DeferredWorkQueue/LOADING]: Dispatching synchronous work for work queue Complete loading of 23 mods: 1 jobs
[15mai.2026 20:39:15.915] [modloading-sync-worker/INFO] [snownee.jade.Jade/]: Start loading plugin from Jade: snownee.jade.addon.access.AccessibilityPlugin
[15mai.2026 20:39:15.921] [modloading-sync-worker/INFO] [snownee.jade.Jade/]: snownee.jade.addon.access.AccessibilityPlugin loaded: 5.782 ms
[15mai.2026 20:39:15.922] [modloading-sync-worker/INFO] [snownee.jade.Jade/]: Start loading plugin from Jade: snownee.jade.addon.core.CorePlugin
[15mai.2026 20:39:15.927] [modloading-sync-worker/INFO] [snownee.jade.Jade/]: snownee.jade.addon.core.CorePlugin loaded: 5.071 ms
[15mai.2026 20:39:15.928] [modloading-sync-worker/INFO] [snownee.jade.Jade/]: Start loading plugin from Jade: snownee.jade.addon.debug.DebugPlugin
[15mai.2026 20:39:15.932] [modloading-sync-worker/INFO] [snownee.jade.Jade/]: snownee.jade.addon.debug.DebugPlugin loaded: 3.833 ms
[15mai.2026 20:39:15.933] [modloading-sync-worker/INFO] [snownee.jade.Jade/]: Start loading plugin from Jade: snownee.jade.addon.universal.UniversalPlugin
[15mai.2026 20:39:15.950] [modloading-sync-worker/INFO] [snownee.jade.Jade/]: snownee.jade.addon.universal.UniversalPlugin loaded: 16.32 ms
[15mai.2026 20:39:15.952] [modloading-sync-worker/INFO] [snownee.jade.Jade/]: Start loading plugin from Jade: snownee.jade.addon.vanilla.VanillaPlugin
[15mai.2026 20:39:15.984] [modloading-sync-worker/INFO] [snownee.jade.Jade/]: snownee.jade.addon.vanilla.VanillaPlugin loaded: 32.00 ms
[15mai.2026 20:39:16.001] [modloading-sync-worker/DEBUG] [mixin/]: Mixing world.explosions.entity_raycast.ClipContextMixin from lithium.mixins.json into net.minecraft.world.level.ClipContext
[15mai.2026 20:39:16.002] [modloading-sync-worker/DEBUG] [mixin/]: lithium.mixins.json:world.explosions.entity_raycast.ClipContextMixin from mod lithium: Class version 69 required is higher than the class version supported by the current version of Mixin (JAVA_21 supports class version 65)
[15mai.2026 20:39:16.002] [modloading-sync-worker/DEBUG] [mixin/]: Mixing world.raycast.ClipContextAccessor from lithium.mixins.json into net.minecraft.world.level.ClipContext
[15mai.2026 20:39:16.002] [modloading-sync-worker/DEBUG] [mixin/]: lithium.mixins.json:world.raycast.ClipContextAccessor from mod lithium: Class version 69 required is higher than the class version supported by the current version of Mixin (JAVA_21 supports class version 65)
[15mai.2026 20:39:16.040] [modloading-sync-worker/DEBUG] [net.neoforged.fml.DeferredWorkQueue/LOADING]: Synchronous work queue completed in 141.0 ms
[15mai.2026 20:39:16.053] [NeoForge Version Check/INFO] [net.neoforged.fml.VersionChecker/]: [dynamic_fps] Starting version check at https://api.lostluma.net/updates/dynamic-fps?platform=neoforge
[15mai.2026 20:39:16.120] [Render thread/DEBUG] [mixin/]: Mixing CreativeModeInventoryScreenMixin from jade.mixins.json into net.minecraft.client.gui.screens.inventory.CreativeModeInventoryScreen
[15mai.2026 20:39:16.120] [Render thread/DEBUG] [mixin/]: jade.mixins.json:CreativeModeInventoryScreenMixin from mod jade: Class version 69 required is higher than the class version supported by the current version of Mixin (JAVA_21 supports class version 65)
[15mai.2026 20:39:16.122] [Render thread/DEBUG] [mixin/]: jade.mixins.json:CreativeModeInventoryScreenMixin from mod jade->@Inject::jade$initTabNames(Lnet/minecraft/world/item/ItemStack;Lorg/spongepowered/asm/mixin/injection/callback/CallbackInfoReturnable;)V doesn't use it's CallbackInfoReturnable
[15mai.2026 20:39:16.122] [Render thread/DEBUG] [mixin/]: jade.mixins.json:CreativeModeInventoryScreenMixin from mod jade->@Inject::jade$initTabNames(Lnet/minecraft/world/item/ItemStack;Lorg/spongepowered/asm/mixin/injection/callback/CallbackInfoReturnable;)V has 0 override(s) in child classes
[15mai.2026 20:39:16.122] [Render thread/DEBUG] [mixin/]: jade.mixins.json:CreativeModeInventoryScreenMixin from mod jade->@Inject::jade$initTabNames(Lnet/minecraft/world/item/ItemStack;Lorg/spongepowered/asm/mixin/injection/callback/CallbackInfoReturnable;)V won't be passed a CallbackInfoReturnable as a result
[15mai.2026 20:39:16.133] [Render thread/DEBUG] [mixin/]: Generating mapped inner class net/minecraft/client/gui/screens/Screen$Anonymous$a2ea15887b8934728feb7e70e0460dfc (originally dev/lambdaurora/spruceui/mixin/ScreenMixin$1)
[15mai.2026 20:39:16.136] [Render thread/INFO] [net.minecraft.server.packs.resources.ReloadableResourceManager/]: Reloading ResourceManager: vanilla, mod_resources, mod/lambdynlights, mod/ce, mod/yumi_mc_core, mod/terrablender, mod/mousetweaks, mod/immediatelyfast, mod/lambdynlights_api, mod/jade, mod/ferritecore, mod/jei, mod/dynamic_fps, mod/lithium, mod/chat_heads, mod/player_animation_library, mod/badoptimizations, mod/pride, mod/palladium, mod/clumps, mod/neoforge, mod/modernfix, mod/spruceui, mod/dynamic_fps_common
[15mai.2026 20:39:16.226] [Render thread/DEBUG] [mixin/]: Mixing FramerateLimitTrackerMixin from dynamic_fps.common.mixins.json into com.mojang.blaze3d.platform.FramerateLimitTracker
[15mai.2026 20:39:16.228] [Render thread/DEBUG] [mixin/]: dynamic_fps.common.mixins.json:FramerateLimitTrackerMixin from mod dynamic_fps_common->@Inject::getFramerateLimit(Lorg/spongepowered/asm/mixin/injection/callback/CallbackInfoReturnable;)V does use it's CallbackInfoReturnable
[15mai.2026 20:39:16.228] [Render thread/DEBUG] [mixin/]: dynamic_fps.common.mixins.json:FramerateLimitTrackerMixin from mod dynamic_fps_common->@Inject::getMenuFramerateLimit(Lorg/spongepowered/asm/mixin/injection/callback/CallbackInfoReturnable;)V does use it's CallbackInfoReturnable
[15mai.2026 20:39:16.326] [Render thread/DEBUG] [mixin/]: Mixing client.SubmitNodeCollectionMixin from palladium.mixins.json into net.minecraft.client.renderer.SubmitNodeCollection
[15mai.2026 20:39:16.340] [resourceLoad/DEBUG] [mixin/]: Mixing perf.compress_unihex_font.GlyphProviderTypeMixin from modernfix-modernfix.mixins.json into net.minecraft.client.gui.font.providers.GlyphProviderType
[15mai.2026 20:39:16.340] [resourceLoad/DEBUG] [mixin/]: modernfix-modernfix.mixins.json:perf.compress_unihex_font.GlyphProviderTypeMixin from mod modernfix: Class version 69 required is higher than the class version supported by the current version of Mixin (JAVA_21 supports class version 65)
[15mai.2026 20:39:16.442] [resourceLoad/DEBUG] [mixin/]: Mixing PlayerModelMixin from player_animation_library.mixins.json into net.minecraft.client.model.player.PlayerModel
[15mai.2026 20:39:16.442] [resourceLoad/DEBUG] [mixin/]: player_animation_library.mixins.json:PlayerModelMixin from mod player_animation_library: Class version 69 required is higher than the class version supported by the current version of Mixin (JAVA_21 supports class version 65)
[15mai.2026 20:39:16.447] [resourceLoad/DEBUG] [mixin/]: player_animation_library.mixins.json:PlayerModelMixin from mod player_animation_library->@Inject::setDefaultBeforeRender(Lnet/minecraft/client/renderer/entity/state/AvatarRenderState;Lorg/spongepowered/asm/mixin/injection/callback/CallbackInfo;)V doesn't use it's CallbackInfo
[15mai.2026 20:39:16.447] [resourceLoad/DEBUG] [mixin/]: player_animation_library.mixins.json:PlayerModelMixin from mod player_animation_library->@Inject::setDefaultBeforeRender(Lnet/minecraft/client/renderer/entity/state/AvatarRenderState;Lorg/spongepowered/asm/mixin/injection/callback/CallbackInfo;)V has 0 override(s) in child classes
[15mai.2026 20:39:16.447] [resourceLoad/DEBUG] [mixin/]: player_animation_library.mixins.json:PlayerModelMixin from mod player_animation_library->@Inject::setDefaultBeforeRender(Lnet/minecraft/client/renderer/entity/state/AvatarRenderState;Lorg/spongepowered/asm/mixin/injection/callback/CallbackInfo;)V won't be passed a CallbackInfo as a result
[15mai.2026 20:39:16.447] [resourceLoad/DEBUG] [mixin/]: player_animation_library.mixins.json:PlayerModelMixin from mod player_animation_library->@Inject::setupPlayerAnimation(Lnet/minecraft/client/renderer/entity/state/AvatarRenderState;Lorg/spongepowered/asm/mixin/injection/callback/CallbackInfo;)V doesn't use it's CallbackInfo
[15mai.2026 20:39:16.447] [resourceLoad/DEBUG] [mixin/]: player_animation_library.mixins.json:PlayerModelMixin from mod player_animation_library->@Inject::setupPlayerAnimation(Lnet/minecraft/client/renderer/entity/state/AvatarRenderState;Lorg/spongepowered/asm/mixin/injection/callback/CallbackInfo;)V has 0 override(s) in child classes
[15mai.2026 20:39:16.447] [resourceLoad/DEBUG] [mixin/]: player_animation_library.mixins.json:PlayerModelMixin from mod player_animation_library->@Inject::setupPlayerAnimation(Lnet/minecraft/client/renderer/entity/state/AvatarRenderState;Lorg/spongepowered/asm/mixin/injection/callback/CallbackInfo;)V won't be passed a CallbackInfo as a result
[15mai.2026 20:39:16.512] [resourceLoad/ERROR] [net.minecraft.server.packs.resources.SimpleJsonResourceReloadListener/]: Couldn't parse data file 'ce:divine_dog' from 'ce:palladium/render_layers/divine_dog.json': DataResult.Error['Failed to parse either. First: No key hidden_model_parts in MapLike[{"type":"palladium:compound","layers":[{"type":"palladium:render_layer","texture":"ce:textures/entity/black_divine_dog.png","state":{"enabling":[{"type":"palladium:has_tag","tag":"black_divine_dog"},{"type":"palladium:not","conditions":{"type":"palladium:has_tag","tag":"white_divine_dog"}}]}},{"type":"palladium:render_layer","texture":"ce:textures/entity/white_divine_dog.png","state":{"enabling":[{"type":"palladium:has_tag","tag":"white_divine_dog"},{"type":"palladium:not","conditions":{"type":"palladium:has_tag","tag":"black_divine_dog"}}]}}]}]; Failed to parse either. First: No key hidden_model_parts in MapLike[{"type":"palladium:render_layer","texture":"ce:textures/entity/white_divine_dog.png","state":{"enabling":[{"type":"palladium:has_tag","tag":"white_divine_dog"},{"type":"palladium:not","conditions":{"type":"palladium:has_tag","tag":"black_divine_dog"}}]}}]; Second: No key hidden_model_parts in MapLike[{"type":"palladium:render_layer","texture":"ce:textures/entity/white_divine_dog.png","state":{"enabling":[{"type":"palladium:has_tag","tag":"white_divine_dog"},{"type":"palladium:not","conditions":{"type":"palladium:has_tag","tag":"black_divine_dog"}}]}}]; Failed to parse either. First: No key hidden_model_parts in MapLike[{"type":"palladium:render_layer","texture":"ce:textures/entity/black_divine_dog.png","state":{"enabling":[{"type":"palladium:has_tag","tag":"black_divine_dog"},{"type":"palladium:not","conditions":{"type":"palladium:has_tag","tag":"white_divine_dog"}}]}}]; Second: No key hidden_model_parts in MapLike[{"type":"palladium:render_layer","texture":"ce:textures/entity/black_divine_dog.png","state":{"enabling":[{"type":"palladium:has_tag","tag":"black_divine_dog"},{"type":"palladium:not","conditions":{"type":"palladium:has_tag","tag":"white_divine_dog"}}]}}]; Second: No key hidden_model_parts in MapLike[{"type":"palladium:compound","layers":[{"type":"palladium:render_layer","texture":"ce:textures/entity/black_divine_dog.png","state":{"enabling":[{"type":"palladium:has_tag","tag":"black_divine_dog"},{"type":"palladium:not","conditions":{"type":"palladium:has_tag","tag":"white_divine_dog"}}]}},{"type":"palladium:render_layer","texture":"ce:textures/entity/white_divine_dog.png","state":{"enabling":[{"type":"palladium:has_tag","tag":"white_divine_dog"},{"type":"palladium:not","conditions":{"type":"palladium:has_tag","tag":"black_divine_dog"}}]}}]}]; No key texture in MapLike[{"type":"palladium:compound","layers":[{"type":"palladium:render_layer","texture":"ce:textures/entity/black_divine_dog.png","state":{"enabling":[{"type":"palladium:has_tag","tag":"black_divine_dog"},{"type":"palladium:not","conditions":{"type":"palladium:has_tag","tag":"white_divine_dog"}}]}},{"type":"palladium:render_layer","texture":"ce:textures/entity/white_divine_dog.png","state":{"enabling":[{"type":"palladium:has_tag","tag":"white_divine_dog"},{"type":"palladium:not","conditions":{"type":"palladium:has_tag","tag":"black_divine_dog"}}]}}]}]']
[15mai.2026 20:39:16.522] [resourceLoad/DEBUG] [mixin/]: Mixing PlayerCapeModelMixin from player_animation_library.mixins.json into net.minecraft.client.model.player.PlayerCapeModel
[15mai.2026 20:39:16.523] [resourceLoad/DEBUG] [mixin/]: player_animation_library.mixins.json:PlayerCapeModelMixin from mod player_animation_library: Class version 69 required is higher than the class version supported by the current version of Mixin (JAVA_21 supports class version 65)
[15mai.2026 20:39:16.524] [resourceLoad/DEBUG] [mixin/]: player_animation_library.mixins.json:PlayerCapeModelMixin from mod player_animation_library->@Inject::setupAnim(Lnet/minecraft/client/renderer/entity/state/AvatarRenderState;Lorg/spongepowered/asm/mixin/injection/callback/CallbackInfo;)V doesn't use it's CallbackInfo
[15mai.2026 20:39:16.524] [resourceLoad/DEBUG] [mixin/]: player_animation_library.mixins.json:PlayerCapeModelMixin from mod player_animation_library->@Inject::setupAnim(Lnet/minecraft/client/renderer/entity/state/AvatarRenderState;Lorg/spongepowered/asm/mixin/injection/callback/CallbackInfo;)V has 0 override(s) in child classes
[15mai.2026 20:39:16.524] [resourceLoad/DEBUG] [mixin/]: player_animation_library.mixins.json:PlayerCapeModelMixin from mod player_animation_library->@Inject::setupAnim(Lnet/minecraft/client/renderer/entity/state/AvatarRenderState;Lorg/spongepowered/asm/mixin/injection/callback/CallbackInfo;)V won't be passed a CallbackInfo as a result
[15mai.2026 20:39:16.529] [resourceLoad/INFO] [net.minecraft.client.gui.font.providers.UnihexProvider/]: Found unifont_all_no_pua-17.0.01.hex, loading
[15mai.2026 20:39:16.535] [resourceLoad/DEBUG] [mixin/]: Mixing perf.compress_unihex_font.UnihexProviderShortContentsMixin from modernfix-modernfix.mixins.json into net.minecraft.client.gui.font.providers.UnihexProvider$ShortContents
[15mai.2026 20:39:16.535] [resourceLoad/DEBUG] [mixin/]: modernfix-modernfix.mixins.json:perf.compress_unihex_font.UnihexProviderShortContentsMixin from mod modernfix: Class version 69 required is higher than the class version supported by the current version of Mixin (JAVA_21 supports class version 65)
[15mai.2026 20:39:16.536] [resourceLoad/DEBUG] [mixin/]: modernfix-modernfix.mixins.json:perf.compress_unihex_font.UnihexProviderShortContentsMixin from mod modernfix->@Inject::useCompactIfPossible(ILit/unimi/dsi/fastutil/bytes/ByteList;Lorg/spongepowered/asm/mixin/injection/callback/CallbackInfoReturnable;)V does use it's CallbackInfoReturnable
[15mai.2026 20:39:16.540] [resourceLoad/DEBUG] [mixin/]: Mixing perf.compress_unihex_font.UnihexProviderByteContentsMixin from modernfix-modernfix.mixins.json into net.minecraft.client.gui.font.providers.UnihexProvider$ByteContents
[15mai.2026 20:39:16.540] [resourceLoad/DEBUG] [mixin/]: modernfix-modernfix.mixins.json:perf.compress_unihex_font.UnihexProviderByteContentsMixin from mod modernfix: Class version 69 required is higher than the class version supported by the current version of Mixin (JAVA_21 supports class version 65)
[15mai.2026 20:39:16.541] [resourceLoad/DEBUG] [mixin/]: modernfix-modernfix.mixins.json:perf.compress_unihex_font.UnihexProviderByteContentsMixin from mod modernfix->@Inject::useCompactIfPossible(ILit/unimi/dsi/fastutil/bytes/ByteList;Lorg/spongepowered/asm/mixin/injection/callback/CallbackInfoReturnable;)V does use it's CallbackInfoReturnable
[15mai.2026 20:39:16.572] [resourceLoad/DEBUG] [mixin/]: Mixing client.MolangLoaderMixin from palladium.mixins.json into com.zigythebird.playeranimcore.molang.MolangLoader
[15mai.2026 20:39:16.576] [resourceLoad/DEBUG] [mixin/]: palladium.mixins.json:client.MolangLoaderMixin from mod palladium->@Inject::createNewEngine(Lcom/zigythebird/playeranimcore/animation/AnimationController;Lorg/spongepowered/asm/mixin/injection/callback/CallbackInfoReturnable;)V doesn't use it's CallbackInfoReturnable
[15mai.2026 20:39:16.788] [resourceLoad/INFO] [net.minecraft.client.gui.font.providers.UnihexProvider/]: Found unifont_pua-17.0.01.hex, loading
[15mai.2026 20:39:16.822] [resourceLoad/ERROR] [player_animation_library/]: Player Animation Library failed to load animation ce:player_animations/clap.json because:
net.minecraft.IdentifierException: Non [a-z0-9/._-] character in path of location: ce:dap _hold
	at TRANSFORMER/minecraft@26.1.2/net.minecraft.resources.Identifier.assertValidPath(Identifier.java:270) ~[minecraft-patched-26.1.2.55-beta.jar:?]
	at TRANSFORMER/minecraft@26.1.2/net.minecraft.resources.Identifier.createUntrusted(Identifier.java:38) ~[minecraft-patched-26.1.2.55-beta.jar:?]
	at TRANSFORMER/minecraft@26.1.2/net.minecraft.resources.Identifier.fromNamespaceAndPath(Identifier.java:42) ~[minecraft-patched-26.1.2.55-beta.jar:?]
	at TRANSFORMER/player_animation_library@1.2.3+mc.26.1/com.zigythebird.playeranim.animation.PlayerAnimResources.onResourceManagerReload(PlayerAnimResources.java:90) ~[PlayerAnimationLibMerged-1.2.3+mc.26.1.jar:?]
	at TRANSFORMER/player_animation_library@1.2.3+mc.26.1/com.zigythebird.playeranim.animation.PlayerAnimResources.lambda$reload$0(PlayerAnimResources.java:101) ~[PlayerAnimationLibMerged-1.2.3+mc.26.1.jar:?]
	at java.base/java.util.concurrent.CompletableFuture$AsyncRun.run(CompletableFuture.java:1825) ~[?:?]
	at TRANSFORMER/minecraft@26.1.2/net.minecraft.server.packs.resources.SimpleReloadInstance.lambda$prepareTasks$1(SimpleReloadInstance.java:68) ~[minecraft-patched-26.1.2.55-beta.jar:?]
	at TRANSFORMER/minecraft@26.1.2/net.minecraft.TracingExecutor.lambda$forName$1(TracingExecutor.java:18) ~[minecraft-patched-26.1.2.55-beta.jar:?]
	at java.base/java.util.concurrent.ForkJoinTask$RunnableExecuteAction.compute(ForkJoinTask.java:1750) [?:?]
	at java.base/java.util.concurrent.ForkJoinTask$RunnableExecuteAction.compute(ForkJoinTask.java:1742) [?:?]
	at java.base/java.util.concurrent.ForkJoinTask$InterruptibleTask.exec(ForkJoinTask.java:1659) [?:?]
	at java.base/java.util.concurrent.ForkJoinTask.doExec(ForkJoinTask.java:511) [?:?]
	at java.base/java.util.concurrent.ForkJoinPool$WorkQueue.topLevelExec(ForkJoinPool.java:1450) [?:?]
	at java.base/java.util.concurrent.ForkJoinPool.runWorker(ForkJoinPool.java:2019) [?:?]
	at java.base/java.util.concurrent.ForkJoinWorkerThread.run(ForkJoinWorkerThread.java:187) [?:?]
[15mai.2026 20:39:16.881] [resourceLoad/INFO] [net.minecraft.client.gui.font.providers.UnihexProvider/]: Found unifont_jp_patch-17.0.01.hex, loading
[15mai.2026 20:39:17.310] [NeoForge Version Check/DEBUG] [net.neoforged.fml.VersionChecker/]: [dynamic_fps] Received version check data:
{"homepage":"https://modrinth.com/mod/dynamic-fps","promos":{"1.20.2-recommended":"3.11.4","1.20.3-recommended":"3.11.4","1.20.4-recommended":"3.11.4","1.20.5-recommended":"3.11.4","1.20.6-recommended":"3.11.4","1.21-recommended":"3.11.4","1.21.1-recommended":"3.11.4","1.21.10-recommended":"3.11.6","1.21.11-recommended":"3.11.6","1.21.2-recommended":"3.11.4","1.21.3-recommended":"3.11.4","1.21.4-recommended":"3.11.4","1.21.5-recommended":"3.11.4","1.21.6-recommended":"3.11.4","1.21.7-rc1-recommended":"3.9.6","1.21.7-rc2-recommended":"3.9.6","1.21.7-recommended":"3.11.4","1.21.8-rc1-recommended":"3.9.6","1.21.8-recommended":"3.11.4","1.21.9-recommended":"3.11.6","26.1-recommended":"3.11.6","26.1.1-recommended":"3.11.6","26.1.2-recommended":"3.11.6"}}
[15mai.2026 20:39:17.311] [NeoForge Version Check/INFO] [net.neoforged.fml.VersionChecker/]: [dynamic_fps] Found status: UP_TO_DATE Current: 3.11.6 Target: null
[15mai.2026 20:39:17.311] [NeoForge Version Check/INFO] [net.neoforged.fml.VersionChecker/]: [palladium] Starting version check at https://squirrelcontrol.threetag.net/api/forge_updates/threetag-palladium
[15mai.2026 20:39:17.533] [Render thread/WARN] [com.mojang.blaze3d.opengl.GlProgram/]: palladium:add shader program does not use sampler Sampler0 defined in the pipeline. This might be a bug.
[15mai.2026 20:39:17.533] [Render thread/WARN] [com.mojang.blaze3d.opengl.GlProgram/]: palladium:add shader program does not use sampler Sampler2 defined in the pipeline. This might be a bug.
[15mai.2026 20:39:17.580] [Render thread/INFO] [com.mojang.blaze3d.audio.Library/]: OpenAL initialized on device OpenAL Soft on Alto-falantes (High Definition Audio Device)
[15mai.2026 20:39:17.583] [Render thread/INFO] [net.minecraft.client.sounds.SoundEngine/SOUNDS]: Sound engine started
[15mai.2026 20:39:17.584] [Render thread/INFO] [net.minecraft.client.renderer.texture.TextureAtlas/]: Created: 512x256x0 minecraft:textures/atlas/particles.png-atlas
[15mai.2026 20:39:17.593] [Render thread/INFO] [net.minecraft.client.renderer.texture.TextureAtlas/]: Created: 128x128x0 minecraft:textures/atlas/decorated_pot.png-atlas
[15mai.2026 20:39:17.595] [Render thread/INFO] [net.minecraft.client.renderer.texture.TextureAtlas/]: Created: 2048x1024x0 minecraft:textures/atlas/armor_trims.png-atlas
[15mai.2026 20:39:17.601] [Render thread/INFO] [net.minecraft.client.renderer.texture.TextureAtlas/]: Created: 512x256x0 minecraft:textures/atlas/paintings.png-atlas
[15mai.2026 20:39:17.602] [Render thread/INFO] [net.minecraft.client.renderer.texture.TextureAtlas/]: Created: 1024x512x0 minecraft:textures/atlas/shield_patterns.png-atlas
[15mai.2026 20:39:17.603] [Render thread/INFO] [net.minecraft.client.renderer.texture.TextureAtlas/]: Created: 2048x2048x4 minecraft:textures/atlas/blocks.png-atlas
[15mai.2026 20:39:17.648] [Render thread/INFO] [net.minecraft.client.renderer.texture.TextureAtlas/]: Created: 512x512x0 minecraft:textures/atlas/chest.png-atlas
[15mai.2026 20:39:17.649] [Render thread/INFO] [net.minecraft.client.renderer.texture.TextureAtlas/]: Created: 256x128x0 minecraft:textures/atlas/celestials.png-atlas
[15mai.2026 20:39:17.649] [Render thread/INFO] [net.minecraft.client.renderer.texture.TextureAtlas/]: Created: 1024x512x0 minecraft:textures/atlas/banner_patterns.png-atlas
[15mai.2026 20:39:17.659] [Render thread/INFO] [net.minecraft.client.renderer.texture.TextureAtlas/]: Created: 512x512x0 minecraft:textures/atlas/beds.png-atlas
[15mai.2026 20:39:17.661] [Render thread/INFO] [net.minecraft.client.renderer.texture.TextureAtlas/]: Created: 1024x512x0 minecraft:textures/atlas/items.png-atlas
[15mai.2026 20:39:17.705] [Render thread/INFO] [net.minecraft.client.renderer.texture.TextureAtlas/]: Created: 1024x1024x0 minecraft:textures/atlas/gui.png-atlas
[15mai.2026 20:39:17.718] [Render thread/INFO] [net.minecraft.client.renderer.texture.TextureAtlas/]: Created: 128x64x0 minecraft:textures/atlas/map_decorations.png-atlas
[15mai.2026 20:39:17.719] [Render thread/INFO] [net.minecraft.client.renderer.texture.TextureAtlas/]: Created: 512x256x0 minecraft:textures/atlas/signs.png-atlas
[15mai.2026 20:39:17.719] [Render thread/INFO] [net.minecraft.client.renderer.texture.TextureAtlas/]: Created: 512x512x0 minecraft:textures/atlas/shulker_boxes.png-atlas
[15mai.2026 20:39:17.827] [Render thread/INFO] [net.threetag.palladium.Palladium/]: Loaded 1 model layers
[15mai.2026 20:39:17.828] [Render thread/INFO] [net.threetag.palladium.Palladium/]: Loaded 0 dynamic textures
[15mai.2026 20:39:17.828] [Render thread/INFO] [net.threetag.palladium.Palladium/]: Loaded 1 render layers
[15mai.2026 20:39:17.829] [Render thread/INFO] [net.neoforged.neoforge.client.entity.animation.json.AnimationLoader/]: Loaded 0 entity animations
[15mai.2026 20:39:17.868] [Render thread/DEBUG] [mixin/]: Mixing CapeLayerMixin from player_animation_library.mixins.json into net.minecraft.client.renderer.entity.layers.CapeLayer
[15mai.2026 20:39:17.868] [Render thread/DEBUG] [mixin/]: player_animation_library.mixins.json:CapeLayerMixin from mod player_animation_library: Class version 69 required is higher than the class version supported by the current version of Mixin (JAVA_21 supports class version 65)
[15mai.2026 20:39:17.869] [Render thread/DEBUG] [mixin/]: player_animation_library.mixins.json:CapeLayerMixin from mod player_animation_library->@Inject::render(Lcom/mojang/blaze3d/vertex/PoseStack;Lnet/minecraft/client/renderer/SubmitNodeCollector;ILnet/minecraft/client/renderer/entity/state/AvatarRenderState;FFLorg/spongepowered/asm/mixin/injection/callback/CallbackInfo;)V doesn't use it's CallbackInfo
[15mai.2026 20:39:17.869] [Render thread/DEBUG] [mixin/]: player_animation_library.mixins.json:CapeLayerMixin from mod player_animation_library->@Inject::render(Lcom/mojang/blaze3d/vertex/PoseStack;Lnet/minecraft/client/renderer/SubmitNodeCollector;ILnet/minecraft/client/renderer/entity/state/AvatarRenderState;FFLorg/spongepowered/asm/mixin/injection/callback/CallbackInfo;)V has 0 override(s) in child classes
[15mai.2026 20:39:17.869] [Render thread/DEBUG] [mixin/]: player_animation_library.mixins.json:CapeLayerMixin from mod player_animation_library->@Inject::render(Lcom/mojang/blaze3d/vertex/PoseStack;Lnet/minecraft/client/renderer/SubmitNodeCollector;ILnet/minecraft/client/renderer/entity/state/AvatarRenderState;FFLorg/spongepowered/asm/mixin/injection/callback/CallbackInfo;)V won't be passed a CallbackInfo as a result
[15mai.2026 20:39:17.890] [Render thread/DEBUG] [mixin/]: Mixing client.SkyRendererMixin from palladium.mixins.json into net.minecraft.client.renderer.SkyRenderer
[15mai.2026 20:39:17.892] [Render thread/DEBUG] [mixin/]: palladium.mixins.json:client.SkyRendererMixin from mod palladium->@Inject::init(Lorg/spongepowered/asm/mixin/injection/callback/CallbackInfo;)V doesn't use it's CallbackInfo
[15mai.2026 20:39:17.892] [Render thread/DEBUG] [mixin/]: palladium.mixins.json:client.SkyRendererMixin from mod palladium->@Inject::init(Lorg/spongepowered/asm/mixin/injection/callback/CallbackInfo;)V has 0 override(s) in child classes
[15mai.2026 20:39:17.892] [Render thread/DEBUG] [mixin/]: palladium.mixins.json:client.SkyRendererMixin from mod palladium->@Inject::init(Lorg/spongepowered/asm/mixin/injection/callback/CallbackInfo;)V won't be passed a CallbackInfo as a result
[15mai.2026 20:39:17.892] [Render thread/DEBUG] [mixin/]: palladium.mixins.json:client.SkyRendererMixin from mod palladium->@Inject::renderSunMoonAndStars(Lcom/mojang/blaze3d/vertex/PoseStack;FFFLnet/minecraft/world/level/MoonPhase;FFLorg/spongepowered/asm/mixin/injection/callback/CallbackInfo;)V doesn't use it's CallbackInfo
[15mai.2026 20:39:17.892] [Render thread/DEBUG] [mixin/]: palladium.mixins.json:client.SkyRendererMixin from mod palladium->@Inject::renderSunMoonAndStars(Lcom/mojang/blaze3d/vertex/PoseStack;FFFLnet/minecraft/world/level/MoonPhase;FFLorg/spongepowered/asm/mixin/injection/callback/CallbackInfo;)V has 0 override(s) in child classes
[15mai.2026 20:39:17.892] [Render thread/DEBUG] [mixin/]: palladium.mixins.json:client.SkyRendererMixin from mod palladium->@Inject::renderSunMoonAndStars(Lcom/mojang/blaze3d/vertex/PoseStack;FFFLnet/minecraft/world/level/MoonPhase;FFLorg/spongepowered/asm/mixin/injection/callback/CallbackInfo;)V won't be passed a CallbackInfo as a result
[15mai.2026 20:39:17.904] [Render thread/INFO] [net.minecraft.client.renderer.texture.TextureAtlas/]: Created: 256x256x0 jei:textures/atlas/gui.png-atlas
[15mai.2026 20:39:17.909] [Render thread/INFO] [net.threetag.palladium.Palladium/]: Loaded 2 animation controllers
[15mai.2026 20:39:17.910] [Render thread/INFO] [net.threetag.palladium.Palladium/]: Loaded 0 particle emitters
[15mai.2026 20:39:17.910] [Render thread/INFO] [net.threetag.palladium.Palladium/]: Loaded 2 beams
[15mai.2026 20:39:17.910] [Render thread/INFO] [net.threetag.palladium.Palladium/]: Loaded 1 trails
[15mai.2026 20:39:17.910] [Render thread/INFO] [net.threetag.palladium.Palladium/]: Loaded 1 screens
[15mai.2026 20:39:17.914] [Render thread/DEBUG] [net.neoforged.fml.classloading.transformation.ClassTransformStatistics/]: Transformed/total loaded classes: 847/10564 (8,02%) and 1167 parsed for mixin
[15mai.2026 20:39:17.919] [Render thread/DEBUG] [io.netty.util.internal.ThreadLocalRandom/]: -Dio.netty.initialSeedUniquifier: 0x6cd33947599a11f5
[15mai.2026 20:39:18.928] [Render thread/DEBUG] [mixin/]: Mixing client.GuiGraphicsMixin from palladium.mixins.json into net.minecraft.client.gui.GuiGraphicsExtractor$RenderingTextCollector
[15mai.2026 20:39:18.939] [Render thread/DEBUG] [mixin/]: Mixing PreparedTextBuilderMixin from jade.mixins.json into net.minecraft.client.gui.Font$PreparedTextBuilder
[15mai.2026 20:39:18.939] [Render thread/DEBUG] [mixin/]: jade.mixins.json:PreparedTextBuilderMixin from mod jade: Class version 69 required is higher than the class version supported by the current version of Mixin (JAVA_21 supports class version 65)
[15mai.2026 20:39:18.941] [Render thread/DEBUG] [mixin/]: jade.mixins.json:PreparedTextBuilderMixin from mod jade->@Inject::jade$accept(ILnet/minecraft/network/chat/Style;Lnet/minecraft/client/gui/font/glyphs/BakedGlyph;Lorg/spongepowered/asm/mixin/injection/callback/CallbackInfoReturnable;)V does use it's CallbackInfoReturnable
[15mai.2026 20:39:19.956] [Render thread/WARN] [ModernFix/]: Game took 15.649 seconds to start
[15mai.2026 20:39:32.311] [NeoForge Version Check/WARN] [net.neoforged.fml.VersionChecker/]: Failed to process update information
java.net.http.HttpTimeoutException: request timed out
	at java.net.http/jdk.internal.net.http.HttpClientImpl.send(HttpClientImpl.java:921) ~[java.net.http:?]
	at java.net.http/jdk.internal.net.http.HttpClientFacade.send(HttpClientFacade.java:133) ~[java.net.http:?]
	at net.neoforged.fml.VersionChecker$1.openUrlString(VersionChecker.java:129) [loader-11.0.13.jar:11.0]
	at net.neoforged.fml.VersionChecker$1.process(VersionChecker.java:162) [loader-11.0.13.jar:11.0]
	at java.base/java.lang.Iterable.forEach(Iterable.java:75) [?:?]
	at net.neoforged.fml.VersionChecker$1.run(VersionChecker.java:105) [loader-11.0.13.jar:11.0]
[15mai.2026 20:39:32.312] [NeoForge Version Check/INFO] [net.neoforged.fml.VersionChecker/]: [clumps] Starting version check at https://updates.blamejared.com/get?n=clumps&gv=26.1.2&ml=neoforge
[15mai.2026 20:39:33.005] [NeoForge Version Check/DEBUG] [net.neoforged.fml.VersionChecker/]: [clumps] Received version check data:
Invalid projectName "clumps" and gameVersion "26.1.2"!
[15mai.2026 20:39:33.006] [NeoForge Version Check/WARN] [net.neoforged.fml.VersionChecker/]: Failed to process update information
com.google.gson.JsonSyntaxException: java.lang.IllegalStateException: Expected BEGIN_OBJECT but was STRING at line 1 column 1 path $
See https://github.com/google/gson/blob/main/Troubleshooting.md#unexpected-json-structure
	at com.google.gson.Gson.fromJson(Gson.java:1381) ~[gson-2.13.2.jar:?]
	at com.google.gson.Gson.fromJson(Gson.java:1259) ~[gson-2.13.2.jar:?]
	at com.google.gson.Gson.fromJson(Gson.java:1169) ~[gson-2.13.2.jar:?]
	at com.google.gson.Gson.fromJson(Gson.java:1106) ~[gson-2.13.2.jar:?]
	at net.neoforged.fml.VersionChecker$1.process(VersionChecker.java:167) [loader-11.0.13.jar:11.0]
	at java.base/java.lang.Iterable.forEach(Iterable.java:75) [?:?]
	at net.neoforged.fml.VersionChecker$1.run(VersionChecker.java:105) [loader-11.0.13.jar:11.0]
Caused by: java.lang.IllegalStateException: Expected BEGIN_OBJECT but was STRING at line 1 column 1 path $
See https://github.com/google/gson/blob/main/Troubleshooting.md#unexpected-json-structure
	at com.google.gson.stream.JsonReader.unexpectedTokenError(JsonReader.java:1831) ~[gson-2.13.2.jar:?]
	at com.google.gson.stream.JsonReader.beginObject(JsonReader.java:509) ~[gson-2.13.2.jar:?]
	at com.google.gson.internal.bind.MapTypeAdapterFactory$Adapter.read(MapTypeAdapterFactory.java:199) ~[gson-2.13.2.jar:?]
	at com.google.gson.internal.bind.MapTypeAdapterFactory$Adapter.read(MapTypeAdapterFactory.java:161) ~[gson-2.13.2.jar:?]
	at com.google.gson.Gson.fromJson(Gson.java:1358) ~[gson-2.13.2.jar:?]
	... 6 more
[15mai.2026 20:39:57.661] [Render thread/DEBUG] [mixin/]: Mixing bugfix.world_screen_skipped.WorldSelectionListMixin from modernfix-modernfix.mixins.json into net.minecraft.client.gui.screens.worldselection.WorldSelectionList$WorldListEntry
[15mai.2026 20:39:57.662] [Render thread/DEBUG] [mixin/]: modernfix-modernfix.mixins.json:bugfix.world_screen_skipped.WorldSelectionListMixin from mod modernfix: Class version 69 required is higher than the class version supported by the current version of Mixin (JAVA_21 supports class version 65)
[15mai.2026 20:39:57.662] [Render thread/DEBUG] [mixin/]: modernfix-modernfix.mixins.json:bugfix.world_screen_skipped.WorldSelectionListMixin from mod modernfix->@Inject::preventClosingCreateScreenAfterDelete(Lorg/spongepowered/asm/mixin/injection/callback/CallbackInfo;)V does use it's CallbackInfo
[15mai.2026 20:40:00.231] [Render thread/INFO] [net.minecraft.world.level.storage.LevelStorageSource/]: Deleting level New World
[15mai.2026 20:40:00.232] [Render thread/INFO] [net.minecraft.world.level.storage.LevelStorageSource/]: Attempt 1...
[15mai.2026 20:40:00.256] [Render thread/DEBUG] [mixin/]: Mixing perf.encoder_cache_leak.ReloadableServerResourcesMixin from modernfix-modernfix.mixins.json into net.minecraft.server.ReloadableServerResources
[15mai.2026 20:40:00.257] [Render thread/DEBUG] [mixin/]: modernfix-modernfix.mixins.json:perf.encoder_cache_leak.ReloadableServerResourcesMixin from mod modernfix: Class version 69 required is higher than the class version supported by the current version of Mixin (JAVA_21 supports class version 65)
[15mai.2026 20:40:00.257] [Render thread/DEBUG] [mixin/]: Renaming synthetic method lambda$resetEncoderCache$0(Lnet/minecraft/server/ReloadableServerResources;Ljava/lang/Throwable;)V to md94a32b$modernfix$lambda$resetEncoderCache$0$0 in modernfix-modernfix.mixins.json:perf.encoder_cache_leak.ReloadableServerResourcesMixin from mod modernfix
[15mai.2026 20:40:00.265] [Render thread/DEBUG] [mixin/]: Mixing core.WorldLoaderMixin from modernfix-modernfix.mixins.json into net.minecraft.server.WorldLoader
[15mai.2026 20:40:00.265] [Render thread/DEBUG] [mixin/]: modernfix-modernfix.mixins.json:core.WorldLoaderMixin from mod modernfix: Class version 69 required is higher than the class version supported by the current version of Mixin (JAVA_21 supports class version 65)
[15mai.2026 20:40:00.265] [Render thread/DEBUG] [mixin/]: Renaming synthetic method lambda$trackEndReload$0(Ljava/lang/Object;)Ljava/lang/Object; to md94a32b$modernfix$lambda$trackEndReload$0$0 in modernfix-modernfix.mixins.json:core.WorldLoaderMixin from mod modernfix
[15mai.2026 20:40:00.265] [Render thread/DEBUG] [mixin/]: Mixing feature.measure_time.WorldLoaderMixin from modernfix-modernfix.mixins.json into net.minecraft.server.WorldLoader
[15mai.2026 20:40:00.265] [Render thread/DEBUG] [mixin/]: modernfix-modernfix.mixins.json:feature.measure_time.WorldLoaderMixin from mod modernfix: Class version 69 required is higher than the class version supported by the current version of Mixin (JAVA_21 supports class version 65)
[15mai.2026 20:40:00.265] [Render thread/DEBUG] [mixin/]: Renaming synthetic method lambda$finishStopwatch$0(Lcom/google/common/base/Stopwatch;Ljava/lang/Object;Ljava/lang/Throwable;)V to md94a32b$modernfix$lambda$finishStopwatch$0$1 in modernfix-modernfix.mixins.json:feature.measure_time.WorldLoaderMixin from mod modernfix
[15mai.2026 20:40:00.266] [Render thread/DEBUG] [mixin/]: modernfix-modernfix.mixins.json:core.WorldLoaderMixin from mod modernfix->@Inject::trackStartReload(Lorg/spongepowered/asm/mixin/injection/callback/CallbackInfoReturnable;)V doesn't use it's CallbackInfoReturnable
[15mai.2026 20:40:00.266] [Render thread/DEBUG] [mixin/]: modernfix-modernfix.mixins.json:feature.measure_time.WorldLoaderMixin from mod modernfix->@Inject::startStopwatch(Lorg/spongepowered/asm/mixin/injection/callback/CallbackInfoReturnable;)V doesn't use it's CallbackInfoReturnable
[15mai.2026 20:40:00.668] [Render thread/WARN] [net.minecraft.server.MinecraftServer/]: Missing data pack tests
[15mai.2026 20:40:01.016] [Worker-ResourceReload-9/DEBUG] [mixin/]: Mixing perf.tag_id_caching.TagEntryMixin from modernfix-modernfix.mixins.json into net.minecraft.tags.TagEntry
[15mai.2026 20:40:01.016] [Worker-ResourceReload-9/DEBUG] [mixin/]: modernfix-modernfix.mixins.json:perf.tag_id_caching.TagEntryMixin from mod modernfix: Class version 69 required is higher than the class version supported by the current version of Mixin (JAVA_21 supports class version 65)
[15mai.2026 20:40:01.598] [Worker-ResourceReload-9/DEBUG] [mixin/]: Mixing RecipeManagerMixin from palladium.mixins.json into net.minecraft.world.item.crafting.RecipeManager
[15mai.2026 20:40:01.598] [Worker-ResourceReload-9/DEBUG] [mixin/]: Mixing perf.datapack_reload_exceptions.RecipeManagerMixin from modernfix-modernfix.mixins.json into net.minecraft.world.item.crafting.RecipeManager
[15mai.2026 20:40:01.598] [Worker-ResourceReload-9/DEBUG] [mixin/]: modernfix-modernfix.mixins.json:perf.datapack_reload_exceptions.RecipeManagerMixin from mod modernfix: Class version 69 required is higher than the class version supported by the current version of Mixin (JAVA_21 supports class version 65)
[15mai.2026 20:40:01.599] [Worker-ResourceReload-9/DEBUG] [mixin/]: palladium.mixins.json:RecipeManagerMixin from mod palladium->@Inject::addPropertySets(Lnet/minecraft/core/HolderLookup$Provider;Lorg/spongepowered/asm/mixin/injection/callback/CallbackInfo;)V doesn't use it's CallbackInfo
[15mai.2026 20:40:01.599] [Worker-ResourceReload-9/DEBUG] [mixin/]: palladium.mixins.json:RecipeManagerMixin from mod palladium->@Inject::addPropertySets(Lnet/minecraft/core/HolderLookup$Provider;Lorg/spongepowered/asm/mixin/injection/callback/CallbackInfo;)V has 0 override(s) in child classes
[15mai.2026 20:40:01.599] [Worker-ResourceReload-9/DEBUG] [mixin/]: palladium.mixins.json:RecipeManagerMixin from mod palladium->@Inject::addPropertySets(Lnet/minecraft/core/HolderLookup$Provider;Lorg/spongepowered/asm/mixin/injection/callback/CallbackInfo;)V won't be passed a CallbackInfo as a result
[15mai.2026 20:40:01.825] [Render thread/INFO] [net.minecraft.world.item.crafting.RecipeManager/]: Loaded 1612 recipes
[15mai.2026 20:40:01.833] [Render thread/INFO] [net.minecraft.advancements.AdvancementTree/]: Loaded 1715 advancements
[15mai.2026 20:40:01.834] [Render thread/INFO] [net.neoforged.neoforge.common.crafting.RecipePriorityManager/]: Loaded 0 recipe priority overrides
[15mai.2026 20:40:01.853] [Render thread/DEBUG] [mixin/]: Mixing feature.measure_time.ConnectScreenMixin from modernfix-modernfix.mixins.json into net.minecraft.client.gui.screens.ConnectScreen
[15mai.2026 20:40:01.853] [Render thread/DEBUG] [mixin/]: modernfix-modernfix.mixins.json:feature.measure_time.ConnectScreenMixin from mod modernfix: Class version 69 required is higher than the class version supported by the current version of Mixin (JAVA_21 supports class version 65)
[15mai.2026 20:40:01.854] [Render thread/DEBUG] [mixin/]: modernfix-modernfix.mixins.json:feature.measure_time.ConnectScreenMixin from mod modernfix->@Inject::recordConnectStartTime(Lorg/spongepowered/asm/mixin/injection/callback/CallbackInfo;)V doesn't use it's CallbackInfo
[15mai.2026 20:40:01.854] [Render thread/DEBUG] [mixin/]: modernfix-modernfix.mixins.json:feature.measure_time.ConnectScreenMixin from mod modernfix->@Inject::recordConnectStartTime(Lorg/spongepowered/asm/mixin/injection/callback/CallbackInfo;)V has 0 override(s) in child classes
[15mai.2026 20:40:01.854] [Render thread/DEBUG] [mixin/]: modernfix-modernfix.mixins.json:feature.measure_time.ConnectScreenMixin from mod modernfix->@Inject::recordConnectStartTime(Lorg/spongepowered/asm/mixin/injection/callback/CallbackInfo;)V won't be passed a CallbackInfo as a result
[15mai.2026 20:40:01.854] [Render thread/DEBUG] [mezz.jei.neoforge.startup.StartEventObserver/]: JEI StartEventObserver received class net.neoforged.neoforge.event.TagsUpdatedEvent$ServerDataLoad too early, ignoring
[15mai.2026 20:40:01.861] [Render thread/WARN] [ModernFix/]: Initial datapack load took 1.594 s
[15mai.2026 20:40:03.220] [Render thread/DEBUG] [mixin/]: Mixing MixinPrimaryLevelData from terrablender.mixins.json into net.minecraft.world.level.storage.PrimaryLevelData
[15mai.2026 20:40:03.220] [Render thread/DEBUG] [mixin/]: terrablender.mixins.json:MixinPrimaryLevelData from mod terrablender: Class version 69 required is higher than the class version supported by the current version of Mixin (JAVA_17 supports class version 61)
[15mai.2026 20:40:03.220] [Render thread/DEBUG] [mixin/]: terrablender.mixins.json:MixinPrimaryLevelData from mod terrablender->@Inject::forceStable(Lorg/spongepowered/asm/mixin/injection/callback/CallbackInfoReturnable;)V does use it's CallbackInfoReturnable
[15mai.2026 20:40:03.223] [Render thread/DEBUG] [mixin/]: Mixing MixinWorldOpenFlows from terrablender.mixins.json into net.minecraft.client.gui.screens.worldselection.WorldOpenFlows
[15mai.2026 20:40:03.224] [Render thread/DEBUG] [mixin/]: terrablender.mixins.json:MixinWorldOpenFlows from mod terrablender: Class version 69 required is higher than the class version supported by the current version of Mixin (JAVA_17 supports class version 61)
[15mai.2026 20:40:03.224] [Render thread/DEBUG] [mixin/]: Mixing perf.dedicated_reload_executor.WorldOpenFlowsMixin from modernfix-modernfix.mixins.json into net.minecraft.client.gui.screens.worldselection.WorldOpenFlows
[15mai.2026 20:40:03.224] [Render thread/DEBUG] [mixin/]: modernfix-modernfix.mixins.json:perf.dedicated_reload_executor.WorldOpenFlowsMixin from mod modernfix: Class version 69 required is higher than the class version supported by the current version of Mixin (JAVA_21 supports class version 65)
[15mai.2026 20:40:03.224] [Render thread/DEBUG] [mixin/]: terrablender.mixins.json:MixinWorldOpenFlows from mod terrablender->@Inject::skipConfirmation(Lnet/minecraft/client/Minecraft;Lnet/minecraft/client/gui/screens/worldselection/CreateWorldScreen;Lcom/mojang/serialization/Lifecycle;Ljava/lang/Runnable;ZLorg/spongepowered/asm/mixin/injection/callback/CallbackInfo;)V does use it's CallbackInfo
[15mai.2026 20:40:03.227] [Render thread/DEBUG] [mixin/]: Mixing client.DatapackLoadFailureScreenMixin from palladium.mixins.json into net.minecraft.client.gui.screens.DatapackLoadFailureScreen
[15mai.2026 20:40:03.228] [Render thread/DEBUG] [mixin/]: palladium.mixins.json:client.DatapackLoadFailureScreenMixin from mod palladium->@Inject::init(Lorg/spongepowered/asm/mixin/injection/callback/CallbackInfo;)V doesn't use it's CallbackInfo
[15mai.2026 20:40:03.228] [Render thread/DEBUG] [mixin/]: palladium.mixins.json:client.DatapackLoadFailureScreenMixin from mod palladium->@Inject::init(Lorg/spongepowered/asm/mixin/injection/callback/CallbackInfo;)V has 0 override(s) in child classes
[15mai.2026 20:40:03.228] [Render thread/DEBUG] [mixin/]: palladium.mixins.json:client.DatapackLoadFailureScreenMixin from mod palladium->@Inject::init(Lorg/spongepowered/asm/mixin/injection/callback/CallbackInfo;)V won't be passed a CallbackInfo as a result
[15mai.2026 20:40:03.278] [Render thread/DEBUG] [net.neoforged.neoforge.common.CommonHooks/WP]: Gathered mod list to write to world save New World
[15mai.2026 20:40:03.290] [Render thread/DEBUG] [mixin/]: Mixing perf.suspend_integrated_server_during_load.PlayerListMixin from modernfix-modernfix.mixins.json into net.minecraft.server.players.PlayerList
[15mai.2026 20:40:03.290] [Render thread/DEBUG] [mixin/]: modernfix-modernfix.mixins.json:perf.suspend_integrated_server_during_load.PlayerListMixin from mod modernfix: Class version 69 required is higher than the class version supported by the current version of Mixin (JAVA_21 supports class version 65)
[15mai.2026 20:40:03.291] [Render thread/DEBUG] [mixin/]: modernfix-modernfix.mixins.json:perf.suspend_integrated_server_during_load.PlayerListMixin from mod modernfix->@Inject::sendConfigFinishedSentinelPacket(Lnet/minecraft/network/Connection;Lnet/minecraft/server/level/ServerPlayer;Lnet/minecraft/server/network/CommonListenerCookie;Lorg/spongepowered/asm/mixin/injection/callback/CallbackInfo;)V doesn't use it's CallbackInfo
[15mai.2026 20:40:03.291] [Render thread/DEBUG] [mixin/]: modernfix-modernfix.mixins.json:perf.suspend_integrated_server_during_load.PlayerListMixin from mod modernfix->@Inject::sendConfigFinishedSentinelPacket(Lnet/minecraft/network/Connection;Lnet/minecraft/server/level/ServerPlayer;Lnet/minecraft/server/network/CommonListenerCookie;Lorg/spongepowered/asm/mixin/injection/callback/CallbackInfo;)V has 0 override(s) in child classes
[15mai.2026 20:40:03.291] [Render thread/DEBUG] [mixin/]: modernfix-modernfix.mixins.json:perf.suspend_integrated_server_during_load.PlayerListMixin from mod modernfix->@Inject::sendConfigFinishedSentinelPacket(Lnet/minecraft/network/Connection;Lnet/minecraft/server/level/ServerPlayer;Lnet/minecraft/server/network/CommonListenerCookie;Lorg/spongepowered/asm/mixin/injection/callback/CallbackInfo;)V won't be passed a CallbackInfo as a result
[15mai.2026 20:40:03.305] [Render thread/DEBUG] [mixin/]: Mixing feature.mcfunction_profiling.ServerFunctionManagerMixin from modernfix-modernfix.mixins.json into net.minecraft.server.ServerFunctionManager
[15mai.2026 20:40:03.305] [Render thread/DEBUG] [mixin/]: modernfix-modernfix.mixins.json:feature.mcfunction_profiling.ServerFunctionManagerMixin from mod modernfix: Class version 69 required is higher than the class version supported by the current version of Mixin (JAVA_21 supports class version 65)
[15mai.2026 20:40:03.305] [Render thread/DEBUG] [mixin/]: Renaming synthetic method lambda$mfix$getProfilingResults$0(Ljava/util/Map$Entry;)Ljava/time/Duration; to md94a32b$modernfix$lambda$mfix$getProfilingResults$0$0 in modernfix-modernfix.mixins.json:feature.mcfunction_profiling.ServerFunctionManagerMixin from mod modernfix
[15mai.2026 20:40:03.305] [Render thread/DEBUG] [mixin/]: Renaming synthetic method lambda$pruneUnusedWatches$0(Lcom/google/common/base/Stopwatch;)Z to md94a32b$modernfix$lambda$pruneUnusedWatches$0$1 in modernfix-modernfix.mixins.json:feature.mcfunction_profiling.ServerFunctionManagerMixin from mod modernfix
[15mai.2026 20:40:03.305] [Render thread/DEBUG] [mixin/]: Renaming synthetic method lambda$startWatch$0(Lnet/minecraft/resources/Identifier;)Lcom/google/common/base/Stopwatch; to md94a32b$modernfix$lambda$startWatch$0$2 in modernfix-modernfix.mixins.json:feature.mcfunction_profiling.ServerFunctionManagerMixin from mod modernfix
[15mai.2026 20:40:03.306] [Render thread/DEBUG] [mixin/]: modernfix-modernfix.mixins.json:feature.mcfunction_profiling.ServerFunctionManagerMixin from mod modernfix->@Inject::resetWatches(Ljava/util/Collection;Lnet/minecraft/resources/Identifier;Lorg/spongepowered/asm/mixin/injection/callback/CallbackInfo;)V doesn't use it's CallbackInfo
[15mai.2026 20:40:03.307] [Render thread/DEBUG] [mixin/]: modernfix-modernfix.mixins.json:feature.mcfunction_profiling.ServerFunctionManagerMixin from mod modernfix->@Inject::resetWatches(Ljava/util/Collection;Lnet/minecraft/resources/Identifier;Lorg/spongepowered/asm/mixin/injection/callback/CallbackInfo;)V has 0 override(s) in child classes
[15mai.2026 20:40:03.307] [Render thread/DEBUG] [mixin/]: modernfix-modernfix.mixins.json:feature.mcfunction_profiling.ServerFunctionManagerMixin from mod modernfix->@Inject::resetWatches(Ljava/util/Collection;Lnet/minecraft/resources/Identifier;Lorg/spongepowered/asm/mixin/injection/callback/CallbackInfo;)V won't be passed a CallbackInfo as a result
[15mai.2026 20:40:03.307] [Render thread/DEBUG] [mixin/]: modernfix-modernfix.mixins.json:feature.mcfunction_profiling.ServerFunctionManagerMixin from mod modernfix->@Inject::startWatch(Ljava/util/Collection;Lnet/minecraft/resources/Identifier;Lorg/spongepowered/asm/mixin/injection/callback/CallbackInfo;)V doesn't use it's CallbackInfo
[15mai.2026 20:40:03.307] [Render thread/DEBUG] [mixin/]: modernfix-modernfix.mixins.json:feature.mcfunction_profiling.ServerFunctionManagerMixin from mod modernfix->@Inject::startWatch(Ljava/util/Collection;Lnet/minecraft/resources/Identifier;Lorg/spongepowered/asm/mixin/injection/callback/CallbackInfo;)V has 0 override(s) in child classes
[15mai.2026 20:40:03.307] [Render thread/DEBUG] [mixin/]: modernfix-modernfix.mixins.json:feature.mcfunction_profiling.ServerFunctionManagerMixin from mod modernfix->@Inject::startWatch(Ljava/util/Collection;Lnet/minecraft/resources/Identifier;Lorg/spongepowered/asm/mixin/injection/callback/CallbackInfo;)V won't be passed a CallbackInfo as a result
[15mai.2026 20:40:03.307] [Render thread/DEBUG] [mixin/]: modernfix-modernfix.mixins.json:feature.mcfunction_profiling.ServerFunctionManagerMixin from mod modernfix->@Inject::stopWatch(Ljava/util/Collection;Lnet/minecraft/resources/Identifier;Lorg/spongepowered/asm/mixin/injection/callback/CallbackInfo;)V doesn't use it's CallbackInfo
[15mai.2026 20:40:03.307] [Render thread/DEBUG] [mixin/]: modernfix-modernfix.mixins.json:feature.mcfunction_profiling.ServerFunctionManagerMixin from mod modernfix->@Inject::stopWatch(Ljava/util/Collection;Lnet/minecraft/resources/Identifier;Lorg/spongepowered/asm/mixin/injection/callback/CallbackInfo;)V has 0 override(s) in child classes
[15mai.2026 20:40:03.307] [Render thread/DEBUG] [mixin/]: modernfix-modernfix.mixins.json:feature.mcfunction_profiling.ServerFunctionManagerMixin from mod modernfix->@Inject::stopWatch(Ljava/util/Collection;Lnet/minecraft/resources/Identifier;Lorg/spongepowered/asm/mixin/injection/callback/CallbackInfo;)V won't be passed a CallbackInfo as a result
[15mai.2026 20:40:03.307] [Render thread/DEBUG] [mixin/]: modernfix-modernfix.mixins.json:feature.mcfunction_profiling.ServerFunctionManagerMixin from mod modernfix->@Inject::pruneUnusedWatches(Ljava/util/Collection;Lnet/minecraft/resources/Identifier;Lorg/spongepowered/asm/mixin/injection/callback/CallbackInfo;)V doesn't use it's CallbackInfo
[15mai.2026 20:40:03.307] [Render thread/DEBUG] [mixin/]: modernfix-modernfix.mixins.json:feature.mcfunction_profiling.ServerFunctionManagerMixin from mod modernfix->@Inject::pruneUnusedWatches(Ljava/util/Collection;Lnet/minecraft/resources/Identifier;Lorg/spongepowered/asm/mixin/injection/callback/CallbackInfo;)V has 0 override(s) in child classes
[15mai.2026 20:40:03.307] [Render thread/DEBUG] [mixin/]: modernfix-modernfix.mixins.json:feature.mcfunction_profiling.ServerFunctionManagerMixin from mod modernfix->@Inject::pruneUnusedWatches(Ljava/util/Collection;Lnet/minecraft/resources/Identifier;Lorg/spongepowered/asm/mixin/injection/callback/CallbackInfo;)V won't be passed a CallbackInfo as a result
[15mai.2026 20:40:03.342] [Render thread/DEBUG] [mixin/]: Mixing chunk.no_locking.LevelChunkSectionMixin from lithium.mixins.json into net.minecraft.world.level.chunk.LevelChunkSection
[15mai.2026 20:40:03.342] [Render thread/DEBUG] [mixin/]: lithium.mixins.json:chunk.no_locking.LevelChunkSectionMixin from mod lithium: Class version 69 required is higher than the class version supported by the current version of Mixin (JAVA_21 supports class version 65)
[15mai.2026 20:40:03.342] [Render thread/DEBUG] [mixin/]: Mixing util.block_tracking.LevelChunkSectionMixin from lithium.mixins.json into net.minecraft.world.level.chunk.LevelChunkSection
[15mai.2026 20:40:03.342] [Render thread/DEBUG] [mixin/]: lithium.mixins.json:util.block_tracking.LevelChunkSectionMixin from mod lithium: Class version 69 required is higher than the class version supported by the current version of Mixin (JAVA_21 supports class version 65)
[15mai.2026 20:40:03.343] [Render thread/DEBUG] [mixin/]: Renaming synthetic method lambda$initFlagCounters$0(Lnet/minecraft/world/level/chunk/PalettedContainer$CountConsumer;[SLnet/minecraft/world/level/block/state/BlockState;I)V to md94a32b$lithium$lambda$initFlagCounters$0$0 in lithium.mixins.json:util.block_tracking.LevelChunkSectionMixin from mod lithium
[15mai.2026 20:40:03.343] [Render thread/DEBUG] [mixin/]: Mixing util.section_data_storage.LevelChunkSectionMixin from lithium.mixins.json into net.minecraft.world.level.chunk.LevelChunkSection
[15mai.2026 20:40:03.343] [Render thread/DEBUG] [mixin/]: lithium.mixins.json:util.section_data_storage.LevelChunkSectionMixin from mod lithium: Class version 69 required is higher than the class version supported by the current version of Mixin (JAVA_21 supports class version 65)
[15mai.2026 20:40:03.343] [Render thread/DEBUG] [mixin/]: Mixing world.chunk_ticking.random_block_ticking.LevelChunkSectionMixin from lithium.mixins.json into net.minecraft.world.level.chunk.LevelChunkSection
[15mai.2026 20:40:03.343] [Render thread/DEBUG] [mixin/]: lithium.mixins.json:world.chunk_ticking.random_block_ticking.LevelChunkSectionMixin from mod lithium: Class version 69 required is higher than the class version supported by the current version of Mixin (JAVA_21 supports class version 65)
[15mai.2026 20:40:03.345] [Render thread/DEBUG] [mixin/]: lithium.mixins.json:util.block_tracking.LevelChunkSectionMixin from mod lithium->@Inject::initAirSection(Lnet/minecraft/world/level/chunk/PalettedContainerFactory;Lorg/spongepowered/asm/mixin/injection/callback/CallbackInfo;)V doesn't use it's CallbackInfo
[15mai.2026 20:40:03.345] [Render thread/DEBUG] [mixin/]: lithium.mixins.json:util.block_tracking.LevelChunkSectionMixin from mod lithium->@Inject::initAirSection(Lnet/minecraft/world/level/chunk/PalettedContainerFactory;Lorg/spongepowered/asm/mixin/injection/callback/CallbackInfo;)V has 0 override(s) in child classes
[15mai.2026 20:40:03.345] [Render thread/DEBUG] [mixin/]: lithium.mixins.json:util.block_tracking.LevelChunkSectionMixin from mod lithium->@Inject::initAirSection(Lnet/minecraft/world/level/chunk/PalettedContainerFactory;Lorg/spongepowered/asm/mixin/injection/callback/CallbackInfo;)V won't be passed a CallbackInfo as a result
[15mai.2026 20:40:03.345] [Render thread/DEBUG] [mixin/]: lithium.mixins.json:util.block_tracking.LevelChunkSectionMixin from mod lithium->@Inject::createFlagCounters(Lorg/spongepowered/asm/mixin/injection/callback/CallbackInfo;)V doesn't use it's CallbackInfo
[15mai.2026 20:40:03.345] [Render thread/DEBUG] [mixin/]: lithium.mixins.json:util.block_tracking.LevelChunkSectionMixin from mod lithium->@Inject::createFlagCounters(Lorg/spongepowered/asm/mixin/injection/callback/CallbackInfo;)V has 0 override(s) in child classes
[15mai.2026 20:40:03.345] [Render thread/DEBUG] [mixin/]: lithium.mixins.json:util.block_tracking.LevelChunkSectionMixin from mod lithium->@Inject::createFlagCounters(Lorg/spongepowered/asm/mixin/injection/callback/CallbackInfo;)V won't be passed a CallbackInfo as a result
[15mai.2026 20:40:03.345] [Render thread/DEBUG] [mixin/]: lithium.mixins.json:util.block_tracking.LevelChunkSectionMixin from mod lithium->@Inject::resetData(Lnet/minecraft/network/FriendlyByteBuf;Lorg/spongepowered/asm/mixin/injection/callback/CallbackInfo;)V doesn't use it's CallbackInfo
[15mai.2026 20:40:03.345] [Render thread/DEBUG] [mixin/]: lithium.mixins.json:util.block_tracking.LevelChunkSectionMixin from mod lithium->@Inject::resetData(Lnet/minecraft/network/FriendlyByteBuf;Lorg/spongepowered/asm/mixin/injection/callback/CallbackInfo;)V has 0 override(s) in child classes
[15mai.2026 20:40:03.345] [Render thread/DEBUG] [mixin/]: lithium.mixins.json:util.block_tracking.LevelChunkSectionMixin from mod lithium->@Inject::resetData(Lnet/minecraft/network/FriendlyByteBuf;Lorg/spongepowered/asm/mixin/injection/callback/CallbackInfo;)V won't be passed a CallbackInfo as a result
[15mai.2026 20:40:03.345] [Render thread/DEBUG] [mixin/]: lithium.mixins.json:util.block_tracking.LevelChunkSectionMixin from mod lithium->@Inject::updateFlagCounters(IIILnet/minecraft/world/level/block/state/BlockState;ZLorg/spongepowered/asm/mixin/injection/callback/CallbackInfoReturnable;)V doesn't use it's CallbackInfoReturnable
[15mai.2026 20:40:03.345] [Render thread/DEBUG] [mixin/]: lithium.mixins.json:util.block_tracking.LevelChunkSectionMixin from mod lithium->@Inject::updateFlagCounters(IIILnet/minecraft/world/level/block/state/BlockState;ZLorg/spongepowered/asm/mixin/injection/callback/CallbackInfoReturnable;)V has 0 override(s) in child classes
[15mai.2026 20:40:03.345] [Render thread/DEBUG] [mixin/]: lithium.mixins.json:util.block_tracking.LevelChunkSectionMixin from mod lithium->@Inject::updateFlagCounters(IIILnet/minecraft/world/level/block/state/BlockState;ZLorg/spongepowered/asm/mixin/injection/callback/CallbackInfoReturnable;)V won't be passed a CallbackInfoReturnable as a result
[15mai.2026 20:40:03.345] [Render thread/DEBUG] [mixin/]: lithium.mixins.json:world.chunk_ticking.random_block_ticking.LevelChunkSectionMixin from mod lithium->@Inject::initAirSection(Lnet/minecraft/world/level/chunk/PalettedContainerFactory;Lorg/spongepowered/asm/mixin/injection/callback/CallbackInfo;)V doesn't use it's CallbackInfo
[15mai.2026 20:40:03.345] [Render thread/DEBUG] [mixin/]: lithium.mixins.json:world.chunk_ticking.random_block_ticking.LevelChunkSectionMixin from mod lithium->@Inject::initAirSection(Lnet/minecraft/world/level/chunk/PalettedContainerFactory;Lorg/spongepowered/asm/mixin/injection/callback/CallbackInfo;)V has 0 override(s) in child classes
[15mai.2026 20:40:03.345] [Render thread/DEBUG] [mixin/]: lithium.mixins.json:world.chunk_ticking.random_block_ticking.LevelChunkSectionMixin from mod lithium->@Inject::initAirSection(Lnet/minecraft/world/level/chunk/PalettedContainerFactory;Lorg/spongepowered/asm/mixin/injection/callback/CallbackInfo;)V won't be passed a CallbackInfo as a result
[15mai.2026 20:40:03.345] [Render thread/DEBUG] [mixin/]: lithium.mixins.json:world.chunk_ticking.random_block_ticking.LevelChunkSectionMixin from mod lithium->@Inject::createFlagCounters(Lorg/spongepowered/asm/mixin/injection/callback/CallbackInfo;)V doesn't use it's CallbackInfo
[15mai.2026 20:40:03.345] [Render thread/DEBUG] [mixin/]: lithium.mixins.json:world.chunk_ticking.random_block_ticking.LevelChunkSectionMixin from mod lithium->@Inject::createFlagCounters(Lorg/spongepowered/asm/mixin/injection/callback/CallbackInfo;)V has 0 override(s) in child classes
[15mai.2026 20:40:03.345] [Render thread/DEBUG] [mixin/]: lithium.mixins.json:world.chunk_ticking.random_block_ticking.LevelChunkSectionMixin from mod lithium->@Inject::createFlagCounters(Lorg/spongepowered/asm/mixin/injection/callback/CallbackInfo;)V won't be passed a CallbackInfo as a result
[15mai.2026 20:40:03.345] [Render thread/DEBUG] [mixin/]: lithium.mixins.json:world.chunk_ticking.random_block_ticking.LevelChunkSectionMixin from mod lithium->@Inject::updateRandomTickableBlockCounts(IIILnet/minecraft/world/level/block/state/BlockState;ZLorg/spongepowered/asm/mixin/injection/callback/CallbackInfoReturnable;)V doesn't use it's CallbackInfoReturnable
[15mai.2026 20:40:03.345] [Render thread/DEBUG] [mixin/]: lithium.mixins.json:world.chunk_ticking.random_block_ticking.LevelChunkSectionMixin from mod lithium->@Inject::updateRandomTickableBlockCounts(IIILnet/minecraft/world/level/block/state/BlockState;ZLorg/spongepowered/asm/mixin/injection/callback/CallbackInfoReturnable;)V has 0 override(s) in child classes
[15mai.2026 20:40:03.345] [Render thread/DEBUG] [mixin/]: lithium.mixins.json:world.chunk_ticking.random_block_ticking.LevelChunkSectionMixin from mod lithium->@Inject::updateRandomTickableBlockCounts(IIILnet/minecraft/world/level/block/state/BlockState;ZLorg/spongepowered/asm/mixin/injection/callback/CallbackInfoReturnable;)V won't be passed a CallbackInfoReturnable as a result
[15mai.2026 20:40:03.376] [Server thread/INFO] [net.minecraft.client.server.IntegratedServer/]: Starting integrated minecraft server version 26.1.2
[15mai.2026 20:40:03.378] [Server thread/INFO] [net.minecraft.server.MinecraftServer/]: Generating keypair
[15mai.2026 20:40:03.441] [Server thread/DEBUG] [net.neoforged.fml.config.ConfigTracker/CONFIG]: Loading configs type SERVER
[15mai.2026 20:40:03.442] [Server thread/DEBUG] [net.neoforged.fml.config.ConfigTracker/CONFIG]: Loaded TOML config file C:\Users\arthu\Downloads\Cursed Energy\ce-26.x\run\config\jei-server.toml
[15mai.2026 20:40:03.443] [Server thread/DEBUG] [net.neoforged.fml.config.ConfigTracker/CONFIG]: Watching TOML config file C:\Users\arthu\Downloads\Cursed Energy\ce-26.x\run\config\jei-server.toml for changes
[15mai.2026 20:40:03.444] [Server thread/DEBUG] [net.neoforged.fml.config.ConfigTracker/CONFIG]: Loaded TOML config file C:\Users\arthu\Downloads\Cursed Energy\ce-26.x\run\config\palladium-server.toml
[15mai.2026 20:40:03.445] [Server thread/DEBUG] [net.neoforged.fml.config.ConfigTracker/CONFIG]: Watching TOML config file C:\Users\arthu\Downloads\Cursed Energy\ce-26.x\run\config\palladium-server.toml for changes
[15mai.2026 20:40:03.446] [Server thread/DEBUG] [net.neoforged.neoforge.common.NeoForgeMod/FORGEMOD]: Loaded NeoForge config file neoforge-server.toml
[15mai.2026 20:40:03.446] [Server thread/DEBUG] [net.neoforged.fml.config.ConfigTracker/CONFIG]: Loaded TOML config file C:\Users\arthu\Downloads\Cursed Energy\ce-26.x\run\config\neoforge-server.toml
[15mai.2026 20:40:03.447] [Server thread/DEBUG] [net.neoforged.fml.config.ConfigTracker/CONFIG]: Watching TOML config file C:\Users\arthu\Downloads\Cursed Energy\ce-26.x\run\config\neoforge-server.toml for changes
[15mai.2026 20:40:03.632] [Server thread/INFO] [terrablender/]: Initialized TerraBlender biomes for level stem minecraft:overworld
[15mai.2026 20:40:03.633] [Server thread/INFO] [terrablender/]: Initialized TerraBlender biomes for level stem minecraft:the_nether
[15mai.2026 20:40:03.646] [Server thread/DEBUG] [mixin/]: Mixing perf.optimize_surface_rules.BiomeManagerAccessor from modernfix-modernfix.mixins.json into net.minecraft.world.level.biome.BiomeManager
[15mai.2026 20:40:03.647] [Server thread/DEBUG] [mixin/]: modernfix-modernfix.mixins.json:perf.optimize_surface_rules.BiomeManagerAccessor from mod modernfix: Class version 69 required is higher than the class version supported by the current version of Mixin (JAVA_21 supports class version 65)
[15mai.2026 20:40:03.655] [Server thread/DEBUG] [mixin/]: Mixing chunk.palette.StrategyMixin from lithium.mixins.json into net.minecraft.world.level.chunk.Strategy
[15mai.2026 20:40:03.655] [Server thread/DEBUG] [mixin/]: lithium.mixins.json:chunk.palette.StrategyMixin from mod lithium: Class version 69 required is higher than the class version supported by the current version of Mixin (JAVA_21 supports class version 65)
[15mai.2026 20:40:03.655] [Server thread/DEBUG] [mixin/]: Mixing util.accessors.StrategyAccessor from lithium.mixins.json into net.minecraft.world.level.chunk.Strategy
[15mai.2026 20:40:03.655] [Server thread/DEBUG] [mixin/]: lithium.mixins.json:util.accessors.StrategyAccessor from mod lithium: Class version 69 required is higher than the class version supported by the current version of Mixin (JAVA_21 supports class version 65)
[15mai.2026 20:40:03.656] [Server thread/DEBUG] [mixin/]: Mixing chunk.palette.StrategyMixin$Strategy1Mixin from lithium.mixins.json into net.minecraft.world.level.chunk.Strategy$1
[15mai.2026 20:40:03.656] [Server thread/DEBUG] [mixin/]: lithium.mixins.json:chunk.palette.StrategyMixin$Strategy1Mixin from mod lithium: Class version 69 required is higher than the class version supported by the current version of Mixin (JAVA_21 supports class version 65)
[15mai.2026 20:40:03.658] [Server thread/DEBUG] [mixin/]: Mixing chunk.palette.StrategyMixin$Strategy2Mixin from lithium.mixins.json into net.minecraft.world.level.chunk.Strategy$2
[15mai.2026 20:40:03.658] [Server thread/DEBUG] [mixin/]: lithium.mixins.json:chunk.palette.StrategyMixin$Strategy2Mixin from mod lithium: Class version 69 required is higher than the class version supported by the current version of Mixin (JAVA_21 supports class version 65)
[15mai.2026 20:40:03.663] [Server thread/DEBUG] [mixin/]: Mixing chunk.no_locking.PalettedContainerMixin from lithium.mixins.json into net.minecraft.world.level.chunk.PalettedContainer
[15mai.2026 20:40:03.663] [Server thread/DEBUG] [mixin/]: lithium.mixins.json:chunk.no_locking.PalettedContainerMixin from mod lithium: Class version 69 required is higher than the class version supported by the current version of Mixin (JAVA_21 supports class version 65)
[15mai.2026 20:40:03.663] [Server thread/DEBUG] [mixin/]: Mixing chunk.serialization.PalettedContainerMixin from lithium.mixins.json into net.minecraft.world.level.chunk.PalettedContainer
[15mai.2026 20:40:03.664] [Server thread/DEBUG] [mixin/]: lithium.mixins.json:chunk.serialization.PalettedContainerMixin from mod lithium: Class version 69 required is higher than the class version supported by the current version of Mixin (JAVA_21 supports class version 65)
[15mai.2026 20:40:03.664] [Server thread/DEBUG] [mixin/]: Renaming synthetic method lambda$count$0([SI)V to md94a32b$lithium$lambda$count$0$0 in lithium.mixins.json:chunk.serialization.PalettedContainerMixin from mod lithium
[15mai.2026 20:40:03.664] [Server thread/DEBUG] [mixin/]: Renaming synthetic method lambda$static$1()[S to md94a32b$lithium$lambda$static$1$1 in lithium.mixins.json:chunk.serialization.PalettedContainerMixin from mod lithium
[15mai.2026 20:40:03.664] [Server thread/DEBUG] [mixin/]: Renaming synthetic method lambda$static$0()[S to md94a32b$lithium$lambda$static$0$2 in lithium.mixins.json:chunk.serialization.PalettedContainerMixin from mod lithium
[15mai.2026 20:40:03.664] [Server thread/DEBUG] [mixin/]: Mixing world.chunk_ticking.random_block_ticking.PalettedContainerMixin from lithium.mixins.json into net.minecraft.world.level.chunk.PalettedContainer
[15mai.2026 20:40:03.664] [Server thread/DEBUG] [mixin/]: lithium.mixins.json:world.chunk_ticking.random_block_ticking.PalettedContainerMixin from mod lithium: Class version 69 required is higher than the class version supported by the current version of Mixin (JAVA_21 supports class version 65)
[15mai.2026 20:40:03.664] [Server thread/DEBUG] [mixin/]: Mixing perf.compact_bit_storage.PalettedContainerMixin from modernfix-modernfix.mixins.json into net.minecraft.world.level.chunk.PalettedContainer
[15mai.2026 20:40:03.664] [Server thread/DEBUG] [mixin/]: modernfix-modernfix.mixins.json:perf.compact_bit_storage.PalettedContainerMixin from mod modernfix: Class version 69 required is higher than the class version supported by the current version of Mixin (JAVA_21 supports class version 65)
[15mai.2026 20:40:03.665] [Server thread/DEBUG] [mixin/]: lithium.mixins.json:chunk.no_locking.PalettedContainerMixin from mod lithium->@Inject::removeLockHelper(Lorg/spongepowered/asm/mixin/injection/callback/CallbackInfo;)V doesn't use it's CallbackInfo
[15mai.2026 20:40:03.665] [Server thread/DEBUG] [mixin/]: lithium.mixins.json:chunk.no_locking.PalettedContainerMixin from mod lithium->@Inject::removeLockHelper(Lorg/spongepowered/asm/mixin/injection/callback/CallbackInfo;)V has 0 override(s) in child classes
[15mai.2026 20:40:03.665] [Server thread/DEBUG] [mixin/]: lithium.mixins.json:chunk.no_locking.PalettedContainerMixin from mod lithium->@Inject::removeLockHelper(Lorg/spongepowered/asm/mixin/injection/callback/CallbackInfo;)V won't be passed a CallbackInfo as a result
[15mai.2026 20:40:03.665] [Server thread/DEBUG] [mixin/]: lithium.mixins.json:chunk.no_locking.PalettedContainerMixin from mod lithium->@Inject::removeLockHelper(Lorg/spongepowered/asm/mixin/injection/callback/CallbackInfo;)V doesn't use it's CallbackInfo
[15mai.2026 20:40:03.665] [Server thread/DEBUG] [mixin/]: lithium.mixins.json:chunk.no_locking.PalettedContainerMixin from mod lithium->@Inject::removeLockHelper(Lorg/spongepowered/asm/mixin/injection/callback/CallbackInfo;)V has 0 override(s) in child classes
[15mai.2026 20:40:03.666] [Server thread/DEBUG] [mixin/]: lithium.mixins.json:chunk.no_locking.PalettedContainerMixin from mod lithium->@Inject::removeLockHelper(Lorg/spongepowered/asm/mixin/injection/callback/CallbackInfo;)V won't be passed a CallbackInfo as a result
[15mai.2026 20:40:03.666] [Server thread/DEBUG] [mixin/]: lithium.mixins.json:chunk.no_locking.PalettedContainerMixin from mod lithium->@Inject::removeLockHelper(Lorg/spongepowered/asm/mixin/injection/callback/CallbackInfo;)V doesn't use it's CallbackInfo
[15mai.2026 20:40:03.666] [Server thread/DEBUG] [mixin/]: lithium.mixins.json:chunk.no_locking.PalettedContainerMixin from mod lithium->@Inject::removeLockHelper(Lorg/spongepowered/asm/mixin/injection/callback/CallbackInfo;)V has 0 override(s) in child classes
[15mai.2026 20:40:03.666] [Server thread/DEBUG] [mixin/]: lithium.mixins.json:chunk.no_locking.PalettedContainerMixin from mod lithium->@Inject::removeLockHelper(Lorg/spongepowered/asm/mixin/injection/callback/CallbackInfo;)V won't be passed a CallbackInfo as a result
[15mai.2026 20:40:03.666] [Server thread/DEBUG] [mixin/]: lithium.mixins.json:chunk.serialization.PalettedContainerMixin from mod lithium->@Inject::count(Lnet/minecraft/world/level/chunk/PalettedContainer$CountConsumer;Lorg/spongepowered/asm/mixin/injection/callback/CallbackInfo;)V does use it's CallbackInfo
[15mai.2026 20:40:03.666] [Server thread/DEBUG] [mixin/]: modernfix-modernfix.mixins.json:perf.compact_bit_storage.PalettedContainerMixin from mod modernfix->@Inject::validateData(Lnet/minecraft/network/FriendlyByteBuf;Lorg/spongepowered/asm/mixin/injection/callback/CallbackInfo;I)V doesn't use it's CallbackInfo
[15mai.2026 20:40:03.666] [Server thread/DEBUG] [mixin/]: modernfix-modernfix.mixins.json:perf.compact_bit_storage.PalettedContainerMixin from mod modernfix->@Inject::validateData(Lnet/minecraft/network/FriendlyByteBuf;Lorg/spongepowered/asm/mixin/injection/callback/CallbackInfo;I)V has 0 override(s) in child classes
[15mai.2026 20:40:03.666] [Server thread/DEBUG] [mixin/]: modernfix-modernfix.mixins.json:perf.compact_bit_storage.PalettedContainerMixin from mod modernfix->@Inject::validateData(Lnet/minecraft/network/FriendlyByteBuf;Lorg/spongepowered/asm/mixin/injection/callback/CallbackInfo;I)V won't be passed a CallbackInfo as a result
[15mai.2026 20:40:03.684] [Server thread/DEBUG] [mixin/]: Mixing collections.entity_ticking.EntityTickListMixin from lithium.mixins.json into net.minecraft.world.level.entity.EntityTickList
[15mai.2026 20:40:03.685] [Server thread/DEBUG] [mixin/]: lithium.mixins.json:collections.entity_ticking.EntityTickListMixin from mod lithium: Class version 69 required is higher than the class version supported by the current version of Mixin (JAVA_21 supports class version 65)
[15mai.2026 20:40:03.688] [Server thread/DEBUG] [mixin/]: Mixing world.tick_scheduler.LevelChunkTicksMixin from lithium.mixins.json into net.minecraft.world.ticks.LevelChunkTicks
[15mai.2026 20:40:03.688] [Server thread/DEBUG] [mixin/]: lithium.mixins.json:world.tick_scheduler.LevelChunkTicksMixin from mod lithium: Class version 69 required is higher than the class version supported by the current version of Mixin (JAVA_21 supports class version 65)
[15mai.2026 20:40:03.688] [Server thread/DEBUG] [mixin/]: Renaming synthetic method lambda$queueTick$0(J)Lnet/caffeinemc/mods/lithium/common/world/scheduler/OrderedTickQueue; to md94a32b$lithium$lambda$queueTick$0$0 in lithium.mixins.json:world.tick_scheduler.LevelChunkTicksMixin from mod lithium
[15mai.2026 20:40:03.689] [Server thread/DEBUG] [mixin/]: lithium.mixins.json:world.tick_scheduler.LevelChunkTicksMixin from mod lithium->@Inject::reinit(Lorg/spongepowered/asm/mixin/injection/callback/CallbackInfo;)V doesn't use it's CallbackInfo
[15mai.2026 20:40:03.689] [Server thread/DEBUG] [mixin/]: lithium.mixins.json:world.tick_scheduler.LevelChunkTicksMixin from mod lithium->@Inject::reinit(Lorg/spongepowered/asm/mixin/injection/callback/CallbackInfo;)V has 0 override(s) in child classes
[15mai.2026 20:40:03.689] [Server thread/DEBUG] [mixin/]: lithium.mixins.json:world.tick_scheduler.LevelChunkTicksMixin from mod lithium->@Inject::reinit(Lorg/spongepowered/asm/mixin/injection/callback/CallbackInfo;)V won't be passed a CallbackInfo as a result
[15mai.2026 20:40:03.689] [Server thread/DEBUG] [mixin/]: lithium.mixins.json:world.tick_scheduler.LevelChunkTicksMixin from mod lithium->@Inject::reinit(Lorg/spongepowered/asm/mixin/injection/callback/CallbackInfo;)V doesn't use it's CallbackInfo
[15mai.2026 20:40:03.689] [Server thread/DEBUG] [mixin/]: lithium.mixins.json:world.tick_scheduler.LevelChunkTicksMixin from mod lithium->@Inject::reinit(Lorg/spongepowered/asm/mixin/injection/callback/CallbackInfo;)V has 0 override(s) in child classes
[15mai.2026 20:40:03.689] [Server thread/DEBUG] [mixin/]: lithium.mixins.json:world.tick_scheduler.LevelChunkTicksMixin from mod lithium->@Inject::reinit(Lorg/spongepowered/asm/mixin/injection/callback/CallbackInfo;)V won't be passed a CallbackInfo as a result
[15mai.2026 20:40:03.705] [Server thread/DEBUG] [mixin/]: Mixing minimal_nonvanilla.spawning.PersistentEntitySectionManagerAccessor from lithium.mixins.json into net.minecraft.world.level.entity.PersistentEntitySectionManager
[15mai.2026 20:40:03.705] [Server thread/DEBUG] [mixin/]: lithium.mixins.json:minimal_nonvanilla.spawning.PersistentEntitySectionManagerAccessor from mod lithium: Class version 69 required is higher than the class version supported by the current version of Mixin (JAVA_21 supports class version 65)
[15mai.2026 20:40:03.705] [Server thread/DEBUG] [mixin/]: Mixing util.accessors.PersistentEntitySectionManagerAccessor from lithium.mixins.json into net.minecraft.world.level.entity.PersistentEntitySectionManager
[15mai.2026 20:40:03.705] [Server thread/DEBUG] [mixin/]: lithium.mixins.json:util.accessors.PersistentEntitySectionManagerAccessor from mod lithium: Class version 69 required is higher than the class version supported by the current version of Mixin (JAVA_21 supports class version 65)
[15mai.2026 20:40:03.706] [Server thread/DEBUG] [mixin/]: Mixing util.entity_movement_tracking.PersistentEntitySectionManagerAccessor from lithium.mixins.json into net.minecraft.world.level.entity.PersistentEntitySectionManager
[15mai.2026 20:40:03.706] [Server thread/DEBUG] [mixin/]: lithium.mixins.json:util.entity_movement_tracking.PersistentEntitySectionManagerAccessor from mod lithium: Class version 69 required is higher than the class version supported by the current version of Mixin (JAVA_21 supports class version 65)
[15mai.2026 20:40:03.706] [Server thread/DEBUG] [mixin/]: Unexpected: Registered method getCache()Lnet/minecraft/world/level/entity/EntitySectionStorage; in net.minecraft.world.level.entity.PersistentEntitySectionManager was not merged
[15mai.2026 20:40:03.706] [Server thread/DEBUG] [mixin/]: Unexpected: Registered method getCache()Lnet/minecraft/world/level/entity/EntitySectionStorage; in net.minecraft.world.level.entity.PersistentEntitySectionManager was not merged
[15mai.2026 20:40:03.708] [Server thread/DEBUG] [mixin/]: Mixing entity.inactive_navigations.ServerLevel$EntityCallbacksMixin from lithium.mixins.json into net.minecraft.server.level.ServerLevel$EntityCallbacks
[15mai.2026 20:40:03.708] [Server thread/DEBUG] [mixin/]: lithium.mixins.json:entity.inactive_navigations.ServerLevel$EntityCallbacksMixin from mod lithium: Class version 69 required is higher than the class version supported by the current version of Mixin (JAVA_21 supports class version 65)
[15mai.2026 20:40:03.709] [Server thread/DEBUG] [mixin/]: lithium.mixins.json:entity.inactive_navigations.ServerLevel$EntityCallbacksMixin from mod lithium->@Inject::inj(Lnet/minecraft/server/level/ServerLevel;Lorg/spongepowered/asm/mixin/injection/callback/CallbackInfo;)V doesn't use it's CallbackInfo
[15mai.2026 20:40:03.710] [Server thread/DEBUG] [mixin/]: Mixing entity.fast_retrieval.EntitySectionStorageMixin from lithium.mixins.json into net.minecraft.world.level.entity.EntitySectionStorage
[15mai.2026 20:40:03.710] [Server thread/DEBUG] [mixin/]: lithium.mixins.json:entity.fast_retrieval.EntitySectionStorageMixin from mod lithium: Class version 69 required is higher than the class version supported by the current version of Mixin (JAVA_21 supports class version 65)
[15mai.2026 20:40:03.710] [Server thread/DEBUG] [mixin/]: Mixing minimal_nonvanilla.spawning.EntitySectionStorageMixin from lithium.mixins.json into net.minecraft.world.level.entity.EntitySectionStorage
[15mai.2026 20:40:03.710] [Server thread/DEBUG] [mixin/]: lithium.mixins.json:minimal_nonvanilla.spawning.EntitySectionStorageMixin from mod lithium: Class version 69 required is higher than the class version supported by the current version of Mixin (JAVA_21 supports class version 65)
[15mai.2026 20:40:03.710] [Server thread/DEBUG] [mixin/]: Renaming synthetic method lambda$lithium$IterateEntitiesInTrackedSections$0(Lit/unimi/dsi/fastutil/objects/ObjectCollection;)Ljava/util/Iterator; to md94a32b$lithium$lambda$lithium$IterateEntitiesInTrackedSections$0$0 in lithium.mixins.json:minimal_nonvanilla.spawning.EntitySectionStorageMixin from mod lithium
[15mai.2026 20:40:03.710] [Server thread/DEBUG] [mixin/]: Mixing util.entity_section_position.EntitySectionStorageMixin from lithium.mixins.json into net.minecraft.world.level.entity.EntitySectionStorage
[15mai.2026 20:40:03.710] [Server thread/DEBUG] [mixin/]: lithium.mixins.json:util.entity_section_position.EntitySectionStorageMixin from mod lithium: Class version 69 required is higher than the class version supported by the current version of Mixin (JAVA_21 supports class version 65)
[15mai.2026 20:40:03.711] [Server thread/DEBUG] [mixin/]: lithium.mixins.json:entity.fast_retrieval.EntitySectionStorageMixin from mod lithium->@Inject::forEachInBox(Lnet/minecraft/world/phys/AABB;Lnet/minecraft/util/AbortableIterationConsumer;Lorg/spongepowered/asm/mixin/injection/callback/CallbackInfo;)V does use it's CallbackInfo
[15mai.2026 20:40:03.711] [Server thread/DEBUG] [mixin/]: lithium.mixins.json:util.entity_section_position.EntitySectionStorageMixin from mod lithium->@Inject::rememberPos(JLorg/spongepowered/asm/mixin/injection/callback/CallbackInfoReturnable;)V does use it's CallbackInfoReturnable
[15mai.2026 20:40:03.721] [Server thread/DEBUG] [mixin/]: Mixing minimal_nonvanilla.world.expiring_chunk_tickets.TicketStorageMixin from lithium.mixins.json into net.minecraft.world.level.TicketStorage
[15mai.2026 20:40:03.721] [Server thread/DEBUG] [mixin/]: lithium.mixins.json:minimal_nonvanilla.world.expiring_chunk_tickets.TicketStorageMixin from mod lithium: Class version 69 required is higher than the class version supported by the current version of Mixin (JAVA_21 supports class version 65)
[15mai.2026 20:40:03.724] [Server thread/DEBUG] [mixin/]: lithium.mixins.json:minimal_nonvanilla.world.expiring_chunk_tickets.TicketStorageMixin from mod lithium->@Inject::registerExpiringTicket(JLnet/minecraft/server/level/Ticket;Lorg/spongepowered/asm/mixin/injection/callback/CallbackInfoReturnable;)V doesn't use it's CallbackInfoReturnable
[15mai.2026 20:40:03.724] [Server thread/DEBUG] [mixin/]: lithium.mixins.json:minimal_nonvanilla.world.expiring_chunk_tickets.TicketStorageMixin from mod lithium->@Inject::registerExpiringTicket(JLnet/minecraft/server/level/Ticket;Lorg/spongepowered/asm/mixin/injection/callback/CallbackInfoReturnable;)V has 0 override(s) in child classes
[15mai.2026 20:40:03.724] [Server thread/DEBUG] [mixin/]: lithium.mixins.json:minimal_nonvanilla.world.expiring_chunk_tickets.TicketStorageMixin from mod lithium->@Inject::registerExpiringTicket(JLnet/minecraft/server/level/Ticket;Lorg/spongepowered/asm/mixin/injection/callback/CallbackInfoReturnable;)V won't be passed a CallbackInfoReturnable as a result
[15mai.2026 20:40:03.724] [Server thread/DEBUG] [mixin/]: lithium.mixins.json:minimal_nonvanilla.world.expiring_chunk_tickets.TicketStorageMixin from mod lithium->@Inject::unregisterExpiringTicket(JLnet/minecraft/server/level/Ticket;Lorg/spongepowered/asm/mixin/injection/callback/CallbackInfoReturnable;)V doesn't use it's CallbackInfoReturnable
[15mai.2026 20:40:03.724] [Server thread/DEBUG] [mixin/]: lithium.mixins.json:minimal_nonvanilla.world.expiring_chunk_tickets.TicketStorageMixin from mod lithium->@Inject::unregisterExpiringTicket(JLnet/minecraft/server/level/Ticket;Lorg/spongepowered/asm/mixin/injection/callback/CallbackInfoReturnable;)V has 0 override(s) in child classes
[15mai.2026 20:40:03.724] [Server thread/DEBUG] [mixin/]: lithium.mixins.json:minimal_nonvanilla.world.expiring_chunk_tickets.TicketStorageMixin from mod lithium->@Inject::unregisterExpiringTicket(JLnet/minecraft/server/level/Ticket;Lorg/spongepowered/asm/mixin/injection/callback/CallbackInfoReturnable;)V won't be passed a CallbackInfoReturnable as a result
[15mai.2026 20:40:03.725] [Server thread/DEBUG] [mixin/]: lithium.mixins.json:minimal_nonvanilla.world.expiring_chunk_tickets.TicketStorageMixin from mod lithium->@Inject::fixOtherCollection(Lorg/spongepowered/asm/mixin/injection/callback/CallbackInfo;)V doesn't use it's CallbackInfo
[15mai.2026 20:40:03.725] [Server thread/DEBUG] [mixin/]: lithium.mixins.json:minimal_nonvanilla.world.expiring_chunk_tickets.TicketStorageMixin from mod lithium->@Inject::fixOtherCollection(Lorg/spongepowered/asm/mixin/injection/callback/CallbackInfo;)V has 0 override(s) in child classes
[15mai.2026 20:40:03.725] [Server thread/DEBUG] [mixin/]: lithium.mixins.json:minimal_nonvanilla.world.expiring_chunk_tickets.TicketStorageMixin from mod lithium->@Inject::fixOtherCollection(Lorg/spongepowered/asm/mixin/injection/callback/CallbackInfo;)V won't be passed a CallbackInfo as a result
[15mai.2026 20:40:03.740] [Server thread/DEBUG] [mixin/]: Mixing perf.release_protochunks.ChunkMapMixin from modernfix-modernfix.mixins.json into net.minecraft.server.level.ChunkMap
[15mai.2026 20:40:03.740] [Server thread/DEBUG] [mixin/]: modernfix-modernfix.mixins.json:perf.release_protochunks.ChunkMapMixin from mod modernfix: Class version 69 required is higher than the class version supported by the current version of Mixin (JAVA_21 supports class version 65)
[15mai.2026 20:40:03.741] [Server thread/DEBUG] [mixin/]: modernfix-modernfix.mixins.json:perf.release_protochunks.ChunkMapMixin from mod modernfix->@Inject::dropProtoChunks(Ljava/util/function/BooleanSupplier;Lorg/spongepowered/asm/mixin/injection/callback/CallbackInfo;)V doesn't use it's CallbackInfo
[15mai.2026 20:40:03.741] [Server thread/DEBUG] [mixin/]: modernfix-modernfix.mixins.json:perf.release_protochunks.ChunkMapMixin from mod modernfix->@Inject::dropProtoChunks(Ljava/util/function/BooleanSupplier;Lorg/spongepowered/asm/mixin/injection/callback/CallbackInfo;)V has 0 override(s) in child classes
[15mai.2026 20:40:03.741] [Server thread/DEBUG] [mixin/]: modernfix-modernfix.mixins.json:perf.release_protochunks.ChunkMapMixin from mod modernfix->@Inject::dropProtoChunks(Ljava/util/function/BooleanSupplier;Lorg/spongepowered/asm/mixin/injection/callback/CallbackInfo;)V won't be passed a CallbackInfo as a result
[15mai.2026 20:40:03.752] [Server thread/DEBUG] [mixin/]: Mixing world.chunk_access.GenerationChunkHolderAccessor from lithium.mixins.json into net.minecraft.server.level.GenerationChunkHolder
[15mai.2026 20:40:03.752] [Server thread/DEBUG] [mixin/]: lithium.mixins.json:world.chunk_access.GenerationChunkHolderAccessor from mod lithium: Class version 69 required is higher than the class version supported by the current version of Mixin (JAVA_21 supports class version 65)
[15mai.2026 20:40:03.754] [Server thread/DEBUG] [mixin/]: Mixing world.chunk_access.ChunkHolderMixin from lithium.mixins.json into net.minecraft.server.level.ChunkHolder
[15mai.2026 20:40:03.754] [Server thread/DEBUG] [mixin/]: lithium.mixins.json:world.chunk_access.ChunkHolderMixin from mod lithium: Class version 69 required is higher than the class version supported by the current version of Mixin (JAVA_21 supports class version 65)
[15mai.2026 20:40:03.754] [Server thread/DEBUG] [mixin/]: Mixing perf.release_protochunks.ChunkHolderMixin from modernfix-modernfix.mixins.json into net.minecraft.server.level.ChunkHolder
[15mai.2026 20:40:03.754] [Server thread/DEBUG] [mixin/]: modernfix-modernfix.mixins.json:perf.release_protochunks.ChunkHolderMixin from mod modernfix: Class version 69 required is higher than the class version supported by the current version of Mixin (JAVA_21 supports class version 65)
[15mai.2026 20:40:03.754] [Server thread/DEBUG] [mixin/]: Renaming synthetic method lambda$mfix$markAsNeedingProtoChunkDrop$0(Lorg/embeddedt/modernfix/duck/release_protochunks/ISuspendedHolderTrackingChunkMap;Ljava/lang/Object;Ljava/lang/Throwable;)V to md94a32b$modernfix$lambda$mfix$markAsNeedingProtoChunkDrop$0$0 in modernfix-modernfix.mixins.json:perf.release_protochunks.ChunkHolderMixin from mod modernfix
[15mai.2026 20:40:03.754] [Server thread/DEBUG] [mixin/]: Mixing util.chunk_status_tracking.ChunkHolderMixin from lithium.mixins.json into net.minecraft.server.level.ChunkHolder
[15mai.2026 20:40:03.754] [Server thread/DEBUG] [mixin/]: lithium.mixins.json:util.chunk_status_tracking.ChunkHolderMixin from mod lithium: Class version 69 required is higher than the class version supported by the current version of Mixin (JAVA_21 supports class version 65)
[15mai.2026 20:40:03.755] [Server thread/DEBUG] [mixin/]: modernfix-modernfix.mixins.json:perf.release_protochunks.ChunkHolderMixin from mod modernfix->@Inject::recheckSuspensionAfterNeighbor(Ljava/util/concurrent/CompletableFuture;Lorg/spongepowered/asm/mixin/injection/callback/CallbackInfo;)V doesn't use it's CallbackInfo
[15mai.2026 20:40:03.755] [Server thread/DEBUG] [mixin/]: modernfix-modernfix.mixins.json:perf.release_protochunks.ChunkHolderMixin from mod modernfix->@Inject::recheckSuspensionAfterNeighbor(Ljava/util/concurrent/CompletableFuture;Lorg/spongepowered/asm/mixin/injection/callback/CallbackInfo;)V has 0 override(s) in child classes
[15mai.2026 20:40:03.755] [Server thread/DEBUG] [mixin/]: modernfix-modernfix.mixins.json:perf.release_protochunks.ChunkHolderMixin from mod modernfix->@Inject::recheckSuspensionAfterNeighbor(Ljava/util/concurrent/CompletableFuture;Lorg/spongepowered/asm/mixin/injection/callback/CallbackInfo;)V won't be passed a CallbackInfo as a result
[15mai.2026 20:40:03.755] [Server thread/DEBUG] [mixin/]: modernfix-modernfix.mixins.json:perf.release_protochunks.ChunkHolderMixin from mod modernfix->@Inject::markForSuspensionOnDemotion(Lnet/minecraft/server/level/ChunkMap;Ljava/util/concurrent/Executor;Lorg/spongepowered/asm/mixin/injection/callback/CallbackInfo;)V doesn't use it's CallbackInfo
[15mai.2026 20:40:03.755] [Server thread/DEBUG] [mixin/]: modernfix-modernfix.mixins.json:perf.release_protochunks.ChunkHolderMixin from mod modernfix->@Inject::markForSuspensionOnDemotion(Lnet/minecraft/server/level/ChunkMap;Ljava/util/concurrent/Executor;Lorg/spongepowered/asm/mixin/injection/callback/CallbackInfo;)V has 0 override(s) in child classes
[15mai.2026 20:40:03.755] [Server thread/DEBUG] [mixin/]: modernfix-modernfix.mixins.json:perf.release_protochunks.ChunkHolderMixin from mod modernfix->@Inject::markForSuspensionOnDemotion(Lnet/minecraft/server/level/ChunkMap;Ljava/util/concurrent/Executor;Lorg/spongepowered/asm/mixin/injection/callback/CallbackInfo;)V won't be passed a CallbackInfo as a result
[15mai.2026 20:40:03.755] [Server thread/DEBUG] [mixin/]: lithium.mixins.json:util.chunk_status_tracking.ChunkHolderMixin from mod lithium->@Inject::trackUpdate(Lnet/minecraft/server/level/ChunkMap;Ljava/util/concurrent/Executor;Lorg/spongepowered/asm/mixin/injection/callback/CallbackInfo;Lnet/minecraft/server/level/FullChunkStatus;Lnet/minecraft/server/level/FullChunkStatus;)V doesn't use it's CallbackInfo
[15mai.2026 20:40:03.755] [Server thread/DEBUG] [mixin/]: lithium.mixins.json:util.chunk_status_tracking.ChunkHolderMixin from mod lithium->@Inject::trackUpdate(Lnet/minecraft/server/level/ChunkMap;Ljava/util/concurrent/Executor;Lorg/spongepowered/asm/mixin/injection/callback/CallbackInfo;Lnet/minecraft/server/level/FullChunkStatus;Lnet/minecraft/server/level/FullChunkStatus;)V has 0 override(s) in child classes
[15mai.2026 20:40:03.755] [Server thread/DEBUG] [mixin/]: lithium.mixins.json:util.chunk_status_tracking.ChunkHolderMixin from mod lithium->@Inject::trackUpdate(Lnet/minecraft/server/level/ChunkMap;Ljava/util/concurrent/Executor;Lorg/spongepowered/asm/mixin/injection/callback/CallbackInfo;Lnet/minecraft/server/level/FullChunkStatus;Lnet/minecraft/server/level/FullChunkStatus;)V won't be passed a CallbackInfo as a result
[15mai.2026 20:40:03.775] [Server thread/DEBUG] [mixin/]: Mixing perf.optimize_surface_rules.SurfaceSystemMixin from modernfix-modernfix.mixins.json into net.minecraft.world.level.levelgen.SurfaceSystem
[15mai.2026 20:40:03.775] [Server thread/DEBUG] [mixin/]: modernfix-modernfix.mixins.json:perf.optimize_surface_rules.SurfaceSystemMixin from mod modernfix: Class version 69 required is higher than the class version supported by the current version of Mixin (JAVA_21 supports class version 65)
[15mai.2026 20:40:03.778] [Server thread/DEBUG] [mixin/]: modernfix-modernfix.mixins.json:perf.optimize_surface_rules.SurfaceSystemMixin from mod modernfix->@Inject::finishAndDisposeLookups(Lnet/minecraft/world/level/levelgen/RandomState;Lnet/minecraft/world/level/biome/BiomeManager;Lnet/minecraft/core/Registry;ZLnet/minecraft/world/level/levelgen/WorldGenerationContext;Lnet/minecraft/world/level/chunk/ChunkAccess;Lnet/minecraft/world/level/levelgen/NoiseChunk;Lnet/minecraft/world/level/levelgen/SurfaceRules$RuleSource;Lorg/spongepowered/asm/mixin/injection/callback/CallbackInfo;)V doesn't use it's CallbackInfo
[15mai.2026 20:40:03.778] [Server thread/DEBUG] [mixin/]: modernfix-modernfix.mixins.json:perf.optimize_surface_rules.SurfaceSystemMixin from mod modernfix->@Inject::finishAndDisposeLookups(Lnet/minecraft/world/level/levelgen/RandomState;Lnet/minecraft/world/level/biome/BiomeManager;Lnet/minecraft/core/Registry;ZLnet/minecraft/world/level/levelgen/WorldGenerationContext;Lnet/minecraft/world/level/chunk/ChunkAccess;Lnet/minecraft/world/level/levelgen/NoiseChunk;Lnet/minecraft/world/level/levelgen/SurfaceRules$RuleSource;Lorg/spongepowered/asm/mixin/injection/callback/CallbackInfo;)V has 0 override(s) in child classes
[15mai.2026 20:40:03.778] [Server thread/DEBUG] [mixin/]: modernfix-modernfix.mixins.json:perf.optimize_surface_rules.SurfaceSystemMixin from mod modernfix->@Inject::finishAndDisposeLookups(Lnet/minecraft/world/level/levelgen/RandomState;Lnet/minecraft/world/level/biome/BiomeManager;Lnet/minecraft/core/Registry;ZLnet/minecraft/world/level/levelgen/WorldGenerationContext;Lnet/minecraft/world/level/chunk/ChunkAccess;Lnet/minecraft/world/level/levelgen/NoiseChunk;Lnet/minecraft/world/level/levelgen/SurfaceRules$RuleSource;Lorg/spongepowered/asm/mixin/injection/callback/CallbackInfo;)V won't be passed a CallbackInfo as a result
[15mai.2026 20:40:03.778] [Server thread/DEBUG] [mixin/]: modernfix-modernfix.mixins.json:perf.optimize_surface_rules.SurfaceSystemMixin from mod modernfix->@Inject::captureRealBlockColumn(Lorg/spongepowered/asm/mixin/injection/callback/CallbackInfo;)V doesn't use it's CallbackInfo
[15mai.2026 20:40:03.778] [Server thread/DEBUG] [mixin/]: modernfix-modernfix.mixins.json:perf.optimize_surface_rules.SurfaceSystemMixin from mod modernfix->@Inject::captureRealBlockColumn(Lorg/spongepowered/asm/mixin/injection/callback/CallbackInfo;)V has 0 override(s) in child classes
[15mai.2026 20:40:03.778] [Server thread/DEBUG] [mixin/]: modernfix-modernfix.mixins.json:perf.optimize_surface_rules.SurfaceSystemMixin from mod modernfix->@Inject::captureRealBlockColumn(Lorg/spongepowered/asm/mixin/injection/callback/CallbackInfo;)V won't be passed a CallbackInfo as a result
[15mai.2026 20:40:03.778] [Server thread/DEBUG] [mixin/]: modernfix-modernfix.mixins.json:perf.optimize_surface_rules.SurfaceSystemMixin from mod modernfix->@Inject::prefetchBlockArray(Lnet/minecraft/world/level/levelgen/RandomState;Lnet/minecraft/world/level/biome/BiomeManager;Lnet/minecraft/core/Registry;ZLnet/minecraft/world/level/levelgen/WorldGenerationContext;Lnet/minecraft/world/level/chunk/ChunkAccess;Lnet/minecraft/world/level/levelgen/NoiseChunk;Lnet/minecraft/world/level/levelgen/SurfaceRules$RuleSource;Lorg/spongepowered/asm/mixin/injection/callback/CallbackInfo;)V doesn't use it's CallbackInfo
[15mai.2026 20:40:03.778] [Server thread/DEBUG] [mixin/]: modernfix-modernfix.mixins.json:perf.optimize_surface_rules.SurfaceSystemMixin from mod modernfix->@Inject::prefetchBlockArray(Lnet/minecraft/world/level/levelgen/RandomState;Lnet/minecraft/world/level/biome/BiomeManager;Lnet/minecraft/core/Registry;ZLnet/minecraft/world/level/levelgen/WorldGenerationContext;Lnet/minecraft/world/level/chunk/ChunkAccess;Lnet/minecraft/world/level/levelgen/NoiseChunk;Lnet/minecraft/world/level/levelgen/SurfaceRules$RuleSource;Lorg/spongepowered/asm/mixin/injection/callback/CallbackInfo;)V has 0 override(s) in child classes
[15mai.2026 20:40:03.778] [Server thread/DEBUG] [mixin/]: modernfix-modernfix.mixins.json:perf.optimize_surface_rules.SurfaceSystemMixin from mod modernfix->@Inject::prefetchBlockArray(Lnet/minecraft/world/level/levelgen/RandomState;Lnet/minecraft/world/level/biome/BiomeManager;Lnet/minecraft/core/Registry;ZLnet/minecraft/world/level/levelgen/WorldGenerationContext;Lnet/minecraft/world/level/chunk/ChunkAccess;Lnet/minecraft/world/level/levelgen/NoiseChunk;Lnet/minecraft/world/level/levelgen/SurfaceRules$RuleSource;Lorg/spongepowered/asm/mixin/injection/callback/CallbackInfo;)V won't be passed a CallbackInfo as a result
[15mai.2026 20:40:03.844] [Server thread/DEBUG] [mixin/]: Mixing perf.cache_strongholds.ChunkGeneratorMixin from modernfix-modernfix.mixins.json into net.minecraft.world.level.chunk.ChunkGeneratorStructureState
[15mai.2026 20:40:03.844] [Server thread/DEBUG] [mixin/]: modernfix-modernfix.mixins.json:perf.cache_strongholds.ChunkGeneratorMixin from mod modernfix: Class version 69 required is higher than the class version supported by the current version of Mixin (JAVA_21 supports class version 65)
[15mai.2026 20:40:03.844] [Server thread/DEBUG] [mixin/]: Renaming synthetic method lambda$mfix$loadCacheFile$0(Ljava/util/Map;Ljava/lang/String;[I)V to md94a32b$modernfix$lambda$mfix$loadCacheFile$0$0 in modernfix-modernfix.mixins.json:perf.cache_strongholds.ChunkGeneratorMixin from mod modernfix
[15mai.2026 20:40:03.845] [Server thread/DEBUG] [mixin/]: Renaming synthetic method lambda$modernfix$cacheRingPositions$0(Ljava/lang/String;Ljava/util/List;)Ljava/util/List; to md94a32b$modernfix$lambda$modernfix$cacheRingPositions$0$1 in modernfix-modernfix.mixins.json:perf.cache_strongholds.ChunkGeneratorMixin from mod modernfix
[15mai.2026 20:40:03.866] [Server thread/DEBUG] [mixin/]: Mixing chunk.no_validation.SimpleBitStorageMixin from lithium.mixins.json into net.minecraft.util.SimpleBitStorage
[15mai.2026 20:40:03.866] [Server thread/DEBUG] [mixin/]: lithium.mixins.json:chunk.no_validation.SimpleBitStorageMixin from mod lithium: Class version 69 required is higher than the class version supported by the current version of Mixin (JAVA_21 supports class version 65)
[15mai.2026 20:40:03.866] [Server thread/DEBUG] [mixin/]: Mixing chunk.serialization.SimpleBitStorageMixin from lithium.mixins.json into net.minecraft.util.SimpleBitStorage
[15mai.2026 20:40:03.866] [Server thread/DEBUG] [mixin/]: lithium.mixins.json:chunk.serialization.SimpleBitStorageMixin from mod lithium: Class version 69 required is higher than the class version supported by the current version of Mixin (JAVA_21 supports class version 65)
[15mai.2026 20:40:03.881] [Server thread/DEBUG] [mixin/]: Mixing ai.poi.PoiManagerMixin from lithium.mixins.json into net.minecraft.world.entity.ai.village.poi.PoiManager
[15mai.2026 20:40:03.881] [Server thread/DEBUG] [mixin/]: lithium.mixins.json:ai.poi.PoiManagerMixin from mod lithium: Class version 69 required is higher than the class version supported by the current version of Mixin (JAVA_21 supports class version 65)
[15mai.2026 20:40:03.882] [Server thread/DEBUG] [mixin/]: Renaming synthetic method lambda$withinSquareInL2Range$0(Lnet/minecraft/core/BlockPos;ILjava/util/ArrayList;Lnet/minecraft/world/entity/ai/village/poi/PoiRecord;)V to md94a32b$lithium$lambda$withinSquareInL2Range$0$0 in lithium.mixins.json:ai.poi.PoiManagerMixin from mod lithium
[15mai.2026 20:40:03.882] [Server thread/DEBUG] [mixin/]: Renaming synthetic method lambda$lithium$findNearestForPortalLogic$1(ILnet/minecraft/core/BlockPos;Lnet/minecraft/core/BlockPos;)Z to md94a32b$lithium$lambda$lithium$findNearestForPortalLogic$1$1 in lithium.mixins.json:ai.poi.PoiManagerMixin from mod lithium
[15mai.2026 20:40:03.882] [Server thread/DEBUG] [mixin/]: Renaming synthetic method lambda$lithium$findNearestForPortalLogic$0(Lnet/minecraft/world/level/border/WorldBorder;Ljava/util/function/Predicate;Lnet/minecraft/world/entity/ai/village/poi/PoiRecord;)Z to md94a32b$lithium$lambda$lithium$findNearestForPortalLogic$0$2 in lithium.mixins.json:ai.poi.PoiManagerMixin from mod lithium
[15mai.2026 20:40:03.882] [Server thread/DEBUG] [mixin/]: Renaming synthetic method lambda$findClosest$1(ILnet/minecraft/core/BlockPos;Lnet/minecraft/core/BlockPos;)Z to md94a32b$lithium$lambda$findClosest$1$3 in lithium.mixins.json:ai.poi.PoiManagerMixin from mod lithium
[15mai.2026 20:40:03.883] [Server thread/DEBUG] [mixin/]: Renaming synthetic method lambda$findClosest$0(Ljava/util/function/Predicate;Lnet/minecraft/world/entity/ai/village/poi/PoiRecord;)Z to md94a32b$lithium$lambda$findClosest$0$4 in lithium.mixins.json:ai.poi.PoiManagerMixin from mod lithium
[15mai.2026 20:40:03.883] [Server thread/DEBUG] [mixin/]: Renaming synthetic method lambda$findClosestWithType$0(ILnet/minecraft/core/BlockPos;Lnet/minecraft/core/BlockPos;)Z to md94a32b$lithium$lambda$findClosestWithType$0$5 in lithium.mixins.json:ai.poi.PoiManagerMixin from mod lithium
[15mai.2026 20:40:03.883] [Server thread/DEBUG] [mixin/]: Renaming synthetic method lambda$find$0(Lnet/minecraft/world/entity/ai/village/poi/PoiSection;Lnet/minecraft/core/BlockPos;Ljava/util/function/Predicate;Ljava/util/function/Predicate;Lnet/minecraft/world/entity/ai/village/poi/PoiManager$Occupancy;J)Lnet/minecraft/world/entity/ai/village/poi/PoiRecord; to md94a32b$lithium$lambda$find$0$6 in lithium.mixins.json:ai.poi.PoiManagerMixin from mod lithium
[15mai.2026 20:40:03.883] [Server thread/DEBUG] [mixin/]: Renaming synthetic method lambda$lithium$getNClosestFirstWithType$2(Ljava/util/ArrayList;Lnet/minecraft/world/entity/ai/village/poi/PoiRecord;)V to md94a32b$lithium$lambda$lithium$getNClosestFirstWithType$2$7 in lithium.mixins.json:ai.poi.PoiManagerMixin from mod lithium
[15mai.2026 20:40:03.883] [Server thread/DEBUG] [mixin/]: Renaming synthetic method lambda$lithium$getNClosestFirstWithType$1(ILnet/minecraft/core/BlockPos;Lnet/minecraft/core/BlockPos;)Z to md94a32b$lithium$lambda$lithium$getNClosestFirstWithType$1$8 in lithium.mixins.json:ai.poi.PoiManagerMixin from mod lithium
[15mai.2026 20:40:03.883] [Server thread/DEBUG] [mixin/]: Renaming synthetic method lambda$lithium$getNClosestFirstWithType$0(Ljava/util/function/Predicate;Lnet/minecraft/world/entity/ai/village/poi/PoiRecord;)Z to md94a32b$lithium$lambda$lithium$getNClosestFirstWithType$0$9 in lithium.mixins.json:ai.poi.PoiManagerMixin from mod lithium
[15mai.2026 20:40:03.883] [Server thread/DEBUG] [mixin/]: Mixing ai.poi.fast_portals.PoiManagerMixin from lithium.mixins.json into net.minecraft.world.entity.ai.village.poi.PoiManager
[15mai.2026 20:40:03.883] [Server thread/DEBUG] [mixin/]: lithium.mixins.json:ai.poi.fast_portals.PoiManagerMixin from mod lithium: Class version 69 required is higher than the class version supported by the current version of Mixin (JAVA_21 supports class version 65)
[15mai.2026 20:40:03.890] [Server thread/DEBUG] [mixin/]: Mixing ai.poi.SectionStorageMixin from lithium.mixins.json into net.minecraft.world.level.chunk.storage.SectionStorage
[15mai.2026 20:40:03.890] [Server thread/DEBUG] [mixin/]: lithium.mixins.json:ai.poi.SectionStorageMixin from mod lithium: Class version 69 required is higher than the class version supported by the current version of Mixin (JAVA_21 supports class version 65)
[15mai.2026 20:40:03.892] [Server thread/DEBUG] [mixin/]: Renaming synthetic method lambda$lithium$getInChunkColumn$0(Ljava/util/BitSet;Lit/unimi/dsi/fastutil/longs/Long2ObjectMap;ILnet/minecraft/world/level/LevelHeightAccessor;I)Ljava/util/Iterator; to md94a32b$lithium$lambda$lithium$getInChunkColumn$0$0 in lithium.mixins.json:ai.poi.SectionStorageMixin from mod lithium
[15mai.2026 20:40:03.893] [Server thread/DEBUG] [mixin/]: lithium.mixins.json:ai.poi.SectionStorageMixin from mod lithium->@Inject::init(Lnet/minecraft/world/level/chunk/storage/SimpleRegionStorage;Lcom/mojang/serialization/Codec;Ljava/util/function/Function;Ljava/util/function/BiFunction;Ljava/util/function/Function;Lnet/minecraft/core/RegistryAccess;Lnet/minecraft/world/level/chunk/storage/ChunkIOErrorReporter;Lnet/minecraft/world/level/LevelHeightAccessor;Lorg/spongepowered/asm/mixin/injection/callback/CallbackInfo;)V doesn't use it's CallbackInfo
[15mai.2026 20:40:03.893] [Server thread/DEBUG] [mixin/]: lithium.mixins.json:ai.poi.SectionStorageMixin from mod lithium->@Inject::init(Lnet/minecraft/world/level/chunk/storage/SimpleRegionStorage;Lcom/mojang/serialization/Codec;Ljava/util/function/Function;Ljava/util/function/BiFunction;Ljava/util/function/Function;Lnet/minecraft/core/RegistryAccess;Lnet/minecraft/world/level/chunk/storage/ChunkIOErrorReporter;Lnet/minecraft/world/level/LevelHeightAccessor;Lorg/spongepowered/asm/mixin/injection/callback/CallbackInfo;)V has 0 override(s) in child classes
[15mai.2026 20:40:03.893] [Server thread/DEBUG] [mixin/]: lithium.mixins.json:ai.poi.SectionStorageMixin from mod lithium->@Inject::init(Lnet/minecraft/world/level/chunk/storage/SimpleRegionStorage;Lcom/mojang/serialization/Codec;Ljava/util/function/Function;Ljava/util/function/BiFunction;Ljava/util/function/Function;Lnet/minecraft/core/RegistryAccess;Lnet/minecraft/world/level/chunk/storage/ChunkIOErrorReporter;Lnet/minecraft/world/level/LevelHeightAccessor;Lorg/spongepowered/asm/mixin/injection/callback/CallbackInfo;)V won't be passed a CallbackInfo as a result
[15mai.2026 20:40:03.897] [Server thread/DEBUG] [mixin/]: Mixing ai.poi.PoiSectionMixin from lithium.mixins.json into net.minecraft.world.entity.ai.village.poi.PoiSection
[15mai.2026 20:40:03.897] [Server thread/DEBUG] [mixin/]: lithium.mixins.json:ai.poi.PoiSectionMixin from mod lithium: Class version 69 required is higher than the class version supported by the current version of Mixin (JAVA_21 supports class version 65)
[15mai.2026 20:40:03.922] [Server thread/DEBUG] [mixin/]: Mixing ai.poi.fast_portals.PortalForcerMixin from lithium.mixins.json into net.minecraft.world.level.portal.PortalForcer
[15mai.2026 20:40:03.923] [Server thread/DEBUG] [mixin/]: lithium.mixins.json:ai.poi.fast_portals.PortalForcerMixin from mod lithium: Class version 69 required is higher than the class version supported by the current version of Mixin (JAVA_21 supports class version 65)
[15mai.2026 20:40:03.923] [Server thread/DEBUG] [mixin/]: Renaming synthetic method lambda$findClosestPortalPosition$0(Lnet/minecraft/world/entity/ai/village/poi/PoiRecord;)Z to md94a32b$lithium$lambda$findClosestPortalPosition$0$0 in lithium.mixins.json:ai.poi.fast_portals.PortalForcerMixin from mod lithium
[15mai.2026 20:40:03.948] [Server thread/DEBUG] [mixin/]: Mixing world.game_events.dispatch.GameEventDispatcherMixin from lithium.mixins.json into net.minecraft.world.level.gameevent.GameEventDispatcher
[15mai.2026 20:40:03.948] [Server thread/DEBUG] [mixin/]: lithium.mixins.json:world.game_events.dispatch.GameEventDispatcherMixin from mod lithium: Class version 69 required is higher than the class version supported by the current version of Mixin (JAVA_21 supports class version 65)
[15mai.2026 20:40:04.018] [Server thread/INFO] [net.threetag.palladium.Palladium/]: Successfully generated documentation file: texture_transformers.html
[15mai.2026 20:40:04.025] [Server thread/INFO] [net.threetag.palladium.Palladium/]: Successfully generated documentation file: dynamic_textures.html
[15mai.2026 20:40:04.027] [Server thread/ERROR] [net.threetag.palladium.Palladium/]: No documentation entry overrides found for palladium:render_layers/palladium:render_layer
[15mai.2026 20:40:04.027] [Server thread/ERROR] [net.threetag.palladium.Palladium/]: No documentation entry hidden_model_parts found for palladium:render_layers/palladium:render_layer
[15mai.2026 20:40:04.028] [Server thread/ERROR] [net.threetag.palladium.Palladium/]: No documentation entry hidden_model_parts found for palladium:render_layers/palladium:compound
[15mai.2026 20:40:04.031] [Server thread/ERROR] [net.threetag.palladium.Palladium/]: No documentation entry hidden_model_parts found for palladium:render_layers/palladium:lightning_sparks
[15mai.2026 20:40:04.035] [Server thread/ERROR] [net.threetag.palladium.Palladium/]: No documentation entry hidden_model_parts found for palladium:render_layers/palladium:block_on_head
[15mai.2026 20:40:04.036] [Server thread/ERROR] [net.threetag.palladium.Palladium/]: No documentation entry hidden_model_parts found for palladium:render_layers/palladium:vibration
[15mai.2026 20:40:04.038] [Server thread/INFO] [net.threetag.palladium.Palladium/]: Successfully generated documentation file: render_layers.html
[15mai.2026 20:40:04.046] [Server thread/INFO] [net.threetag.palladium.Palladium/]: Successfully generated documentation file: beams.html
[15mai.2026 20:40:04.055] [Server thread/INFO] [net.threetag.palladium.Palladium/]: Successfully generated documentation file: trails.html
[15mai.2026 20:40:04.059] [Server thread/INFO] [net.threetag.palladium.Palladium/]: Successfully generated documentation file: layouts.html
[15mai.2026 20:40:04.109] [Server thread/INFO] [net.threetag.palladium.Palladium/]: Successfully generated documentation file: components.html
[15mai.2026 20:40:04.114] [Server thread/INFO] [net.threetag.palladium.Palladium/]: Successfully generated documentation file: backgrounds.html
[15mai.2026 20:40:04.194] [Server thread/ERROR] [net.threetag.palladium.Palladium/]: No documentation entry objective found for palladium:value_serializer/palladium:score
[15mai.2026 20:40:04.228] [Server thread/INFO] [net.threetag.palladium.Palladium/]: Successfully generated documentation file: value_serializer.html
[15mai.2026 20:40:04.288] [Server thread/ERROR] [net.threetag.palladium.Palladium/]: No documentation entry modifier found for palladium:ability_serializer/palladium:attribute_modifier
[15mai.2026 20:40:04.289] [Server thread/ERROR] [net.threetag.palladium.Palladium/]: No documentation entry modifiers found for palladium:ability_serializer/palladium:attribute_modifier
[15mai.2026 20:40:04.306] [Server thread/INFO] [net.threetag.palladium.Palladium/]: Successfully generated documentation file: ability_serializer.html
[15mai.2026 20:40:04.369] [Server thread/ERROR] [net.threetag.palladium.Palladium/]: No documentation entry molang found for palladium:condition_serializer/palladium:molang
[15mai.2026 20:40:04.423] [Server thread/ERROR] [net.threetag.palladium.Palladium/]: No documentation entry fallback found for palladium:condition_serializer/palladium:number_data_attachment
[15mai.2026 20:40:04.431] [Server thread/INFO] [net.threetag.palladium.Palladium/]: Successfully generated documentation file: condition_serializer.html
[15mai.2026 20:40:04.436] [Server thread/INFO] [net.threetag.palladium.Palladium/]: Successfully generated documentation file: flight_type_serializer.html
[15mai.2026 20:40:04.449] [Server thread/INFO] [net.threetag.palladium.Palladium/]: Successfully generated documentation file: icon_serializer.html
[15mai.2026 20:40:04.521] [Server thread/INFO] [net.minecraft.server.level.progress.LoggingLevelLoadListener/]: Selecting global world spawn...
[15mai.2026 20:40:04.526] [Server thread/DEBUG] [mixin/]: Mixing chunk_load_tricks.ChunkLoadTricksMixin from lithium-neoforge.mixins.json into net.caffeinemc.mods.lithium.common.world.ChunkLoadTricks
[15mai.2026 20:40:04.526] [Server thread/DEBUG] [mixin/]: lithium-neoforge.mixins.json:chunk_load_tricks.ChunkLoadTricksMixin from mod lithium: Class version 69 required is higher than the class version supported by the current version of Mixin (JAVA_21 supports class version 65)
[15mai.2026 20:40:05.284] [Server thread/DEBUG] [mixin/]: Mixing chunk.no_validation.ZeroBitStorageMixin from lithium.mixins.json into net.minecraft.util.ZeroBitStorage
[15mai.2026 20:40:05.284] [Server thread/DEBUG] [mixin/]: lithium.mixins.json:chunk.no_validation.ZeroBitStorageMixin from mod lithium: Class version 69 required is higher than the class version supported by the current version of Mixin (JAVA_21 supports class version 65)
[15mai.2026 20:40:05.324] [worldgen/DEBUG] [mixin/]: Mixing perf.worldgen_allocation.NoiseChunkMixin from modernfix-modernfix.mixins.json into net.minecraft.world.level.levelgen.NoiseChunk
[15mai.2026 20:40:05.324] [worldgen/DEBUG] [mixin/]: modernfix-modernfix.mixins.json:perf.worldgen_allocation.NoiseChunkMixin from mod modernfix: Class version 69 required is higher than the class version supported by the current version of Mixin (JAVA_21 supports class version 65)
[15mai.2026 20:40:05.879] [worldgen/DEBUG] [mixin/]: Mixing perf.worldgen_allocation.SurfaceRulesContextMixin from modernfix-modernfix.mixins.json into net.minecraft.world.level.levelgen.SurfaceRules$Context
[15mai.2026 20:40:05.879] [worldgen/DEBUG] [mixin/]: modernfix-modernfix.mixins.json:perf.worldgen_allocation.SurfaceRulesContextMixin from mod modernfix: Class version 69 required is higher than the class version supported by the current version of Mixin (JAVA_21 supports class version 65)
[15mai.2026 20:40:05.893] [worldgen/DEBUG] [mixin/]: Mixing perf.worldgen_allocation.SurfaceRulesMixin from modernfix-modernfix.mixins.json into net.minecraft.world.level.levelgen.SurfaceRules$VerticalGradientConditionSource$1VerticalGradientCondition
[15mai.2026 20:40:05.893] [worldgen/DEBUG] [mixin/]: modernfix-modernfix.mixins.json:perf.worldgen_allocation.SurfaceRulesMixin from mod modernfix: Class version 69 required is higher than the class version supported by the current version of Mixin (JAVA_21 supports class version 65)
[15mai.2026 20:40:05.894] [worldgen/DEBUG] [mixin/]: Mixing perf.worldgen_allocation.SurfaceRulesMixin from modernfix-modernfix.mixins.json into net.minecraft.world.level.levelgen.SurfaceRules$StoneDepthCheck$1StoneDepthCondition
[15mai.2026 20:40:05.894] [worldgen/DEBUG] [mixin/]: modernfix-modernfix.mixins.json:perf.worldgen_allocation.SurfaceRulesMixin from mod modernfix: Class version 69 required is higher than the class version supported by the current version of Mixin (JAVA_21 supports class version 65)
[15mai.2026 20:40:05.895] [worldgen/DEBUG] [mixin/]: Mixing perf.worldgen_allocation.SurfaceRulesMixin from modernfix-modernfix.mixins.json into net.minecraft.world.level.levelgen.SurfaceRules$YConditionSource$1YCondition
[15mai.2026 20:40:05.895] [worldgen/DEBUG] [mixin/]: modernfix-modernfix.mixins.json:perf.worldgen_allocation.SurfaceRulesMixin from mod modernfix: Class version 69 required is higher than the class version supported by the current version of Mixin (JAVA_21 supports class version 65)
[15mai.2026 20:40:05.896] [worldgen/DEBUG] [mixin/]: Mixing perf.worldgen_allocation.SurfaceRulesMixin from modernfix-modernfix.mixins.json into net.minecraft.world.level.levelgen.SurfaceRules$WaterConditionSource$1WaterCondition
[15mai.2026 20:40:05.896] [worldgen/DEBUG] [mixin/]: modernfix-modernfix.mixins.json:perf.worldgen_allocation.SurfaceRulesMixin from mod modernfix: Class version 69 required is higher than the class version supported by the current version of Mixin (JAVA_21 supports class version 65)
[15mai.2026 20:40:05.896] [worldgen/DEBUG] [mixin/]: Mixing perf.worldgen_allocation.SequenceRuleMixin from modernfix-modernfix.mixins.json into net.minecraft.world.level.levelgen.SurfaceRules$SequenceRule
[15mai.2026 20:40:05.896] [worldgen/DEBUG] [mixin/]: modernfix-modernfix.mixins.json:perf.worldgen_allocation.SequenceRuleMixin from mod modernfix: Class version 69 required is higher than the class version supported by the current version of Mixin (JAVA_21 supports class version 65)
[15mai.2026 20:40:05.899] [worldgen/DEBUG] [mixin/]: Mixing perf.worldgen_allocation.SurfaceRulesMixin from modernfix-modernfix.mixins.json into net.minecraft.world.level.levelgen.SurfaceRules$BiomeConditionSource$1BiomeCondition
[15mai.2026 20:40:05.899] [worldgen/DEBUG] [mixin/]: modernfix-modernfix.mixins.json:perf.worldgen_allocation.SurfaceRulesMixin from mod modernfix: Class version 69 required is higher than the class version supported by the current version of Mixin (JAVA_21 supports class version 65)
[15mai.2026 20:40:06.441] [Server thread/DEBUG] [mixin/]: Mixing perf.compact_imposterprotochunks.ImposterProtoChunkMixin from modernfix-modernfix.mixins.json into net.minecraft.world.level.chunk.ImposterProtoChunk
[15mai.2026 20:40:06.441] [Server thread/DEBUG] [mixin/]: modernfix-modernfix.mixins.json:perf.compact_imposterprotochunks.ImposterProtoChunkMixin from mod modernfix: Class version 69 required is higher than the class version supported by the current version of Mixin (JAVA_21 supports class version 65)
[15mai.2026 20:40:06.441] [Server thread/DEBUG] [mixin/]: modernfix-modernfix.mixins.json:perf.compact_imposterprotochunks.ImposterProtoChunkMixin from mod modernfix->@Inject::replaceDuplicateObjects(Lnet/minecraft/world/level/chunk/LevelChunk;ZLorg/spongepowered/asm/mixin/injection/callback/CallbackInfo;)V doesn't use it's CallbackInfo
[15mai.2026 20:40:06.441] [Server thread/DEBUG] [mixin/]: modernfix-modernfix.mixins.json:perf.compact_imposterprotochunks.ImposterProtoChunkMixin from mod modernfix->@Inject::replaceDuplicateObjects(Lnet/minecraft/world/level/chunk/LevelChunk;ZLorg/spongepowered/asm/mixin/injection/callback/CallbackInfo;)V has 0 override(s) in child classes
[15mai.2026 20:40:06.441] [Server thread/DEBUG] [mixin/]: modernfix-modernfix.mixins.json:perf.compact_imposterprotochunks.ImposterProtoChunkMixin from mod modernfix->@Inject::replaceDuplicateObjects(Lnet/minecraft/world/level/chunk/LevelChunk;ZLorg/spongepowered/asm/mixin/injection/callback/CallbackInfo;)V won't be passed a CallbackInfo as a result
[15mai.2026 20:40:06.466] [Server thread/DEBUG] [mixin/]: Mixing util.world_border_listener.WorldBorderMixin from lithium.mixins.json into net.minecraft.world.level.border.WorldBorder
[15mai.2026 20:40:06.466] [Server thread/DEBUG] [mixin/]: lithium.mixins.json:util.world_border_listener.WorldBorderMixin from mod lithium: Class version 69 required is higher than the class version supported by the current version of Mixin (JAVA_21 supports class version 65)
[15mai.2026 20:40:06.467] [Server thread/DEBUG] [mixin/]: lithium.mixins.json:util.world_border_listener.WorldBorderMixin from mod lithium->@Inject::registerSimpleWorldBorderListenerMulti(Lorg/spongepowered/asm/mixin/injection/callback/CallbackInfo;)V doesn't use it's CallbackInfo
[15mai.2026 20:40:06.467] [Server thread/DEBUG] [mixin/]: lithium.mixins.json:util.world_border_listener.WorldBorderMixin from mod lithium->@Inject::registerSimpleWorldBorderListenerMulti(Lorg/spongepowered/asm/mixin/injection/callback/CallbackInfo;)V has 0 override(s) in child classes
[15mai.2026 20:40:06.467] [Server thread/DEBUG] [mixin/]: lithium.mixins.json:util.world_border_listener.WorldBorderMixin from mod lithium->@Inject::registerSimpleWorldBorderListenerMulti(Lorg/spongepowered/asm/mixin/injection/callback/CallbackInfo;)V won't be passed a CallbackInfo as a result
[15mai.2026 20:40:06.467] [Server thread/DEBUG] [mixin/]: lithium.mixins.json:util.world_border_listener.WorldBorderMixin from mod lithium->@Inject::addSimpleListenerOnce(Lnet/minecraft/world/level/border/BorderChangeListener;Lorg/spongepowered/asm/mixin/injection/callback/CallbackInfo;)V does use it's CallbackInfo
[15mai.2026 20:40:06.483] [Server thread/INFO] [net.threetag.palladium.Palladium/]: Successfully generated documentation file: texture_transformers.html
[15mai.2026 20:40:06.484] [Server thread/INFO] [net.threetag.palladium.Palladium/]: Successfully generated documentation file: dynamic_textures.html
[15mai.2026 20:40:06.485] [Server thread/ERROR] [net.threetag.palladium.Palladium/]: No documentation entry overrides found for palladium:render_layers/palladium:render_layer
[15mai.2026 20:40:06.485] [Server thread/ERROR] [net.threetag.palladium.Palladium/]: No documentation entry hidden_model_parts found for palladium:render_layers/palladium:render_layer
[15mai.2026 20:40:06.485] [Server thread/ERROR] [net.threetag.palladium.Palladium/]: No documentation entry hidden_model_parts found for palladium:render_layers/palladium:compound
[15mai.2026 20:40:06.485] [Server thread/ERROR] [net.threetag.palladium.Palladium/]: No documentation entry hidden_model_parts found for palladium:render_layers/palladium:lightning_sparks
[15mai.2026 20:40:06.485] [Server thread/ERROR] [net.threetag.palladium.Palladium/]: No documentation entry hidden_model_parts found for palladium:render_layers/palladium:block_on_head
[15mai.2026 20:40:06.485] [Server thread/ERROR] [net.threetag.palladium.Palladium/]: No documentation entry hidden_model_parts found for palladium:render_layers/palladium:vibration
[15mai.2026 20:40:06.486] [Server thread/INFO] [net.threetag.palladium.Palladium/]: Successfully generated documentation file: render_layers.html
[15mai.2026 20:40:06.487] [Server thread/INFO] [net.threetag.palladium.Palladium/]: Successfully generated documentation file: beams.html
[15mai.2026 20:40:06.488] [Server thread/INFO] [net.threetag.palladium.Palladium/]: Successfully generated documentation file: trails.html
[15mai.2026 20:40:06.489] [Server thread/INFO] [net.threetag.palladium.Palladium/]: Successfully generated documentation file: layouts.html
[15mai.2026 20:40:06.491] [Server thread/INFO] [net.threetag.palladium.Palladium/]: Successfully generated documentation file: components.html
[15mai.2026 20:40:06.492] [Server thread/INFO] [net.threetag.palladium.Palladium/]: Successfully generated documentation file: backgrounds.html
[15mai.2026 20:40:06.502] [Server thread/ERROR] [net.threetag.palladium.Palladium/]: No documentation entry objective found for palladium:value_serializer/palladium:score
[15mai.2026 20:40:06.508] [Server thread/INFO] [net.threetag.palladium.Palladium/]: Successfully generated documentation file: value_serializer.html
[15mai.2026 20:40:06.512] [Server thread/ERROR] [net.threetag.palladium.Palladium/]: No documentation entry modifier found for palladium:ability_serializer/palladium:attribute_modifier
[15mai.2026 20:40:06.512] [Server thread/ERROR] [net.threetag.palladium.Palladium/]: No documentation entry modifiers found for palladium:ability_serializer/palladium:attribute_modifier
[15mai.2026 20:40:06.515] [Server thread/INFO] [net.threetag.palladium.Palladium/]: Successfully generated documentation file: ability_serializer.html
[15mai.2026 20:40:06.520] [Server thread/ERROR] [net.threetag.palladium.Palladium/]: No documentation entry molang found for palladium:condition_serializer/palladium:molang
[15mai.2026 20:40:06.521] [Server thread/ERROR] [net.threetag.palladium.Palladium/]: No documentation entry fallback found for palladium:condition_serializer/palladium:number_data_attachment
[15mai.2026 20:40:06.528] [Server thread/INFO] [net.threetag.palladium.Palladium/]: Successfully generated documentation file: condition_serializer.html
[15mai.2026 20:40:06.531] [Server thread/INFO] [net.threetag.palladium.Palladium/]: Successfully generated documentation file: flight_type_serializer.html
[15mai.2026 20:40:06.532] [Server thread/INFO] [net.threetag.palladium.Palladium/]: Successfully generated documentation file: icon_serializer.html
[15mai.2026 20:40:06.558] [Server thread/DEBUG] [mixin/]: Mixing block_pattern_matching.BlockPatternMixin from lithium.mixins.json into net.minecraft.world.level.block.state.pattern.BlockPattern
[15mai.2026 20:40:06.558] [Server thread/DEBUG] [mixin/]: lithium.mixins.json:block_pattern_matching.BlockPatternMixin from mod lithium: Class version 69 required is higher than the class version supported by the current version of Mixin (JAVA_21 supports class version 65)
[15mai.2026 20:40:06.559] [Server thread/DEBUG] [mixin/]: lithium.mixins.json:block_pattern_matching.BlockPatternMixin from mod lithium->@Inject::countRequiredBlocksBeforeExpensiveSearch(Lnet/minecraft/world/level/LevelReader;Lnet/minecraft/core/BlockPos;Lorg/spongepowered/asm/mixin/injection/callback/CallbackInfoReturnable;)V does use it's CallbackInfoReturnable
[15mai.2026 20:40:06.566] [Server thread/DEBUG] [mixin/]: Mixing entity.collisions.unpushable_cramming.EntitySelectorMixin from lithium.mixins.json into net.minecraft.world.entity.EntitySelector
[15mai.2026 20:40:06.566] [Server thread/DEBUG] [mixin/]: lithium.mixins.json:entity.collisions.unpushable_cramming.EntitySelectorMixin from mod lithium: Class version 69 required is higher than the class version supported by the current version of Mixin (JAVA_21 supports class version 65)
[15mai.2026 20:40:06.573] [Server thread/INFO] [net.threetag.palladium.Palladium/]: Successfully generated documentation file: texture_transformers.html
[15mai.2026 20:40:06.574] [Server thread/INFO] [net.threetag.palladium.Palladium/]: Successfully generated documentation file: dynamic_textures.html
[15mai.2026 20:40:06.575] [Server thread/ERROR] [net.threetag.palladium.Palladium/]: No documentation entry overrides found for palladium:render_layers/palladium:render_layer
[15mai.2026 20:40:06.575] [Server thread/ERROR] [net.threetag.palladium.Palladium/]: No documentation entry hidden_model_parts found for palladium:render_layers/palladium:render_layer
[15mai.2026 20:40:06.575] [Server thread/ERROR] [net.threetag.palladium.Palladium/]: No documentation entry hidden_model_parts found for palladium:render_layers/palladium:compound
[15mai.2026 20:40:06.575] [Server thread/ERROR] [net.threetag.palladium.Palladium/]: No documentation entry hidden_model_parts found for palladium:render_layers/palladium:lightning_sparks
[15mai.2026 20:40:06.575] [Server thread/ERROR] [net.threetag.palladium.Palladium/]: No documentation entry hidden_model_parts found for palladium:render_layers/palladium:block_on_head
[15mai.2026 20:40:06.575] [Server thread/ERROR] [net.threetag.palladium.Palladium/]: No documentation entry hidden_model_parts found for palladium:render_layers/palladium:vibration
[15mai.2026 20:40:06.577] [Server thread/INFO] [net.threetag.palladium.Palladium/]: Successfully generated documentation file: render_layers.html
[15mai.2026 20:40:06.578] [Server thread/INFO] [net.threetag.palladium.Palladium/]: Successfully generated documentation file: beams.html
[15mai.2026 20:40:06.579] [Server thread/INFO] [net.threetag.palladium.Palladium/]: Successfully generated documentation file: trails.html
[15mai.2026 20:40:06.579] [Server thread/INFO] [net.threetag.palladium.Palladium/]: Successfully generated documentation file: layouts.html
[15mai.2026 20:40:06.580] [Server thread/INFO] [net.threetag.palladium.Palladium/]: Successfully generated documentation file: components.html
[15mai.2026 20:40:06.581] [Server thread/INFO] [net.threetag.palladium.Palladium/]: Successfully generated documentation file: backgrounds.html
[15mai.2026 20:40:06.591] [Server thread/ERROR] [net.threetag.palladium.Palladium/]: No documentation entry objective found for palladium:value_serializer/palladium:score
[15mai.2026 20:40:06.596] [Server thread/INFO] [net.threetag.palladium.Palladium/]: Successfully generated documentation file: value_serializer.html
[15mai.2026 20:40:06.598] [Server thread/ERROR] [net.threetag.palladium.Palladium/]: No documentation entry modifier found for palladium:ability_serializer/palladium:attribute_modifier
[15mai.2026 20:40:06.598] [Server thread/ERROR] [net.threetag.palladium.Palladium/]: No documentation entry modifiers found for palladium:ability_serializer/palladium:attribute_modifier
[15mai.2026 20:40:06.600] [Server thread/INFO] [net.threetag.palladium.Palladium/]: Successfully generated documentation file: ability_serializer.html
[15mai.2026 20:40:06.603] [Server thread/ERROR] [net.threetag.palladium.Palladium/]: No documentation entry molang found for palladium:condition_serializer/palladium:molang
[15mai.2026 20:40:06.604] [Server thread/ERROR] [net.threetag.palladium.Palladium/]: No documentation entry fallback found for palladium:condition_serializer/palladium:number_data_attachment
[15mai.2026 20:40:06.606] [Server thread/INFO] [net.threetag.palladium.Palladium/]: Successfully generated documentation file: condition_serializer.html
[15mai.2026 20:40:06.607] [Server thread/INFO] [net.threetag.palladium.Palladium/]: Successfully generated documentation file: flight_type_serializer.html
[15mai.2026 20:40:06.609] [Server thread/INFO] [net.threetag.palladium.Palladium/]: Successfully generated documentation file: icon_serializer.html
[15mai.2026 20:40:06.623] [Server thread/INFO] [net.minecraft.server.level.progress.LoggingLevelLoadListener/]: Loading 0 persistent chunks...
[15mai.2026 20:40:06.623] [Server thread/INFO] [net.minecraft.server.level.progress.LoggingLevelLoadListener/]: Preparing spawn area: 16%
[15mai.2026 20:40:06.625] [Server thread/INFO] [net.minecraft.server.MinecraftServer/]: Saving chunks for level 'ServerLevel[New World]'/minecraft:overworld
[15mai.2026 20:40:06.697] [Server thread/INFO] [net.minecraft.server.MinecraftServer/]: Saving chunks for level 'ServerLevel[New World]'/minecraft:the_nether
[15mai.2026 20:40:06.728] [Server thread/INFO] [net.minecraft.server.MinecraftServer/]: Saving chunks for level 'ServerLevel[New World]'/minecraft:the_end
[15mai.2026 20:40:06.756] [Server thread/DEBUG] [net.neoforged.neoforge.common.CommonHooks/WP]: Gathered mod list to write to world save New World
[15mai.2026 20:40:06.808] [Server thread/INFO] [net.minecraft.server.MinecraftServer/]: ThreadedAnvilChunkStorage (world): All chunks are saved
[15mai.2026 20:40:06.808] [Server thread/INFO] [net.minecraft.server.MinecraftServer/]: ThreadedAnvilChunkStorage (DIM-1): All chunks are saved
[15mai.2026 20:40:06.808] [Server thread/INFO] [net.minecraft.server.MinecraftServer/]: ThreadedAnvilChunkStorage (DIM1): All chunks are saved
[15mai.2026 20:40:06.808] [Server thread/INFO] [net.minecraft.server.MinecraftServer/]: ThreadedAnvilChunkStorage: All dimensions are saved
[15mai.2026 20:40:06.811] [Server thread/INFO] [net.neoforged.neoforge.server.permission.PermissionAPI/]: Successfully initialized permission handler neoforge:default_handler
[15mai.2026 20:40:06.839] [Server thread/DEBUG] [mixin/]: Mixing alloc.entity_iteration.EntitySectionMixin from lithium.mixins.json into net.minecraft.world.level.entity.EntitySection
[15mai.2026 20:40:06.840] [Server thread/DEBUG] [mixin/]: lithium.mixins.json:alloc.entity_iteration.EntitySectionMixin from mod lithium: Class version 69 required is higher than the class version supported by the current version of Mixin (JAVA_21 supports class version 65)
[15mai.2026 20:40:06.840] [Server thread/DEBUG] [mixin/]: Mixing block.hopper.EntitySectionAccessor from lithium.mixins.json into net.minecraft.world.level.entity.EntitySection
[15mai.2026 20:40:06.840] [Server thread/DEBUG] [mixin/]: lithium.mixins.json:block.hopper.EntitySectionAccessor from mod lithium: Class version 69 required is higher than the class version supported by the current version of Mixin (JAVA_21 supports class version 65)
[15mai.2026 20:40:06.840] [Server thread/DEBUG] [mixin/]: Mixing entity.collisions.unpushable_cramming.EntitySectionMixin from lithium.mixins.json into net.minecraft.world.level.entity.EntitySection
[15mai.2026 20:40:06.840] [Server thread/DEBUG] [mixin/]: lithium.mixins.json:entity.collisions.unpushable_cramming.EntitySectionMixin from mod lithium: Class version 69 required is higher than the class version supported by the current version of Mixin (JAVA_21 supports class version 65)
[15mai.2026 20:40:06.840] [Server thread/DEBUG] [mixin/]: Mixing minimal_nonvanilla.spawning.EntitySectionAccessor from lithium.mixins.json into net.minecraft.world.level.entity.EntitySection
[15mai.2026 20:40:06.841] [Server thread/DEBUG] [mixin/]: lithium.mixins.json:minimal_nonvanilla.spawning.EntitySectionAccessor from mod lithium: Class version 69 required is higher than the class version supported by the current version of Mixin (JAVA_21 supports class version 65)
[15mai.2026 20:40:06.841] [Server thread/DEBUG] [mixin/]: Mixing util.accessors.EntitySectionAccessor from lithium.mixins.json into net.minecraft.world.level.entity.EntitySection
[15mai.2026 20:40:06.841] [Server thread/DEBUG] [mixin/]: lithium.mixins.json:util.accessors.EntitySectionAccessor from mod lithium: Class version 69 required is higher than the class version supported by the current version of Mixin (JAVA_21 supports class version 65)
[15mai.2026 20:40:06.841] [Server thread/DEBUG] [mixin/]: Mixing util.entity_movement_tracking.EntitySectionMixin from lithium.mixins.json into net.minecraft.world.level.entity.EntitySection
[15mai.2026 20:40:06.841] [Server thread/DEBUG] [mixin/]: lithium.mixins.json:util.entity_movement_tracking.EntitySectionMixin from mod lithium: Class version 69 required is higher than the class version supported by the current version of Mixin (JAVA_21 supports class version 65)
[15mai.2026 20:40:06.841] [Server thread/DEBUG] [mixin/]: Mixing util.entity_section_position.EntitySectionMixin from lithium.mixins.json into net.minecraft.world.level.entity.EntitySection
[15mai.2026 20:40:06.841] [Server thread/DEBUG] [mixin/]: lithium.mixins.json:util.entity_section_position.EntitySectionMixin from mod lithium: Class version 69 required is higher than the class version supported by the current version of Mixin (JAVA_21 supports class version 65)
[15mai.2026 20:40:06.843] [Server thread/DEBUG] [mixin/]: lithium.mixins.json:entity.collisions.unpushable_cramming.EntitySectionMixin from mod lithium->@Inject::onEntityAdded(Lnet/minecraft/world/level/entity/EntityAccess;Lorg/spongepowered/asm/mixin/injection/callback/CallbackInfo;)V doesn't use it's CallbackInfo
[15mai.2026 20:40:06.843] [Server thread/DEBUG] [mixin/]: lithium.mixins.json:entity.collisions.unpushable_cramming.EntitySectionMixin from mod lithium->@Inject::onEntityAdded(Lnet/minecraft/world/level/entity/EntityAccess;Lorg/spongepowered/asm/mixin/injection/callback/CallbackInfo;)V has 0 override(s) in child classes
[15mai.2026 20:40:06.843] [Server thread/DEBUG] [mixin/]: lithium.mixins.json:entity.collisions.unpushable_cramming.EntitySectionMixin from mod lithium->@Inject::onEntityAdded(Lnet/minecraft/world/level/entity/EntityAccess;Lorg/spongepowered/asm/mixin/injection/callback/CallbackInfo;)V won't be passed a CallbackInfo as a result
[15mai.2026 20:40:06.843] [Server thread/DEBUG] [mixin/]: lithium.mixins.json:entity.collisions.unpushable_cramming.EntitySectionMixin from mod lithium->@Inject::onEntityRemoved(Lnet/minecraft/world/level/entity/EntityAccess;Lorg/spongepowered/asm/mixin/injection/callback/CallbackInfoReturnable;)V doesn't use it's CallbackInfoReturnable
[15mai.2026 20:40:06.843] [Server thread/DEBUG] [mixin/]: lithium.mixins.json:entity.collisions.unpushable_cramming.EntitySectionMixin from mod lithium->@Inject::onEntityRemoved(Lnet/minecraft/world/level/entity/EntityAccess;Lorg/spongepowered/asm/mixin/injection/callback/CallbackInfoReturnable;)V has 0 override(s) in child classes
[15mai.2026 20:40:06.843] [Server thread/DEBUG] [mixin/]: lithium.mixins.json:entity.collisions.unpushable_cramming.EntitySectionMixin from mod lithium->@Inject::onEntityRemoved(Lnet/minecraft/world/level/entity/EntityAccess;Lorg/spongepowered/asm/mixin/injection/callback/CallbackInfoReturnable;)V won't be passed a CallbackInfoReturnable as a result
[15mai.2026 20:40:06.843] [Server thread/DEBUG] [mixin/]: Unexpected: Registered method getCollection()Lnet/minecraft/util/ClassInstanceMultiMap; in net.minecraft.world.level.entity.EntitySection was not merged
[15mai.2026 20:40:06.844] [Server thread/DEBUG] [mixin/]: Unexpected: Registered method getCollection()Lnet/minecraft/util/ClassInstanceMultiMap; in net.minecraft.world.level.entity.EntitySection was not merged
[15mai.2026 20:40:06.953] [Render thread/DEBUG] [io.netty.channel.MultithreadEventLoopGroup/]: -Dio.netty.eventLoopThreads: 32
[15mai.2026 20:40:06.969] [Render thread/DEBUG] [io.netty.util.concurrent.GlobalEventExecutor/]: -Dio.netty.globalEventExecutor.quietPeriodSeconds: 1
[15mai.2026 20:40:06.986] [Render thread/DEBUG] [io.netty.util.internal.PlatformDependent/]: org.jctools-core.MpscChunkedArrayQueue: available
[15mai.2026 20:40:07.004] [Render thread/DEBUG] [io.netty.channel.DefaultChannelId/]: -Dio.netty.processId: 9548 (auto-detected)
[15mai.2026 20:40:07.005] [Render thread/DEBUG] [io.netty.util.NetUtil/]: -Djava.net.preferIPv4Stack: false
[15mai.2026 20:40:07.005] [Render thread/DEBUG] [io.netty.util.NetUtil/]: -Djava.net.preferIPv6Addresses: system
[15mai.2026 20:40:07.008] [Render thread/DEBUG] [io.netty.util.NetUtilInitializations/]: Loopback interface: loopback_0 (Software Loopback Interface 1, 0:0:0:0:0:0:0:1)
[15mai.2026 20:40:07.009] [Render thread/DEBUG] [io.netty.util.NetUtil/]: Failed to get SOMAXCONN from sysctl and file \proc\sys\net\core\somaxconn. Default: 200
[15mai.2026 20:40:07.011] [Render thread/DEBUG] [io.netty.channel.DefaultChannelId/]: -Dio.netty.machineId: 74:56:3c:ff:fe:f2:ab:c5 (auto-detected)
[15mai.2026 20:40:07.042] [Render thread/DEBUG] [io.netty.bootstrap.ChannelInitializerExtensions/]: -Dio.netty.bootstrap.extensions: null
[15mai.2026 20:40:07.117] [Render thread/INFO] [dynamic_fps/]: State changed from FOCUSED to HOVERED.
[15mai.2026 20:40:07.125] [Render thread/INFO] [dynamic_fps/]: State changed from HOVERED to UNFOCUSED.
[15mai.2026 20:40:07.207] [Netty Local IO #0/DEBUG] [mixin/]: Mixing perf.encoder_cache_leak.ClientConfigurationPacketListenerImplMixin from modernfix-modernfix.mixins.json into net.minecraft.client.multiplayer.ClientConfigurationPacketListenerImpl
[15mai.2026 20:40:07.208] [Netty Local IO #0/DEBUG] [mixin/]: modernfix-modernfix.mixins.json:perf.encoder_cache_leak.ClientConfigurationPacketListenerImplMixin from mod modernfix: Class version 69 required is higher than the class version supported by the current version of Mixin (JAVA_21 supports class version 65)
[15mai.2026 20:40:07.209] [Netty Local IO #0/DEBUG] [mixin/]: modernfix-modernfix.mixins.json:perf.encoder_cache_leak.ClientConfigurationPacketListenerImplMixin from mod modernfix->@Inject::resetEncoderCache(Lorg/spongepowered/asm/mixin/injection/callback/CallbackInfo;)V doesn't use it's CallbackInfo
[15mai.2026 20:40:07.209] [Netty Local IO #0/DEBUG] [mixin/]: modernfix-modernfix.mixins.json:perf.encoder_cache_leak.ClientConfigurationPacketListenerImplMixin from mod modernfix->@Inject::resetEncoderCache(Lorg/spongepowered/asm/mixin/injection/callback/CallbackInfo;)V has 0 override(s) in child classes
[15mai.2026 20:40:07.209] [Netty Local IO #0/DEBUG] [mixin/]: modernfix-modernfix.mixins.json:perf.encoder_cache_leak.ClientConfigurationPacketListenerImplMixin from mod modernfix->@Inject::resetEncoderCache(Lorg/spongepowered/asm/mixin/injection/callback/CallbackInfo;)V won't be passed a CallbackInfo as a result
[15mai.2026 20:40:07.223] [Netty Local IO #1/DEBUG] [mixin/]: Mixing ServerCommonPacketListenerImplMixin from palladium.mixins.json into net.minecraft.server.network.ServerCommonPacketListenerImpl
[15mai.2026 20:40:07.223] [Netty Local IO #1/DEBUG] [mixin/]: palladium.mixins.json:ServerCommonPacketListenerImplMixin from mod palladium->@Inject::handleCustomClickAction(Lnet/minecraft/network/protocol/common/ServerboundCustomClickActionPacket;Lorg/spongepowered/asm/mixin/injection/callback/CallbackInfo;)V does use it's CallbackInfo
[15mai.2026 20:40:07.250] [Netty Local IO #1/DEBUG] [net.neoforged.neoforge.network.filters.NetworkFilters/]: Injected net.neoforged.neoforge.network.filters.GenericPacketSplitter@188e5f22 into net.minecraft.network.Connection@a4b4dc2
[15mai.2026 20:40:07.261] [Netty Local IO #0/DEBUG] [net.neoforged.neoforge.network.filters.NetworkFilters/]: Injected net.neoforged.neoforge.network.filters.GenericPacketSplitter@41cd8024 into net.minecraft.network.Connection@1730c97f
[15mai.2026 20:40:07.891] [Server thread/DEBUG] [mixin/]: Mixing alloc.entity_iteration.ClassInstanceMultiMapAccessor from lithium.mixins.json into net.minecraft.util.ClassInstanceMultiMap
[15mai.2026 20:40:07.891] [Server thread/DEBUG] [mixin/]: lithium.mixins.json:alloc.entity_iteration.ClassInstanceMultiMapAccessor from mod lithium: Class version 69 required is higher than the class version supported by the current version of Mixin (JAVA_21 supports class version 65)
[15mai.2026 20:40:07.891] [Server thread/DEBUG] [mixin/]: Mixing chunk.entity_class_groups.ClassInstanceMultiMapMixin from lithium.mixins.json into net.minecraft.util.ClassInstanceMultiMap
[15mai.2026 20:40:07.891] [Server thread/DEBUG] [mixin/]: lithium.mixins.json:chunk.entity_class_groups.ClassInstanceMultiMapMixin from mod lithium: Class version 69 required is higher than the class version supported by the current version of Mixin (JAVA_21 supports class version 65)
[15mai.2026 20:40:07.891] [Server thread/DEBUG] [mixin/]: Mixing collections.entity_by_type.ClassInstanceMultiMapMixin from lithium.mixins.json into net.minecraft.util.ClassInstanceMultiMap
[15mai.2026 20:40:07.891] [Server thread/DEBUG] [mixin/]: lithium.mixins.json:collections.entity_by_type.ClassInstanceMultiMapMixin from mod lithium: Class version 69 required is higher than the class version supported by the current version of Mixin (JAVA_21 supports class version 65)
[15mai.2026 20:40:07.891] [Server thread/DEBUG] [mixin/]: Mixing collections.entity_filtering.ClassInstanceMultiMapMixin from lithium.mixins.json into net.minecraft.util.ClassInstanceMultiMap
[15mai.2026 20:40:07.891] [Server thread/DEBUG] [mixin/]: lithium.mixins.json:collections.entity_filtering.ClassInstanceMultiMapMixin from mod lithium: Class version 69 required is higher than the class version supported by the current version of Mixin (JAVA_21 supports class version 65)
[15mai.2026 20:40:07.891] [Server thread/DEBUG] [mixin/]: Mixing util.entity_collection_replacement.ClassInstanceMultiMapMixin from lithium.mixins.json into net.minecraft.util.ClassInstanceMultiMap
[15mai.2026 20:40:07.891] [Server thread/DEBUG] [mixin/]: lithium.mixins.json:util.entity_collection_replacement.ClassInstanceMultiMapMixin from mod lithium: Class version 69 required is higher than the class version supported by the current version of Mixin (JAVA_21 supports class version 65)
[15mai.2026 20:40:07.892] [Server thread/DEBUG] [mixin/]: Mixing block.hopper.ClassInstanceMultiMapMixin from lithium.mixins.json into net.minecraft.util.ClassInstanceMultiMap
[15mai.2026 20:40:07.892] [Server thread/DEBUG] [mixin/]: lithium.mixins.json:block.hopper.ClassInstanceMultiMapMixin from mod lithium: Class version 69 required is higher than the class version supported by the current version of Mixin (JAVA_21 supports class version 65)
[15mai.2026 20:40:07.893] [Server thread/DEBUG] [mixin/]: lithium.mixins.json:collections.entity_by_type.ClassInstanceMultiMapMixin from mod lithium->@Inject::init(Ljava/lang/Class;Lorg/spongepowered/asm/mixin/injection/callback/CallbackInfo;)V doesn't use it's CallbackInfo
[15mai.2026 20:40:07.893] [Server thread/DEBUG] [mixin/]: lithium.mixins.json:collections.entity_by_type.ClassInstanceMultiMapMixin from mod lithium->@Inject::init(Ljava/lang/Class;Lorg/spongepowered/asm/mixin/injection/callback/CallbackInfo;)V has 0 override(s) in child classes
[15mai.2026 20:40:07.893] [Server thread/DEBUG] [mixin/]: lithium.mixins.json:collections.entity_by_type.ClassInstanceMultiMapMixin from mod lithium->@Inject::init(Ljava/lang/Class;Lorg/spongepowered/asm/mixin/injection/callback/CallbackInfo;)V won't be passed a CallbackInfo as a result
[15mai.2026 20:40:07.948] [Server thread/INFO] [net.minecraft.server.level.progress.LoggingLevelLoadListener/]: Loading 46 chunks for player spawn...
[15mai.2026 20:40:07.949] [Server thread/INFO] [net.minecraft.server.level.progress.LoggingLevelLoadListener/]: Preparing spawn area: 16%
[15mai.2026 20:40:07.982] [Server thread/INFO] [net.minecraft.server.level.progress.LoggingLevelLoadListener/]: Preparing spawn area: 16%
[15mai.2026 20:40:08.032] [Server thread/INFO] [net.minecraft.server.level.progress.LoggingLevelLoadListener/]: Preparing spawn area: 16%
[15mai.2026 20:40:08.082] [Server thread/INFO] [net.minecraft.server.level.progress.LoggingLevelLoadListener/]: Preparing spawn area: 16%
[15mai.2026 20:40:08.132] [Server thread/INFO] [net.minecraft.server.level.progress.LoggingLevelLoadListener/]: Preparing spawn area: 16%
[15mai.2026 20:40:08.182] [Server thread/INFO] [net.minecraft.server.level.progress.LoggingLevelLoadListener/]: Preparing spawn area: 16%
[15mai.2026 20:40:08.232] [Server thread/INFO] [net.minecraft.server.level.progress.LoggingLevelLoadListener/]: Preparing spawn area: 16%
[15mai.2026 20:40:08.532] [Server thread/INFO] [net.minecraft.server.level.progress.LoggingLevelLoadListener/]: Preparing spawn area: 16%
[15mai.2026 20:40:09.032] [Server thread/INFO] [net.minecraft.server.level.progress.LoggingLevelLoadListener/]: Preparing spawn area: 27%
[15mai.2026 20:40:09.533] [Server thread/INFO] [net.minecraft.server.level.progress.LoggingLevelLoadListener/]: Preparing spawn area: 56%
[15mai.2026 20:40:10.031] [Server thread/INFO] [net.minecraft.server.level.progress.LoggingLevelLoadListener/]: Preparing spawn area: 56%
[15mai.2026 20:40:10.215] [Server thread/DEBUG] [mixin/]: Mixing util.entity_movement_tracking.ServerEntityManagerListenerMixin from lithium.mixins.json into net.minecraft.world.level.entity.PersistentEntitySectionManager$Callback
[15mai.2026 20:40:10.215] [Server thread/DEBUG] [mixin/]: lithium.mixins.json:util.entity_movement_tracking.ServerEntityManagerListenerMixin from mod lithium: Class version 69 required is higher than the class version supported by the current version of Mixin (JAVA_21 supports class version 65)
[15mai.2026 20:40:10.217] [Server thread/DEBUG] [mixin/]: lithium.mixins.json:util.entity_movement_tracking.ServerEntityManagerListenerMixin from mod lithium->@Inject::init(Lnet/minecraft/world/level/entity/PersistentEntitySectionManager;Lnet/minecraft/world/level/entity/EntityAccess;JLnet/minecraft/world/level/entity/EntitySection;Lorg/spongepowered/asm/mixin/injection/callback/CallbackInfo;)V doesn't use it's CallbackInfo
[15mai.2026 20:40:10.217] [Server thread/DEBUG] [mixin/]: lithium.mixins.json:util.entity_movement_tracking.ServerEntityManagerListenerMixin from mod lithium->@Inject::init(Lnet/minecraft/world/level/entity/PersistentEntitySectionManager;Lnet/minecraft/world/level/entity/EntityAccess;JLnet/minecraft/world/level/entity/EntitySection;Lorg/spongepowered/asm/mixin/injection/callback/CallbackInfo;)V has 0 override(s) in child classes
[15mai.2026 20:40:10.217] [Server thread/DEBUG] [mixin/]: lithium.mixins.json:util.entity_movement_tracking.ServerEntityManagerListenerMixin from mod lithium->@Inject::init(Lnet/minecraft/world/level/entity/PersistentEntitySectionManager;Lnet/minecraft/world/level/entity/EntityAccess;JLnet/minecraft/world/level/entity/EntitySection;Lorg/spongepowered/asm/mixin/injection/callback/CallbackInfo;)V won't be passed a CallbackInfo as a result
[15mai.2026 20:40:10.217] [Server thread/DEBUG] [mixin/]: lithium.mixins.json:util.entity_movement_tracking.ServerEntityManagerListenerMixin from mod lithium->@Inject::updateEntityTrackerEngine(Lorg/spongepowered/asm/mixin/injection/callback/CallbackInfo;)V doesn't use it's CallbackInfo
[15mai.2026 20:40:10.217] [Server thread/DEBUG] [mixin/]: lithium.mixins.json:util.entity_movement_tracking.ServerEntityManagerListenerMixin from mod lithium->@Inject::updateEntityTrackerEngine(Lorg/spongepowered/asm/mixin/injection/callback/CallbackInfo;)V has 0 override(s) in child classes
[15mai.2026 20:40:10.217] [Server thread/DEBUG] [mixin/]: lithium.mixins.json:util.entity_movement_tracking.ServerEntityManagerListenerMixin from mod lithium->@Inject::updateEntityTrackerEngine(Lorg/spongepowered/asm/mixin/injection/callback/CallbackInfo;)V won't be passed a CallbackInfo as a result
[15mai.2026 20:40:10.217] [Server thread/DEBUG] [mixin/]: lithium.mixins.json:util.entity_movement_tracking.ServerEntityManagerListenerMixin from mod lithium->@Inject::onAddEntity(Lorg/spongepowered/asm/mixin/injection/callback/CallbackInfo;)V doesn't use it's CallbackInfo
[15mai.2026 20:40:10.217] [Server thread/DEBUG] [mixin/]: lithium.mixins.json:util.entity_movement_tracking.ServerEntityManagerListenerMixin from mod lithium->@Inject::onAddEntity(Lorg/spongepowered/asm/mixin/injection/callback/CallbackInfo;)V has 0 override(s) in child classes
[15mai.2026 20:40:10.217] [Server thread/DEBUG] [mixin/]: lithium.mixins.json:util.entity_movement_tracking.ServerEntityManagerListenerMixin from mod lithium->@Inject::onAddEntity(Lorg/spongepowered/asm/mixin/injection/callback/CallbackInfo;)V won't be passed a CallbackInfo as a result
[15mai.2026 20:40:10.217] [Server thread/DEBUG] [mixin/]: lithium.mixins.json:util.entity_movement_tracking.ServerEntityManagerListenerMixin from mod lithium->@Inject::onRemoveEntity(Lnet/minecraft/world/entity/Entity$RemovalReason;Lorg/spongepowered/asm/mixin/injection/callback/CallbackInfo;)V doesn't use it's CallbackInfo
[15mai.2026 20:40:10.217] [Server thread/DEBUG] [mixin/]: lithium.mixins.json:util.entity_movement_tracking.ServerEntityManagerListenerMixin from mod lithium->@Inject::onRemoveEntity(Lnet/minecraft/world/entity/Entity$RemovalReason;Lorg/spongepowered/asm/mixin/injection/callback/CallbackInfo;)V has 0 override(s) in child classes
[15mai.2026 20:40:10.217] [Server thread/DEBUG] [mixin/]: lithium.mixins.json:util.entity_movement_tracking.ServerEntityManagerListenerMixin from mod lithium->@Inject::onRemoveEntity(Lnet/minecraft/world/entity/Entity$RemovalReason;Lorg/spongepowered/asm/mixin/injection/callback/CallbackInfo;)V won't be passed a CallbackInfo as a result
[15mai.2026 20:40:10.231] [Server thread/DEBUG] [mixin/]: Mixing alloc.entity_tracker.ChunkMap$TrackedEntityMixin from lithium.mixins.json into net.minecraft.server.level.ChunkMap$TrackedEntity
[15mai.2026 20:40:10.231] [Server thread/DEBUG] [mixin/]: lithium.mixins.json:alloc.entity_tracker.ChunkMap$TrackedEntityMixin from mod lithium: Class version 69 required is higher than the class version supported by the current version of Mixin (JAVA_21 supports class version 65)
[15mai.2026 20:40:10.282] [Server thread/INFO] [net.minecraft.server.level.progress.LoggingLevelLoadListener/]: Time elapsed: 5762 ms
[15mai.2026 20:40:10.478] [Render thread/DEBUG] [mixin/]: Mixing bugfix.recipe_book_type_desync.RecipeBookSettingsMixin from modernfix-modernfix.mixins.json into net.minecraft.stats.RecipeBookSettings
[15mai.2026 20:40:10.478] [Render thread/DEBUG] [mixin/]: modernfix-modernfix.mixins.json:bugfix.recipe_book_type_desync.RecipeBookSettingsMixin from mod modernfix: Class version 69 required is higher than the class version supported by the current version of Mixin (JAVA_21 supports class version 65)
[15mai.2026 20:40:10.519] [Render thread/DEBUG] [mixin/]: Mixing ClientPacketListenerMixin from chat_heads.mixins.json into net.minecraft.client.multiplayer.ClientPacketListener
[15mai.2026 20:40:10.521] [Render thread/DEBUG] [mixin/]: chat_heads.mixins.json:ClientPacketListenerMixin from mod chat_heads->@Inject::chatheads$captureSenderInfo(Lnet/minecraft/network/protocol/game/ClientboundPlayerChatPacket;Lorg/spongepowered/asm/mixin/injection/callback/CallbackInfo;)V doesn't use it's CallbackInfo
[15mai.2026 20:40:10.521] [Render thread/DEBUG] [mixin/]: chat_heads.mixins.json:ClientPacketListenerMixin from mod chat_heads->@Inject::chatheads$captureSenderInfo(Lnet/minecraft/network/protocol/game/ClientboundPlayerChatPacket;Lorg/spongepowered/asm/mixin/injection/callback/CallbackInfo;)V has 0 override(s) in child classes
[15mai.2026 20:40:10.521] [Render thread/DEBUG] [mixin/]: chat_heads.mixins.json:ClientPacketListenerMixin from mod chat_heads->@Inject::chatheads$captureSenderInfo(Lnet/minecraft/network/protocol/game/ClientboundPlayerChatPacket;Lorg/spongepowered/asm/mixin/injection/callback/CallbackInfo;)V won't be passed a CallbackInfo as a result
[15mai.2026 20:40:10.534] [Render thread/DEBUG] [mixin/]: Mixing client.KeyboardInputMixin from palladium.mixins.json into net.minecraft.client.player.KeyboardInput
[15mai.2026 20:40:10.536] [Render thread/DEBUG] [mixin/]: palladium.mixins.json:client.KeyboardInputMixin from mod palladium->@Inject::tickHead(Lorg/spongepowered/asm/mixin/injection/callback/CallbackInfo;)V doesn't use it's CallbackInfo
[15mai.2026 20:40:10.536] [Render thread/DEBUG] [mixin/]: palladium.mixins.json:client.KeyboardInputMixin from mod palladium->@Inject::tickHead(Lorg/spongepowered/asm/mixin/injection/callback/CallbackInfo;)V has 0 override(s) in child classes
[15mai.2026 20:40:10.536] [Render thread/DEBUG] [mixin/]: palladium.mixins.json:client.KeyboardInputMixin from mod palladium->@Inject::tickHead(Lorg/spongepowered/asm/mixin/injection/callback/CallbackInfo;)V won't be passed a CallbackInfo as a result
[15mai.2026 20:40:10.536] [Render thread/DEBUG] [mixin/]: palladium.mixins.json:client.KeyboardInputMixin from mod palladium->@Inject::tickReturn(Lorg/spongepowered/asm/mixin/injection/callback/CallbackInfo;)V doesn't use it's CallbackInfo
[15mai.2026 20:40:10.536] [Render thread/DEBUG] [mixin/]: palladium.mixins.json:client.KeyboardInputMixin from mod palladium->@Inject::tickReturn(Lorg/spongepowered/asm/mixin/injection/callback/CallbackInfo;)V has 0 override(s) in child classes
[15mai.2026 20:40:10.536] [Render thread/DEBUG] [mixin/]: palladium.mixins.json:client.KeyboardInputMixin from mod palladium->@Inject::tickReturn(Lorg/spongepowered/asm/mixin/injection/callback/CallbackInfo;)V won't be passed a CallbackInfo as a result
[15mai.2026 20:40:10.543] [Render thread/DEBUG] [mixin/]: Mixing perf.lazy_search_tree_registry.SessionSearchTreesMixin from modernfix-modernfix.mixins.json into net.minecraft.client.multiplayer.SessionSearchTrees
[15mai.2026 20:40:10.543] [Render thread/DEBUG] [mixin/]: modernfix-modernfix.mixins.json:perf.lazy_search_tree_registry.SessionSearchTreesMixin from mod modernfix: Class version 69 required is higher than the class version supported by the current version of Mixin (JAVA_21 supports class version 65)
[15mai.2026 20:40:10.581] [Render thread/DEBUG] [mezz.jei.neoforge.startup.StartEventObserver/]: JEI StartEventObserver received event: class net.neoforged.neoforge.event.TagsUpdatedEvent$ClientPacketReceived
[15mai.2026 20:40:10.633] [Netty Local IO #1/DEBUG] [net.neoforged.neoforge.network.filters.NetworkFilters/]: Injected net.neoforged.neoforge.network.filters.GenericPacketSplitter@799c2a53 into net.minecraft.network.Connection@a4b4dc2
[15mai.2026 20:40:10.644] [Server thread/DEBUG] [mixin/]: Mixing client.PlayerAnimationControllerMixin from palladium.mixins.json into com.zigythebird.playeranim.animation.PlayerAnimationController
[15mai.2026 20:40:10.695] [Server thread/INFO] [net.minecraft.server.players.PlayerList/]: Dev[local:E:71755972] logged in with entity id 4 at (112.5, 70.0, 113.5)
[15mai.2026 20:40:10.707] [Server thread/DEBUG] [mixin/]: Mixing PlayerChatMessageMixin from chat_heads.mixins.json into net.minecraft.network.chat.PlayerChatMessage
[15mai.2026 20:40:10.713] [Server thread/DEBUG] [net.neoforged.neoforge.common.CommonHooks/]: Sending 1612 recipes of the following types: [blasting, stonecutting, crafting, smelting, campfire_cooking, smithing, palladium:tailoring, smoking]
[15mai.2026 20:40:10.772] [Server thread/INFO] [net.minecraft.server.MinecraftServer/]: Dev joined the game
[15mai.2026 20:40:11.218] [Worker-Main-7/WARN] [net.threetag.palladium.Palladium/]: Was not able to read user's palladium data! (380df991-f603-344c-a090-369bad2a924a) Error while reading json: no player with that UUID
[15mai.2026 20:40:11.247] [Render thread/DEBUG] [mixin/]: Mixing util.accessors.TransientEntitySectionManagerAccessor from lithium.mixins.json into net.minecraft.world.level.entity.TransientEntitySectionManager
[15mai.2026 20:40:11.247] [Render thread/DEBUG] [mixin/]: lithium.mixins.json:util.accessors.TransientEntitySectionManagerAccessor from mod lithium: Class version 69 required is higher than the class version supported by the current version of Mixin (JAVA_21 supports class version 65)
[15mai.2026 20:40:11.280] [Render thread/INFO] [net.threetag.palladium.Palladium/]: Successfully generated documentation file: texture_transformers.html
[15mai.2026 20:40:11.280] [Render thread/INFO] [net.threetag.palladium.Palladium/]: Successfully generated documentation file: dynamic_textures.html
[15mai.2026 20:40:11.281] [Render thread/ERROR] [net.threetag.palladium.Palladium/]: No documentation entry overrides found for palladium:render_layers/palladium:render_layer
[15mai.2026 20:40:11.281] [Render thread/ERROR] [net.threetag.palladium.Palladium/]: No documentation entry hidden_model_parts found for palladium:render_layers/palladium:render_layer
[15mai.2026 20:40:11.281] [Render thread/ERROR] [net.threetag.palladium.Palladium/]: No documentation entry hidden_model_parts found for palladium:render_layers/palladium:compound
[15mai.2026 20:40:11.281] [Render thread/ERROR] [net.threetag.palladium.Palladium/]: No documentation entry hidden_model_parts found for palladium:render_layers/palladium:lightning_sparks
[15mai.2026 20:40:11.281] [Render thread/ERROR] [net.threetag.palladium.Palladium/]: No documentation entry hidden_model_parts found for palladium:render_layers/palladium:block_on_head
[15mai.2026 20:40:11.281] [Render thread/ERROR] [net.threetag.palladium.Palladium/]: No documentation entry hidden_model_parts found for palladium:render_layers/palladium:vibration
[15mai.2026 20:40:11.282] [Render thread/INFO] [net.threetag.palladium.Palladium/]: Successfully generated documentation file: render_layers.html
[15mai.2026 20:40:11.285] [Render thread/INFO] [net.threetag.palladium.Palladium/]: Successfully generated documentation file: beams.html
[15mai.2026 20:40:11.287] [Render thread/INFO] [net.threetag.palladium.Palladium/]: Successfully generated documentation file: trails.html
[15mai.2026 20:40:11.288] [Render thread/INFO] [net.threetag.palladium.Palladium/]: Successfully generated documentation file: layouts.html
[15mai.2026 20:40:11.289] [Render thread/INFO] [net.threetag.palladium.Palladium/]: Successfully generated documentation file: components.html
[15mai.2026 20:40:11.289] [Render thread/INFO] [net.threetag.palladium.Palladium/]: Successfully generated documentation file: backgrounds.html
[15mai.2026 20:40:11.296] [Render thread/ERROR] [net.threetag.palladium.Palladium/]: No documentation entry objective found for palladium:value_serializer/palladium:score
[15mai.2026 20:40:11.299] [Render thread/INFO] [net.threetag.palladium.Palladium/]: Successfully generated documentation file: value_serializer.html
[15mai.2026 20:40:11.302] [Render thread/ERROR] [net.threetag.palladium.Palladium/]: No documentation entry modifier found for palladium:ability_serializer/palladium:attribute_modifier
[15mai.2026 20:40:11.302] [Render thread/ERROR] [net.threetag.palladium.Palladium/]: No documentation entry modifiers found for palladium:ability_serializer/palladium:attribute_modifier
[15mai.2026 20:40:11.305] [Render thread/INFO] [net.threetag.palladium.Palladium/]: Successfully generated documentation file: ability_serializer.html
[15mai.2026 20:40:11.309] [Render thread/ERROR] [net.threetag.palladium.Palladium/]: No documentation entry molang found for palladium:condition_serializer/palladium:molang
[15mai.2026 20:40:11.311] [Render thread/ERROR] [net.threetag.palladium.Palladium/]: No documentation entry fallback found for palladium:condition_serializer/palladium:number_data_attachment
[15mai.2026 20:40:11.312] [Render thread/INFO] [net.threetag.palladium.Palladium/]: Successfully generated documentation file: condition_serializer.html
[15mai.2026 20:40:11.313] [Render thread/INFO] [net.threetag.palladium.Palladium/]: Successfully generated documentation file: flight_type_serializer.html
[15mai.2026 20:40:11.314] [Render thread/INFO] [net.threetag.palladium.Palladium/]: Successfully generated documentation file: icon_serializer.html
[15mai.2026 20:40:11.325] [Render thread/DEBUG] [mixin/]: Mixing perf.chunk_meshing.RebuildTaskMixin from modernfix-modernfix.mixins.json into net.minecraft.client.renderer.chunk.SectionCompiler
[15mai.2026 20:40:11.325] [Render thread/DEBUG] [mixin/]: modernfix-modernfix.mixins.json:perf.chunk_meshing.RebuildTaskMixin from mod modernfix: Class version 69 required is higher than the class version supported by the current version of Mixin (JAVA_21 supports class version 65)
[15mai.2026 20:40:11.325] [Render thread/DEBUG] [mixin/]: Renaming synthetic method lambda$fastBetweenClosed$0(Lnet/minecraft/core/BlockPos;)Ljava/util/Iterator; to md94a32b$modernfix$lambda$fastBetweenClosed$0$0 in modernfix-modernfix.mixins.json:perf.chunk_meshing.RebuildTaskMixin from mod modernfix
[15mai.2026 20:40:11.405] [Render thread/DEBUG] [mezz.jei.neoforge.startup.StartEventObserver/]: JEI StartEventObserver received event: class net.neoforged.neoforge.client.event.RecipesReceivedEvent
[15mai.2026 20:40:11.426] [Render thread/WARN] [net.minecraft.client.multiplayer.ClientPacketListener/]: Ignoring chat session from Dev due to missing Services public key
[15mai.2026 20:40:11.432] [Render thread/DEBUG] [mixin/]: Generating mapped inner class net/minecraft/world/level/BlockGetter$Anonymous$b8cf0743f18c361ab1c3839a14be0047 (originally net/caffeinemc/mods/lithium/mixin/world/raycast/BlockGetterMixin$1)
[15mai.2026 20:40:11.437] [Render thread/DEBUG] [mixin/]: Mixing entity.projectile_projectile_collisions.ProjectileUtilMixin from lithium.mixins.json into net.minecraft.world.entity.projectile.ProjectileUtil
[15mai.2026 20:40:11.437] [Render thread/DEBUG] [mixin/]: lithium.mixins.json:entity.projectile_projectile_collisions.ProjectileUtilMixin from mod lithium: Class version 69 required is higher than the class version supported by the current version of Mixin (JAVA_21 supports class version 65)
[15mai.2026 20:40:11.641] [Worker-Main-7/WARN] [net.threetag.palladium.Palladium/]: Was not able to read user's palladium data! (380df991-f603-344c-a090-369bad2a924a) Error while reading json: no player with that UUID
[15mai.2026 20:40:11.645] [Render thread/INFO] [snownee.jade.Jade/]: Received config from the server: {}
[15mai.2026 20:40:11.677] [Server thread/DEBUG] [mixin/]: Generating mapped inner class net/minecraft/world/level/entity/EntitySectionStorage$Anonymous$8bd463eeb1493ce79f3e2caef1941c86 (originally net/caffeinemc/mods/lithium/mixin/minimal_nonvanilla/spawning/EntitySectionStorageMixin$1)
[15mai.2026 20:40:11.725] [Server thread/DEBUG] [mixin/]: Mixing ai.task.memory_changes.MemorySlotMixin from lithium.mixins.json into net.minecraft.world.entity.ai.memory.MemorySlot
[15mai.2026 20:40:11.725] [Server thread/DEBUG] [mixin/]: lithium.mixins.json:ai.task.memory_changes.MemorySlotMixin from mod lithium: Class version 69 required is higher than the class version supported by the current version of Mixin (JAVA_21 supports class version 65)
[15mai.2026 20:40:11.725] [Server thread/DEBUG] [mixin/]: lithium.mixins.json:ai.task.memory_changes.MemorySlotMixin from mod lithium->@Inject::ensureConsistency(Ljava/lang/Object;JLorg/spongepowered/asm/mixin/injection/callback/CallbackInfo;)V doesn't use it's CallbackInfo
[15mai.2026 20:40:11.725] [Server thread/DEBUG] [mixin/]: lithium.mixins.json:ai.task.memory_changes.MemorySlotMixin from mod lithium->@Inject::ensureConsistency(Ljava/lang/Object;JLorg/spongepowered/asm/mixin/injection/callback/CallbackInfo;)V has 0 override(s) in child classes
[15mai.2026 20:40:11.725] [Server thread/DEBUG] [mixin/]: lithium.mixins.json:ai.task.memory_changes.MemorySlotMixin from mod lithium->@Inject::ensureConsistency(Ljava/lang/Object;JLorg/spongepowered/asm/mixin/injection/callback/CallbackInfo;)V won't be passed a CallbackInfo as a result
[15mai.2026 20:40:11.768] [Render thread/INFO] [net.minecraft.advancements.AdvancementTree/]: Loaded 3 advancements
[15mai.2026 20:40:11.777] [Server thread/INFO] [net.minecraft.client.server.IntegratedServer/]: Changing view distance to 8, from 10
[15mai.2026 20:40:11.782] [Server thread/INFO] [net.minecraft.client.server.IntegratedServer/]: Changing simulation distance to 6, from 0
[15mai.2026 20:40:11.785] [Render thread/DEBUG] [mixin/]: Mixing world.block_entity_ticking.sleeping.WrappedBlockEntityTickInvokerAccessor from lithium.mixins.json into net.minecraft.world.level.chunk.LevelChunk$RebindableTickingBlockEntityWrapper
[15mai.2026 20:40:11.785] [Render thread/DEBUG] [mixin/]: lithium.mixins.json:world.block_entity_ticking.sleeping.WrappedBlockEntityTickInvokerAccessor from mod lithium: Class version 69 required is higher than the class version supported by the current version of Mixin (JAVA_21 supports class version 65)
[15mai.2026 20:40:12.188] [Render thread/INFO] [net.minecraft.client.renderer.DynamicUniformStorage/]: Resizing Dynamic Transforms UBO, capacity limit of 2 reached during a single frame. New capacity will be 4.
[15mai.2026 20:40:12.235] [Render thread/DEBUG] [mixin/]: Mixing BrightnessGetterMixin from lambdynlights.mixins.json into net.minecraft.client.renderer.LevelRenderer$BrightnessGetter
[15mai.2026 20:40:12.282] [Render thread/INFO] [net.minecraft.client.renderer.DynamicUniformStorage/]: Resizing Dynamic Transforms UBO, capacity limit of 4 reached during a single frame. New capacity will be 8.
[15mai.2026 20:40:12.443] [Server thread/DEBUG] [mixin/]: Mixing util.chunk_access.PathNavigationRegionMixin from lithium.mixins.json into net.minecraft.world.level.PathNavigationRegion
[15mai.2026 20:40:12.443] [Server thread/DEBUG] [mixin/]: lithium.mixins.json:util.chunk_access.PathNavigationRegionMixin from mod lithium: Class version 69 required is higher than the class version supported by the current version of Mixin (JAVA_21 supports class version 65)
[15mai.2026 20:40:12.906] [Server thread/DEBUG] [mixin/]: Mixing minimal_nonvanilla.world.block_entity_ticking.support_cache.DirectBlockEntityTickInvokerMixin from lithium.mixins.json into net.minecraft.world.level.chunk.LevelChunk$BoundTickingBlockEntity
[15mai.2026 20:40:12.906] [Server thread/DEBUG] [mixin/]: lithium.mixins.json:minimal_nonvanilla.world.block_entity_ticking.support_cache.DirectBlockEntityTickInvokerMixin from mod lithium: Class version 69 required is higher than the class version supported by the current version of Mixin (JAVA_21 supports class version 65)
[15mai.2026 20:40:12.906] [Server thread/DEBUG] [mixin/]: Mixing world.block_entity_ticking.world_border.DirectBlockEntityTickInvokerMixin from lithium.mixins.json into net.minecraft.world.level.chunk.LevelChunk$BoundTickingBlockEntity
[15mai.2026 20:40:12.906] [Server thread/DEBUG] [mixin/]: lithium.mixins.json:world.block_entity_ticking.world_border.DirectBlockEntityTickInvokerMixin from mod lithium: Class version 69 required is higher than the class version supported by the current version of Mixin (JAVA_21 supports class version 65)
[15mai.2026 20:40:14.136] [Render thread/INFO] [net.minecraft.client.renderer.DynamicUniformStorage/]: Resizing Chunk Sections UBO, capacity limit of 2 reached during a single frame. New capacity will be 8.
[15mai.2026 20:40:14.194] [Server thread/DEBUG] [mixin/]: Mixing cached_hashcode.FlowingFluid$BlockStatePairKeyMixin from lithium.mixins.json into net.minecraft.world.level.material.FlowingFluid$BlockStatePairKey
[15mai.2026 20:40:14.194] [Server thread/DEBUG] [mixin/]: lithium.mixins.json:cached_hashcode.FlowingFluid$BlockStatePairKeyMixin from mod lithium: Class version 69 required is higher than the class version supported by the current version of Mixin (JAVA_21 supports class version 65)
[15mai.2026 20:40:14.196] [Server thread/DEBUG] [mixin/]: lithium.mixins.json:cached_hashcode.FlowingFluid$BlockStatePairKeyMixin from mod lithium->@Inject::generateHash(Lnet/minecraft/world/level/block/state/BlockState;Lnet/minecraft/world/level/block/state/BlockState;Lnet/minecraft/core/Direction;Lorg/spongepowered/asm/mixin/injection/callback/CallbackInfo;)V doesn't use it's CallbackInfo
[15mai.2026 20:40:14.515] [Render thread/INFO] [dynamic_fps/]: State changed from UNFOCUSED to FOCUSED.
[15mai.2026 20:40:14.543] [Render thread/INFO] [net.minecraft.client.renderer.DynamicUniformStorage/]: Resizing Chunk Sections UBO, capacity limit of 8 reached during a single frame. New capacity will be 16.
[15mai.2026 20:40:14.583] [Render thread/INFO] [net.minecraft.client.renderer.DynamicUniformStorage/]: Resizing Chunk Sections UBO, capacity limit of 16 reached during a single frame. New capacity will be 32.
[15mai.2026 20:40:14.653] [Render thread/INFO] [net.minecraft.client.renderer.DynamicUniformStorage/]: Resizing Chunk Sections UBO, capacity limit of 32 reached during a single frame. New capacity will be 64.
[15mai.2026 20:40:14.695] [Render thread/WARN] [ModernFix/]: Time from main menu to in-game was 11.432464 seconds
[15mai.2026 20:40:14.695] [Render thread/WARN] [ModernFix/]: Total time to load game and open world was 27.081463 seconds
[15mai.2026 20:40:15.338] [worldgen/DEBUG] [mixin/]: Mixing ai.task.memory_changes.BehaviorMixin from lithium.mixins.json into net.minecraft.world.entity.ai.behavior.Behavior
[15mai.2026 20:40:15.338] [worldgen/DEBUG] [mixin/]: lithium.mixins.json:ai.task.memory_changes.BehaviorMixin from mod lithium: Class version 69 required is higher than the class version supported by the current version of Mixin (JAVA_21 supports class version 65)
[15mai.2026 20:40:15.339] [worldgen/DEBUG] [mixin/]: lithium.mixins.json:ai.task.memory_changes.BehaviorMixin from mod lithium->@Inject::init(Ljava/util/Map;IILorg/spongepowered/asm/mixin/injection/callback/CallbackInfo;)V doesn't use it's CallbackInfo
[15mai.2026 20:40:15.339] [worldgen/DEBUG] [mixin/]: lithium.mixins.json:ai.task.memory_changes.BehaviorMixin from mod lithium->@Inject::init(Ljava/util/Map;IILorg/spongepowered/asm/mixin/injection/callback/CallbackInfo;)V has 0 override(s) in child classes
[15mai.2026 20:40:15.339] [worldgen/DEBUG] [mixin/]: lithium.mixins.json:ai.task.memory_changes.BehaviorMixin from mod lithium->@Inject::init(Ljava/util/Map;IILorg/spongepowered/asm/mixin/injection/callback/CallbackInfo;)V won't be passed a CallbackInfo as a result
[15mai.2026 20:40:15.372] [worldgen/DEBUG] [mixin/]: Mixing ai.task.replace_streams.GateBehaviorMixin from lithium.mixins.json into net.minecraft.world.entity.ai.behavior.GateBehavior
[15mai.2026 20:40:15.372] [worldgen/DEBUG] [mixin/]: lithium.mixins.json:ai.task.replace_streams.GateBehaviorMixin from mod lithium: Class version 69 required is higher than the class version supported by the current version of Mixin (JAVA_21 supports class version 65)
[15mai.2026 20:40:15.378] [Render thread/INFO] [net.minecraft.client.renderer.DynamicUniformStorage/]: Resizing Chunk Sections UBO, capacity limit of 64 reached during a single frame. New capacity will be 128.
[15mai.2026 20:40:15.384] [worldgen/DEBUG] [mixin/]: Mixing ai.task.replace_streams.ShufflingListMixin from lithium.mixins.json into net.minecraft.world.entity.ai.behavior.ShufflingList
[15mai.2026 20:40:15.384] [worldgen/DEBUG] [mixin/]: lithium.mixins.json:ai.task.replace_streams.ShufflingListMixin from mod lithium: Class version 69 required is higher than the class version supported by the current version of Mixin (JAVA_21 supports class version 65)
[15mai.2026 20:40:15.388] [worldgen/DEBUG] [mixin/]: Mixing ai.task.replace_streams.RunningPolicyRunOneMixin from lithium.mixins.json into net.minecraft.world.entity.ai.behavior.GateBehavior$RunningPolicy$1
[15mai.2026 20:40:15.388] [worldgen/DEBUG] [mixin/]: lithium.mixins.json:ai.task.replace_streams.RunningPolicyRunOneMixin from mod lithium: Class version 69 required is higher than the class version supported by the current version of Mixin (JAVA_21 supports class version 65)
[15mai.2026 20:40:15.389] [worldgen/DEBUG] [mixin/]: Mixing ai.task.replace_streams.RunningPolicyTryAllMixin from lithium.mixins.json into net.minecraft.world.entity.ai.behavior.GateBehavior$RunningPolicy$2
[15mai.2026 20:40:15.389] [worldgen/DEBUG] [mixin/]: lithium.mixins.json:ai.task.replace_streams.RunningPolicyTryAllMixin from mod lithium: Class version 69 required is higher than the class version supported by the current version of Mixin (JAVA_21 supports class version 65)
[15mai.2026 20:40:15.402] [worldgen/DEBUG] [mixin/]: Mixing ai.task.run.long_jump_weighted_choice.LongJumpToRandomPosMixin from lithium.mixins.json into net.minecraft.world.entity.ai.behavior.LongJumpToRandomPos
[15mai.2026 20:40:15.402] [worldgen/DEBUG] [mixin/]: lithium.mixins.json:ai.task.run.long_jump_weighted_choice.LongJumpToRandomPosMixin from mod lithium: Class version 69 required is higher than the class version supported by the current version of Mixin (JAVA_21 supports class version 65)
[15mai.2026 20:40:15.404] [worldgen/DEBUG] [mixin/]: lithium.mixins.json:ai.task.run.long_jump_weighted_choice.LongJumpToRandomPosMixin from mod lithium->@Inject::setTargets(Lnet/minecraft/server/level/ServerLevel;Lnet/minecraft/world/entity/Mob;JLorg/spongepowered/asm/mixin/injection/callback/CallbackInfo;)V does use it's CallbackInfo
[15mai.2026 20:40:15.965] [Render thread/INFO] [net.minecraft.client.renderer.DynamicUniformStorage/]: Resizing Dynamic Transforms UBO, capacity limit of 8 reached during a single frame. New capacity will be 16.
[15mai.2026 20:40:16.593] [Render thread/DEBUG] [mixin/]: Mixing CommandSuggestionSuggestionsListMixin from chat_heads.mixins.json into net.minecraft.client.gui.components.CommandSuggestions$SuggestionsList
[15mai.2026 20:40:16.596] [Render thread/DEBUG] [mixin/]: chat_heads.mixins.json:CommandSuggestionSuggestionsListMixin from mod chat_heads->@Inject::chatheads$fixOutOfBoundChatHeads(Lnet/minecraft/client/gui/components/CommandSuggestions;IIILjava/util/List;ZLorg/spongepowered/asm/mixin/injection/callback/CallbackInfo;)V doesn't use it's CallbackInfo
[15mai.2026 20:40:16.596] [Render thread/DEBUG] [mixin/]: chat_heads.mixins.json:CommandSuggestionSuggestionsListMixin from mod chat_heads->@Inject::chatheads$fixOutOfBoundChatHeads(Lnet/minecraft/client/gui/components/CommandSuggestions;IIILjava/util/List;ZLorg/spongepowered/asm/mixin/injection/callback/CallbackInfo;)V has 0 override(s) in child classes
[15mai.2026 20:40:16.596] [Render thread/DEBUG] [mixin/]: chat_heads.mixins.json:CommandSuggestionSuggestionsListMixin from mod chat_heads->@Inject::chatheads$fixOutOfBoundChatHeads(Lnet/minecraft/client/gui/components/CommandSuggestions;IIILjava/util/List;ZLorg/spongepowered/asm/mixin/injection/callback/CallbackInfo;)V won't be passed a CallbackInfo as a result
[15mai.2026 20:40:17.044] [Render thread/INFO] [net.minecraft.client.renderer.DynamicUniformStorage/]: Resizing Chunk Sections UBO, capacity limit of 128 reached during a single frame. New capacity will be 256.
[15mai.2026 20:40:21.275] [Render thread/INFO] [net.minecraft.client.renderer.DynamicUniformStorage/]: Resizing Chunk Sections UBO, capacity limit of 256 reached during a single frame. New capacity will be 512.
[15mai.2026 20:40:23.418] [Server thread/INFO] [net.minecraft.server.MinecraftServer/]: [Dev: Dev has gained the superpower Boogie Woogie]
[15mai.2026 20:40:23.434] [Render thread/INFO] [net.minecraft.client.gui.components.ChatComponent/]: [System] [CHAT] [Dev head]Dev has gained the superpower Boogie Woogie
[15mai.2026 20:40:23.440] [Render thread/DEBUG] [mixin/]: Mixing GuiMessageLineMixin from chat_heads.mixins.json into net.minecraft.client.multiplayer.chat.GuiMessage$Line
[15mai.2026 20:40:23.441] [Render thread/DEBUG] [mixin/]: chat_heads.mixins.json:GuiMessageLineMixin from mod chat_heads->@Inject::chatheads$setOwnerForFirstLine(Lorg/spongepowered/asm/mixin/injection/callback/CallbackInfo;)V doesn't use it's CallbackInfo
[15mai.2026 20:40:23.446] [Render thread/DEBUG] [mixin/]: Mixing ChatComponentInnerMixin from chat_heads.mixins.json into net.minecraft.client.gui.components.ChatComponent$1
[15mai.2026 20:40:23.447] [Render thread/DEBUG] [mixin/]: Renaming synthetic method lambda$chatheads$undoTagIconOffset$0(Lcom/llamalad7/mixinextras/sugar/ref/LocalIntRef;Lorg/joml/Matrix3x2f;)V to md94a32b$chat_heads$lambda$chatheads$undoTagIconOffset$0$0 in chat_heads.mixins.json:ChatComponentInnerMixin from mod chat_heads
[15mai.2026 20:40:23.447] [Render thread/DEBUG] [mixin/]: Renaming synthetic method lambda$chatheads$offsetTagIcon$0(Lcom/llamalad7/mixinextras/sugar/ref/LocalIntRef;Lorg/joml/Matrix3x2f;)V to md94a32b$chat_heads$lambda$chatheads$offsetTagIcon$0$1 in chat_heads.mixins.json:ChatComponentInnerMixin from mod chat_heads
[15mai.2026 20:40:23.447] [Render thread/DEBUG] [mixin/]: Renaming synthetic method lambda$chatheads$undoChatMessageOffset$0(Lcom/llamalad7/mixinextras/sugar/ref/LocalIntRef;Lorg/joml/Matrix3x2f;)V to md94a32b$chat_heads$lambda$chatheads$undoChatMessageOffset$0$2 in chat_heads.mixins.json:ChatComponentInnerMixin from mod chat_heads
[15mai.2026 20:40:23.447] [Render thread/DEBUG] [mixin/]: Renaming synthetic method lambda$chatheads$renderChatHeadAndOffsetChatMessage$0(Lcom/llamalad7/mixinextras/sugar/ref/LocalIntRef;Lorg/joml/Matrix3x2f;)V to md94a32b$chat_heads$lambda$chatheads$renderChatHeadAndOffsetChatMessage$0$3 in chat_heads.mixins.json:ChatComponentInnerMixin from mod chat_heads
[15mai.2026 20:40:23.448] [Render thread/DEBUG] [mixin/]: ArgsClassGenerator assigning org.spongepowered.asm.synthetic.args.Args$1 for descriptor (IFLnet/minecraft/util/FormattedCharSequence;)V
[15mai.2026 20:40:23.449] [Render thread/DEBUG] [mixin/]: chat_heads.mixins.json:ChatComponentInnerMixin from mod chat_heads->@Inject::chatheads$undoChatMessageOffset(Lorg/spongepowered/asm/mixin/injection/callback/CallbackInfo;)V doesn't use it's CallbackInfo
[15mai.2026 20:40:23.449] [Render thread/DEBUG] [mixin/]: chat_heads.mixins.json:ChatComponentInnerMixin from mod chat_heads->@Inject::chatheads$undoChatMessageOffset(Lorg/spongepowered/asm/mixin/injection/callback/CallbackInfo;)V has 0 override(s) in child classes
[15mai.2026 20:40:23.449] [Render thread/DEBUG] [mixin/]: chat_heads.mixins.json:ChatComponentInnerMixin from mod chat_heads->@Inject::chatheads$undoChatMessageOffset(Lorg/spongepowered/asm/mixin/injection/callback/CallbackInfo;)V won't be passed a CallbackInfo as a result
[15mai.2026 20:40:23.449] [Render thread/DEBUG] [mixin/]: chat_heads.mixins.json:ChatComponentInnerMixin from mod chat_heads->@Inject::chatheads$offsetTagIcon(Lorg/spongepowered/asm/mixin/injection/callback/CallbackInfo;)V doesn't use it's CallbackInfo
[15mai.2026 20:40:23.449] [Render thread/DEBUG] [mixin/]: chat_heads.mixins.json:ChatComponentInnerMixin from mod chat_heads->@Inject::chatheads$offsetTagIcon(Lorg/spongepowered/asm/mixin/injection/callback/CallbackInfo;)V has 0 override(s) in child classes
[15mai.2026 20:40:23.449] [Render thread/DEBUG] [mixin/]: chat_heads.mixins.json:ChatComponentInnerMixin from mod chat_heads->@Inject::chatheads$offsetTagIcon(Lorg/spongepowered/asm/mixin/injection/callback/CallbackInfo;)V won't be passed a CallbackInfo as a result
[15mai.2026 20:40:23.449] [Render thread/DEBUG] [mixin/]: chat_heads.mixins.json:ChatComponentInnerMixin from mod chat_heads->@Inject::chatheads$undoTagIconOffset(Lorg/spongepowered/asm/mixin/injection/callback/CallbackInfo;)V doesn't use it's CallbackInfo
[15mai.2026 20:40:23.449] [Render thread/DEBUG] [mixin/]: chat_heads.mixins.json:ChatComponentInnerMixin from mod chat_heads->@Inject::chatheads$undoTagIconOffset(Lorg/spongepowered/asm/mixin/injection/callback/CallbackInfo;)V has 0 override(s) in child classes
[15mai.2026 20:40:23.449] [Render thread/DEBUG] [mixin/]: chat_heads.mixins.json:ChatComponentInnerMixin from mod chat_heads->@Inject::chatheads$undoTagIconOffset(Lorg/spongepowered/asm/mixin/injection/callback/CallbackInfo;)V won't be passed a CallbackInfo as a result
[15mai.2026 20:40:23.453] [Render thread/DEBUG] [mixin/]: Mixing PlayerGlyphProviderInstanceMixin from chat_heads.mixins.json into net.minecraft.client.gui.font.PlayerGlyphProvider$Instance
[15mai.2026 20:40:30.587] [Render thread/INFO] [dynamic_fps/]: State changed from FOCUSED to UNFOCUSED.
[15mai.2026 20:40:36.559] [Render thread/INFO] [dynamic_fps/]: State changed from UNFOCUSED to FOCUSED.
[15mai.2026 20:40:38.694] [Server thread/DEBUG] [Lithium/]: Loaded net.caffeinemc.mods.lithium.neoforge.NeoForgeModCompat@14f008a0 for service interface net.caffeinemc.mods.lithium.common.services.PlatformModCompat
[15mai.2026 20:40:39.220] [Render thread/INFO] [dynamic_fps/]: State changed from FOCUSED to HOVERED.
[15mai.2026 20:40:39.285] [Render thread/INFO] [dynamic_fps/]: State changed from HOVERED to UNFOCUSED.
[15mai.2026 20:40:39.732] [Server thread/INFO] [net.minecraft.client.server.IntegratedServer/]: Saving and pausing game...
[15mai.2026 20:40:39.755] [Server thread/INFO] [net.minecraft.server.MinecraftServer/]: Saving chunks for level 'ServerLevel[New World]'/minecraft:overworld
[15mai.2026 20:40:39.780] [Server thread/INFO] [net.minecraft.server.MinecraftServer/]: Saving chunks for level 'ServerLevel[New World]'/minecraft:the_nether
[15mai.2026 20:40:39.783] [Server thread/INFO] [net.minecraft.server.MinecraftServer/]: Saving chunks for level 'ServerLevel[New World]'/minecraft:the_end
[15mai.2026 20:40:39.784] [Server thread/DEBUG] [net.neoforged.neoforge.common.CommonHooks/WP]: Gathered mod list to write to world save New World
[15mai.2026 20:41:01.825] [Worker-ResourceReload-5/DEBUG] [ModernFix/]: Worker-ResourceReload-5 shutdown
[15mai.2026 20:41:01.846] [Worker-ResourceReload-1/DEBUG] [ModernFix/]: Worker-ResourceReload-1 shutdown
[15mai.2026 20:41:01.866] [Worker-ResourceReload-10/DEBUG] [ModernFix/]: Worker-ResourceReload-10 shutdown
[15mai.2026 20:41:01.887] [Worker-ResourceReload-8/DEBUG] [ModernFix/]: Worker-ResourceReload-8 shutdown
[15mai.2026 20:41:01.907] [Worker-ResourceReload-11/DEBUG] [ModernFix/]: Worker-ResourceReload-11 shutdown
[15mai.2026 20:41:01.927] [Worker-ResourceReload-12/DEBUG] [ModernFix/]: Worker-ResourceReload-12 shutdown
[15mai.2026 20:41:01.948] [Worker-ResourceReload-9/DEBUG] [ModernFix/]: Worker-ResourceReload-9 shutdown
[15mai.2026 20:41:01.969] [Worker-ResourceReload-7/DEBUG] [ModernFix/]: Worker-ResourceReload-7 shutdown
[15mai.2026 20:41:01.989] [Worker-ResourceReload-3/DEBUG] [ModernFix/]: Worker-ResourceReload-3 shutdown
[15mai.2026 20:41:02.011] [Worker-ResourceReload-2/DEBUG] [ModernFix/]: Worker-ResourceReload-2 shutdown
[15mai.2026 20:41:02.032] [Worker-ResourceReload-13/DEBUG] [ModernFix/]: Worker-ResourceReload-13 shutdown
[15mai.2026 20:41:02.052] [Worker-ResourceReload-14/DEBUG] [ModernFix/]: Worker-ResourceReload-14 shutdown
[15mai.2026 20:41:02.073] [Worker-ResourceReload-6/DEBUG] [ModernFix/]: Worker-ResourceReload-6 shutdown
[15mai.2026 20:41:02.093] [Worker-ResourceReload-0/DEBUG] [ModernFix/]: Worker-ResourceReload-0 shutdown
[15mai.2026 20:41:02.114] [Worker-ResourceReload-4/DEBUG] [ModernFix/]: Worker-ResourceReload-4 shutdown
[15mai.2026 20:41:05.076] [Render thread/INFO] [dynamic_fps/]: State changed from UNFOCUSED to FOCUSED.
[15mai.2026 20:41:06.217] [Render thread/INFO] [net.minecraft.client.gui.components.ChatComponent/]: [System] [CHAT] [Debug]: Reloaded resource packs
[15mai.2026 20:41:06.251] [Render thread/INFO] [net.minecraft.server.packs.resources.ReloadableResourceManager/]: Reloading ResourceManager: vanilla, mod_resources, mod/lambdynlights, mod/ce, mod/yumi_mc_core, mod/terrablender, mod/mousetweaks, mod/immediatelyfast, mod/lambdynlights_api, mod/jade, mod/ferritecore, mod/jei, mod/dynamic_fps, mod/lithium, mod/chat_heads, mod/player_animation_library, mod/badoptimizations, mod/pride, mod/palladium, mod/clumps, mod/neoforge, mod/modernfix, mod/spruceui, mod/dynamic_fps_common
[15mai.2026 20:41:06.543] [resourceLoad/INFO] [net.minecraft.client.gui.font.providers.UnihexProvider/]: Found unifont_all_no_pua-17.0.01.hex, loading
[15mai.2026 20:41:06.606] [resourceLoad/ERROR] [net.minecraft.server.packs.resources.SimpleJsonResourceReloadListener/]: Couldn't parse data file 'ce:divine_dog' from 'ce:palladium/render_layers/divine_dog.json': DataResult.Error['Failed to parse either. First: No key hidden_model_parts in MapLike[{"type":"palladium:compound","layers":[{"type":"palladium:render_layer","texture":"ce:textures/entity/black_divine_dog.png","state":{"enabling":[{"type":"palladium:has_tag","tag":"black_divine_dog"},{"type":"palladium:not","conditions":{"type":"palladium:has_tag","tag":"white_divine_dog"}}]}},{"type":"palladium:render_layer","texture":"ce:textures/entity/white_divine_dog.png","state":{"enabling":[{"type":"palladium:has_tag","tag":"white_divine_dog"},{"type":"palladium:not","conditions":{"type":"palladium:has_tag","tag":"black_divine_dog"}}]}}]}]; Failed to parse either. First: No key hidden_model_parts in MapLike[{"type":"palladium:render_layer","texture":"ce:textures/entity/white_divine_dog.png","state":{"enabling":[{"type":"palladium:has_tag","tag":"white_divine_dog"},{"type":"palladium:not","conditions":{"type":"palladium:has_tag","tag":"black_divine_dog"}}]}}]; Second: No key hidden_model_parts in MapLike[{"type":"palladium:render_layer","texture":"ce:textures/entity/white_divine_dog.png","state":{"enabling":[{"type":"palladium:has_tag","tag":"white_divine_dog"},{"type":"palladium:not","conditions":{"type":"palladium:has_tag","tag":"black_divine_dog"}}]}}]; Failed to parse either. First: No key hidden_model_parts in MapLike[{"type":"palladium:render_layer","texture":"ce:textures/entity/black_divine_dog.png","state":{"enabling":[{"type":"palladium:has_tag","tag":"black_divine_dog"},{"type":"palladium:not","conditions":{"type":"palladium:has_tag","tag":"white_divine_dog"}}]}}]; Second: No key hidden_model_parts in MapLike[{"type":"palladium:render_layer","texture":"ce:textures/entity/black_divine_dog.png","state":{"enabling":[{"type":"palladium:has_tag","tag":"black_divine_dog"},{"type":"palladium:not","conditions":{"type":"palladium:has_tag","tag":"white_divine_dog"}}]}}]; Second: No key hidden_model_parts in MapLike[{"type":"palladium:compound","layers":[{"type":"palladium:render_layer","texture":"ce:textures/entity/black_divine_dog.png","state":{"enabling":[{"type":"palladium:has_tag","tag":"black_divine_dog"},{"type":"palladium:not","conditions":{"type":"palladium:has_tag","tag":"white_divine_dog"}}]}},{"type":"palladium:render_layer","texture":"ce:textures/entity/white_divine_dog.png","state":{"enabling":[{"type":"palladium:has_tag","tag":"white_divine_dog"},{"type":"palladium:not","conditions":{"type":"palladium:has_tag","tag":"black_divine_dog"}}]}}]}]; No key texture in MapLike[{"type":"palladium:compound","layers":[{"type":"palladium:render_layer","texture":"ce:textures/entity/black_divine_dog.png","state":{"enabling":[{"type":"palladium:has_tag","tag":"black_divine_dog"},{"type":"palladium:not","conditions":{"type":"palladium:has_tag","tag":"white_divine_dog"}}]}},{"type":"palladium:render_layer","texture":"ce:textures/entity/white_divine_dog.png","state":{"enabling":[{"type":"palladium:has_tag","tag":"white_divine_dog"},{"type":"palladium:not","conditions":{"type":"palladium:has_tag","tag":"black_divine_dog"}}]}}]}]']
[15mai.2026 20:41:06.664] [resourceLoad/ERROR] [player_animation_library/]: Player Animation Library failed to load animation ce:player_animations/clap.json because:
net.minecraft.IdentifierException: Non [a-z0-9/._-] character in path of location: ce:dap _hold
	at TRANSFORMER/minecraft@26.1.2/net.minecraft.resources.Identifier.assertValidPath(Identifier.java:270) ~[minecraft-patched-26.1.2.55-beta.jar:?]
	at TRANSFORMER/minecraft@26.1.2/net.minecraft.resources.Identifier.createUntrusted(Identifier.java:38) ~[minecraft-patched-26.1.2.55-beta.jar:?]
	at TRANSFORMER/minecraft@26.1.2/net.minecraft.resources.Identifier.fromNamespaceAndPath(Identifier.java:42) ~[minecraft-patched-26.1.2.55-beta.jar:?]
	at TRANSFORMER/player_animation_library@1.2.3+mc.26.1/com.zigythebird.playeranim.animation.PlayerAnimResources.onResourceManagerReload(PlayerAnimResources.java:90) ~[PlayerAnimationLibMerged-1.2.3+mc.26.1.jar:?]
	at TRANSFORMER/player_animation_library@1.2.3+mc.26.1/com.zigythebird.playeranim.animation.PlayerAnimResources.lambda$reload$0(PlayerAnimResources.java:101) ~[PlayerAnimationLibMerged-1.2.3+mc.26.1.jar:?]
	at java.base/java.util.concurrent.CompletableFuture$AsyncRun.run(CompletableFuture.java:1825) ~[?:?]
	at TRANSFORMER/minecraft@26.1.2/net.minecraft.server.packs.resources.SimpleReloadInstance.lambda$prepareTasks$1(SimpleReloadInstance.java:68) ~[minecraft-patched-26.1.2.55-beta.jar:?]
	at TRANSFORMER/minecraft@26.1.2/net.minecraft.TracingExecutor.lambda$forName$1(TracingExecutor.java:18) ~[minecraft-patched-26.1.2.55-beta.jar:?]
	at java.base/java.util.concurrent.ForkJoinTask$RunnableExecuteAction.compute(ForkJoinTask.java:1750) [?:?]
	at java.base/java.util.concurrent.ForkJoinTask$RunnableExecuteAction.compute(ForkJoinTask.java:1742) [?:?]
	at java.base/java.util.concurrent.ForkJoinTask$InterruptibleTask.exec(ForkJoinTask.java:1659) [?:?]
	at java.base/java.util.concurrent.ForkJoinTask.doExec(ForkJoinTask.java:511) [?:?]
	at java.base/java.util.concurrent.ForkJoinPool$WorkQueue.topLevelExec(ForkJoinPool.java:1450) [?:?]
	at java.base/java.util.concurrent.ForkJoinPool.runWorker(ForkJoinPool.java:2019) [?:?]
	at java.base/java.util.concurrent.ForkJoinWorkerThread.run(ForkJoinWorkerThread.java:187) [?:?]
[15mai.2026 20:41:06.710] [resourceLoad/INFO] [net.minecraft.client.gui.font.providers.UnihexProvider/]: Found unifont_pua-17.0.01.hex, loading
[15mai.2026 20:41:06.881] [Server thread/INFO] [net.minecraft.client.server.IntegratedServer/]: Saving and pausing game...
[15mai.2026 20:41:07.063] [resourceLoad/INFO] [net.minecraft.client.gui.font.providers.UnihexProvider/]: Found unifont_jp_patch-17.0.01.hex, loading
[15mai.2026 20:41:07.271] [Server thread/INFO] [net.minecraft.server.MinecraftServer/]: Saving chunks for level 'ServerLevel[New World]'/minecraft:overworld
[15mai.2026 20:41:07.596] [Server thread/INFO] [net.minecraft.server.MinecraftServer/]: Saving chunks for level 'ServerLevel[New World]'/minecraft:the_nether
[15mai.2026 20:41:07.597] [Server thread/INFO] [net.minecraft.server.MinecraftServer/]: Saving chunks for level 'ServerLevel[New World]'/minecraft:the_end
[15mai.2026 20:41:07.598] [Server thread/DEBUG] [net.neoforged.neoforge.common.CommonHooks/WP]: Gathered mod list to write to world save New World
[15mai.2026 20:41:07.757] [Render thread/WARN] [com.mojang.blaze3d.opengl.GlProgram/]: palladium:add shader program does not use sampler Sampler0 defined in the pipeline. This might be a bug.
[15mai.2026 20:41:07.758] [Render thread/WARN] [com.mojang.blaze3d.opengl.GlProgram/]: palladium:add shader program does not use sampler Sampler2 defined in the pipeline. This might be a bug.
[15mai.2026 20:41:07.827] [Render thread/INFO] [com.mojang.blaze3d.audio.Library/]: OpenAL initialized on device OpenAL Soft on Alto-falantes (High Definition Audio Device)
[15mai.2026 20:41:07.827] [Render thread/INFO] [net.minecraft.client.sounds.SoundEngine/SOUNDS]: Sound engine started
[15mai.2026 20:41:07.829] [Render thread/INFO] [net.minecraft.client.renderer.texture.TextureAtlas/]: Created: 512x256x0 minecraft:textures/atlas/particles.png-atlas
[15mai.2026 20:41:07.849] [Render thread/INFO] [net.minecraft.client.renderer.texture.TextureAtlas/]: Created: 128x128x0 minecraft:textures/atlas/decorated_pot.png-atlas
[15mai.2026 20:41:07.851] [Render thread/INFO] [net.minecraft.client.renderer.texture.TextureAtlas/]: Created: 2048x1024x0 minecraft:textures/atlas/armor_trims.png-atlas
[15mai.2026 20:41:07.861] [Render thread/INFO] [net.minecraft.client.renderer.texture.TextureAtlas/]: Created: 512x256x0 minecraft:textures/atlas/paintings.png-atlas
[15mai.2026 20:41:07.862] [Render thread/INFO] [net.minecraft.client.renderer.texture.TextureAtlas/]: Created: 1024x512x0 minecraft:textures/atlas/shield_patterns.png-atlas
[15mai.2026 20:41:07.864] [Render thread/INFO] [net.minecraft.client.renderer.texture.TextureAtlas/]: Created: 2048x2048x4 minecraft:textures/atlas/blocks.png-atlas
[15mai.2026 20:41:07.913] [Render thread/INFO] [net.minecraft.client.renderer.texture.TextureAtlas/]: Created: 512x512x0 minecraft:textures/atlas/chest.png-atlas
[15mai.2026 20:41:07.914] [Render thread/INFO] [net.minecraft.client.renderer.texture.TextureAtlas/]: Created: 256x128x0 minecraft:textures/atlas/celestials.png-atlas
[15mai.2026 20:41:07.918] [Render thread/INFO] [net.minecraft.client.renderer.texture.TextureAtlas/]: Created: 1024x512x0 minecraft:textures/atlas/banner_patterns.png-atlas
[15mai.2026 20:41:07.927] [Render thread/INFO] [net.minecraft.client.renderer.texture.TextureAtlas/]: Created: 512x512x0 minecraft:textures/atlas/beds.png-atlas
[15mai.2026 20:41:07.932] [Render thread/INFO] [net.minecraft.client.renderer.texture.TextureAtlas/]: Created: 1024x512x0 minecraft:textures/atlas/items.png-atlas
[15mai.2026 20:41:07.995] [Render thread/INFO] [net.minecraft.client.renderer.texture.TextureAtlas/]: Created: 1024x1024x0 minecraft:textures/atlas/gui.png-atlas
[15mai.2026 20:41:08.024] [Render thread/INFO] [net.minecraft.client.renderer.texture.TextureAtlas/]: Created: 128x64x0 minecraft:textures/atlas/map_decorations.png-atlas
[15mai.2026 20:41:08.025] [Render thread/INFO] [net.minecraft.client.renderer.texture.TextureAtlas/]: Created: 512x256x0 minecraft:textures/atlas/signs.png-atlas
[15mai.2026 20:41:08.028] [Render thread/INFO] [net.minecraft.client.renderer.texture.TextureAtlas/]: Created: 512x512x0 minecraft:textures/atlas/shulker_boxes.png-atlas
[15mai.2026 20:41:08.264] [Render thread/INFO] [net.threetag.palladium.Palladium/]: Loaded 1 model layers
[15mai.2026 20:41:08.266] [Render thread/INFO] [net.threetag.palladium.Palladium/]: Loaded 0 dynamic textures
[15mai.2026 20:41:08.267] [Render thread/INFO] [net.threetag.palladium.Palladium/]: Loaded 1 render layers
[15mai.2026 20:41:08.269] [Render thread/INFO] [net.neoforged.neoforge.client.entity.animation.json.AnimationLoader/]: Loaded 0 entity animations
[15mai.2026 20:41:08.303] [Render thread/INFO] [net.minecraft.client.renderer.texture.TextureAtlas/]: Created: 256x256x0 jei:textures/atlas/gui.png-atlas
[15mai.2026 20:41:08.305] [Render thread/INFO] [net.threetag.palladium.Palladium/]: Loaded 2 animation controllers
[15mai.2026 20:41:08.305] [Render thread/INFO] [net.threetag.palladium.Palladium/]: Loaded 0 particle emitters
[15mai.2026 20:41:08.305] [Render thread/INFO] [net.threetag.palladium.Palladium/]: Loaded 2 beams
[15mai.2026 20:41:08.306] [Render thread/INFO] [net.threetag.palladium.Palladium/]: Loaded 1 trails
[15mai.2026 20:41:08.307] [Render thread/INFO] [net.threetag.palladium.Palladium/]: Loaded 1 screens
[15mai.2026 20:41:13.432] [Server thread/INFO] [net.minecraft.client.server.IntegratedServer/]: Saving and pausing game...
[15mai.2026 20:41:13.454] [Server thread/INFO] [net.minecraft.server.MinecraftServer/]: Saving chunks for level 'ServerLevel[New World]'/minecraft:overworld
[15mai.2026 20:41:13.477] [Server thread/INFO] [net.minecraft.server.MinecraftServer/]: Saving chunks for level 'ServerLevel[New World]'/minecraft:the_nether
[15mai.2026 20:41:13.477] [Server thread/INFO] [net.minecraft.server.MinecraftServer/]: Saving chunks for level 'ServerLevel[New World]'/minecraft:the_end
[15mai.2026 20:41:13.478] [Server thread/DEBUG] [net.neoforged.neoforge.common.CommonHooks/WP]: Gathered mod list to write to world save New World
[15mai.2026 20:41:13.751] [Render thread/DEBUG] [mezz.jei.neoforge.startup.StartEventObserver/]: JEI StartEventObserver received event: class net.neoforged.neoforge.client.event.ClientPlayerNetworkEvent$LoggingOut
[15mai.2026 20:41:13.751] [Render thread/DEBUG] [mezz.jei.neoforge.startup.StartEventObserver/]: JEI StartEventObserver transitioning state from LISTENING to LISTENING
[15mai.2026 20:41:13.784] [Server thread/INFO] [net.minecraft.server.MinecraftServer/]: Stopping server
[15mai.2026 20:41:13.784] [Server thread/INFO] [net.minecraft.server.MinecraftServer/]: Saving players
[15mai.2026 20:41:13.799] [Server thread/INFO] [net.minecraft.server.network.ServerGamePacketListenerImpl/]: Dev lost connection: Disconnected
[15mai.2026 20:41:13.800] [Server thread/INFO] [net.minecraft.server.MinecraftServer/]: Dev left the game
[15mai.2026 20:41:13.817] [Server thread/INFO] [net.minecraft.server.network.ServerCommonPacketListenerImpl/]: Stopping singleplayer server as player logged out
[15mai.2026 20:41:13.817] [Server thread/INFO] [net.minecraft.server.MinecraftServer/]: Saving worlds
[15mai.2026 20:41:14.001] [Server thread/INFO] [net.minecraft.server.MinecraftServer/]: Saving chunks for level 'ServerLevel[New World]'/minecraft:overworld
[15mai.2026 20:41:14.875] [Server thread/INFO] [net.minecraft.server.MinecraftServer/]: Saving chunks for level 'ServerLevel[New World]'/minecraft:the_nether
[15mai.2026 20:41:14.892] [Server thread/INFO] [net.minecraft.server.MinecraftServer/]: Saving chunks for level 'ServerLevel[New World]'/minecraft:the_end
[15mai.2026 20:41:14.907] [Server thread/DEBUG] [net.neoforged.neoforge.common.CommonHooks/WP]: Gathered mod list to write to world save New World
[15mai.2026 20:41:14.915] [Server thread/INFO] [net.minecraft.server.MinecraftServer/]: ThreadedAnvilChunkStorage (world): All chunks are saved
[15mai.2026 20:41:14.916] [Server thread/INFO] [net.minecraft.server.MinecraftServer/]: ThreadedAnvilChunkStorage (DIM-1): All chunks are saved
[15mai.2026 20:41:14.916] [Server thread/INFO] [net.minecraft.server.MinecraftServer/]: ThreadedAnvilChunkStorage (DIM1): All chunks are saved
[15mai.2026 20:41:14.916] [Server thread/INFO] [net.minecraft.server.MinecraftServer/]: ThreadedAnvilChunkStorage: All dimensions are saved
[15mai.2026 20:41:15.056] [Server thread/DEBUG] [net.neoforged.fml.config.ConfigTracker/CONFIG]: Unloading configs type SERVER
[15mai.2026 20:41:15.402] [Render thread/DEBUG] [net.neoforged.fml.classloading.transformation.ClassTransformStatistics/]: Transformed/total loaded classes: 992/13099 (7,57%) and 1206 parsed for mixin
[15mai.2026 20:41:15.418] [Render thread/INFO] [net.minecraft.client.Minecraft/]: Stopping!
